[2026-04-18 11:11:21,819] ERROR plantae_api HTTP 401 | UNAUTHORIZED | View: PlantViewSet | Path: /api/v1/plants/
[2026-04-18 13:16:41,570] ERROR plantae_api HTTP 401 | UNAUTHORIZED | View: PlantViewSet | Path: /api/v1/plants/
[2026-04-18 17:53:42,983] ERROR plantae_api HTTP 401 | UNAUTHORIZED | View: PlantListView | Path: /api/v1/plants/
[2026-04-18 17:55:21,386] ERROR plantae_api HTTP 405 | METHOD_NOT_ALLOWED | View: register_view | Path: /api/v1/auth/register/
[2026-04-18 18:33:42,008] ERROR plantae_api HTTP 401 | UNAUTHORIZED | View: PlantListView | Path: /api/v1/plants/
[2026-04-18 18:36:42,972] ERROR plantae_api HTTP 401 | UNAUTHORIZED | View: plant_list_view | Path: /api/v1/plants/
[2026-04-18 18:36:42,972] ERROR plantae_api HTTP 401 | UNAUTHORIZED | View: plant_list_view | Path: /api/v1/plants/
[2026-04-18 18:36:43,000] ERROR plantae_api HTTP 401 | UNAUTHORIZED | View: plant_list_view | Path: /api/v1/plants/
[2026-04-18 18:36:43,001] ERROR plantae_api HTTP 401 | UNAUTHORIZED | View: plant_list_view | Path: /api/v1/plants/
[2026-04-18 18:36:43,031] ERROR plantae_api HTTP 401 | UNAUTHORIZED | View: plant_list_view | Path: /api/v1/plants/
[2026-04-18 18:36:43,032] ERROR plantae_api HTTP 401 | UNAUTHORIZED | View: plant_list_view | Path: /api/v1/plants/
[2026-04-18 18:36:43,063] ERROR plantae_api HTTP 401 | UNAUTHORIZED | View: plant_list_view | Path: /api/v1/plants/
[2026-04-18 18:36:43,066] ERROR plantae_api HTTP 401 | UNAUTHORIZED | View: plant_list_view | Path: /api/v1/plants/
[2026-04-18 18:36:43,098] ERROR plantae_api HTTP 401 | UNAUTHORIZED | View: plant_list_view | Path: /api/v1/plants/
[2026-04-18 18:36:43,098] ERROR plantae_api HTTP 401 | UNAUTHORIZED | View: plant_list_view | Path: /api/v1/plants/
[2026-04-18 18:36:43,133] ERROR plantae_api HTTP 401 | UNAUTHORIZED | View: plant_list_view | Path: /api/v1/plants/
[2026-04-18 18:36:43,133] ERROR plantae_api HTTP 401 | UNAUTHORIZED | View: plant_list_view | Path: /api/v1/plants/
[2026-04-18 18:36:43,165] ERROR plantae_api HTTP 401 | UNAUTHORIZED | View: plant_list_view | Path: /api/v1/plants/
[2026-04-18 18:36:43,165] ERROR plantae_api HTTP 401 | UNAUTHORIZED | View: plant_list_view | Path: /api/v1/plants/
[2026-04-18 18:36:43,199] ERROR plantae_api HTTP 401 | UNAUTHORIZED | View: plant_list_view | Path: /api/v1/plants/
[2026-04-18 18:36:43,199] ERROR plantae_api HTTP 401 | UNAUTHORIZED | View: plant_list_view | Path: /api/v1/plants/
[2026-04-18 18:36:43,233] ERROR plantae_api HTTP 401 | UNAUTHORIZED | View: plant_list_view | Path: /api/v1/plants/
[2026-04-18 18:36:43,233] ERROR plantae_api HTTP 401 | UNAUTHORIZED | View: plant_list_view | Path: /api/v1/plants/
[2026-04-18 18:36:43,265] ERROR plantae_api HTTP 401 | UNAUTHORIZED | View: plant_list_view | Path: /api/v1/plants/
[2026-04-18 18:36:43,266] ERROR plantae_api HTTP 401 | UNAUTHORIZED | View: plant_list_view | Path: /api/v1/plants/
[2026-04-18 18:36:43,297] ERROR plantae_api HTTP 401 | UNAUTHORIZED | View: plant_list_view | Path: /api/v1/plants/
[2026-04-18 18:36:43,298] ERROR plantae_api HTTP 401 | UNAUTHORIZED | View: plant_list_view | Path: /api/v1/plants/
[2026-04-18 18:36:43,314] ERROR plantae_api HTTP 401 | UNAUTHORIZED | View: plant_list_view | Path: /api/v1/plants/
[2026-04-18 18:36:43,314] ERROR plantae_api HTTP 401 | UNAUTHORIZED | View: plant_list_view | Path: /api/v1/plants/
[2026-04-18 18:36:43,330] ERROR plantae_api HTTP 401 | UNAUTHORIZED | View: plant_list_view | Path: /api/v1/plants/
[2026-04-18 18:36:43,330] ERROR plantae_api HTTP 401 | UNAUTHORIZED | View: plant_list_view | Path: /api/v1/plants/
[2026-04-18 18:36:43,347] ERROR plantae_api HTTP 401 | UNAUTHORIZED | View: plant_list_view | Path: /api/v1/plants/
[2026-04-18 18:36:43,347] ERROR plantae_api HTTP 401 | UNAUTHORIZED | View: plant_list_view | Path: /api/v1/plants/
[2026-04-18 18:36:43,365] ERROR plantae_api HTTP 401 | UNAUTHORIZED | View: plant_list_view | Path: /api/v1/plants/
[2026-04-18 18:36:43,365] ERROR plantae_api HTTP 401 | UNAUTHORIZED | View: plant_list_view | Path: /api/v1/plants/
[2026-04-18 18:36:43,380] ERROR plantae_api HTTP 401 | UNAUTHORIZED | View: plant_list_view | Path: /api/v1/plants/
[2026-04-18 18:36:43,381] ERROR plantae_api HTTP 401 | UNAUTHORIZED | View: plant_list_view | Path: /api/v1/plants/
[2026-04-18 18:36:43,397] ERROR plantae_api HTTP 401 | UNAUTHORIZED | View: plant_list_view | Path: /api/v1/plants/
[2026-04-18 18:36:43,397] ERROR plantae_api HTTP 401 | UNAUTHORIZED | View: plant_list_view | Path: /api/v1/plants/
[2026-04-18 18:36:43,413] ERROR plantae_api HTTP 401 | UNAUTHORIZED | View: plant_list_view | Path: /api/v1/plants/
[2026-04-18 18:36:43,414] ERROR plantae_api HTTP 401 | UNAUTHORIZED | View: plant_list_view | Path: /api/v1/plants/
[2026-04-18 18:36:43,430] ERROR plantae_api HTTP 401 | UNAUTHORIZED | View: plant_list_view | Path: /api/v1/plants/
[2026-04-18 18:36:43,431] ERROR plantae_api HTTP 401 | UNAUTHORIZED | View: plant_list_view | Path: /api/v1/plants/
[2026-04-18 18:36:43,447] ERROR plantae_api HTTP 401 | UNAUTHORIZED | View: plant_list_view | Path: /api/v1/plants/
[2026-04-18 18:36:43,448] ERROR plantae_api HTTP 401 | UNAUTHORIZED | View: plant_list_view | Path: /api/v1/plants/
[2026-04-18 18:36:43,465] ERROR plantae_api HTTP 401 | UNAUTHORIZED | View: plant_list_view | Path: /api/v1/plants/
[2026-04-18 18:36:43,465] ERROR plantae_api HTTP 401 | UNAUTHORIZED | View: plant_list_view | Path: /api/v1/plants/
[2026-04-18 18:36:43,480] ERROR plantae_api HTTP 401 | UNAUTHORIZED | View: plant_list_view | Path: /api/v1/plants/
[2026-04-18 18:36:43,481] ERROR plantae_api HTTP 401 | UNAUTHORIZED | View: plant_list_view | Path: /api/v1/plants/
[2026-04-18 18:36:43,497] ERROR plantae_api HTTP 401 | UNAUTHORIZED | View: plant_list_view | Path: /api/v1/plants/
[2026-04-18 18:36:43,497] ERROR plantae_api HTTP 401 | UNAUTHORIZED | View: plant_list_view | Path: /api/v1/plants/
[2026-04-18 18:36:43,515] ERROR plantae_api HTTP 401 | UNAUTHORIZED | View: plant_list_view | Path: /api/v1/plants/
[2026-04-18 18:36:43,515] ERROR plantae_api HTTP 401 | UNAUTHORIZED | View: plant_list_view | Path: /api/v1/plants/
[2026-04-18 18:36:43,529] ERROR plantae_api HTTP 401 | UNAUTHORIZED | View: plant_list_view | Path: /api/v1/plants/
[2026-04-18 18:36:43,530] ERROR plantae_api HTTP 401 | UNAUTHORIZED | View: plant_list_view | Path: /api/v1/plants/
[2026-04-18 18:36:43,547] ERROR plantae_api HTTP 401 | UNAUTHORIZED | View: plant_list_view | Path: /api/v1/plants/
[2026-04-18 18:36:43,547] ERROR plantae_api HTTP 401 | UNAUTHORIZED | View: plant_list_view | Path: /api/v1/plants/
[2026-04-18 18:36:43,563] ERROR plantae_api HTTP 401 | UNAUTHORIZED | View: plant_list_view | Path: /api/v1/plants/
[2026-04-18 18:36:43,564] ERROR plantae_api HTTP 401 | UNAUTHORIZED | View: plant_list_view | Path: /api/v1/plants/
[2026-04-18 18:36:43,580] ERROR plantae_api HTTP 401 | UNAUTHORIZED | View: plant_list_view | Path: /api/v1/plants/
[2026-04-18 18:36:43,581] ERROR plantae_api HTTP 401 | UNAUTHORIZED | View: plant_list_view | Path: /api/v1/plants/
[2026-04-18 18:36:43,597] ERROR plantae_api HTTP 401 | UNAUTHORIZED | View: plant_list_view | Path: /api/v1/plants/
[2026-04-18 18:36:43,598] ERROR plantae_api HTTP 401 | UNAUTHORIZED | View: plant_list_view | Path: /api/v1/plants/
[2026-04-18 18:36:43,614] ERROR plantae_api HTTP 401 | UNAUTHORIZED | View: plant_list_view | Path: /api/v1/plants/
[2026-04-18 18:36:43,614] ERROR plantae_api HTTP 401 | UNAUTHORIZED | View: plant_list_view | Path: /api/v1/plants/
[2026-04-18 18:36:43,630] ERROR plantae_api HTTP 401 | UNAUTHORIZED | View: plant_list_view | Path: /api/v1/plants/
[2026-04-18 18:36:43,630] ERROR plantae_api HTTP 401 | UNAUTHORIZED | View: plant_list_view | Path: /api/v1/plants/
[2026-04-18 18:36:43,648] ERROR plantae_api HTTP 401 | UNAUTHORIZED | View: plant_list_view | Path: /api/v1/plants/
[2026-04-18 18:36:43,648] ERROR plantae_api HTTP 401 | UNAUTHORIZED | View: plant_list_view | Path: /api/v1/plants/
[2026-04-18 18:36:43,664] ERROR plantae_api HTTP 401 | UNAUTHORIZED | View: plant_list_view | Path: /api/v1/plants/
[2026-04-18 18:36:43,664] ERROR plantae_api HTTP 401 | UNAUTHORIZED | View: plant_list_view | Path: /api/v1/plants/
[2026-04-18 18:36:43,681] ERROR plantae_api HTTP 401 | UNAUTHORIZED | View: plant_list_view | Path: /api/v1/plants/
[2026-04-18 18:36:43,681] ERROR plantae_api HTTP 401 | UNAUTHORIZED | View: plant_list_view | Path: /api/v1/plants/
[2026-04-18 18:36:43,698] ERROR plantae_api HTTP 401 | UNAUTHORIZED | View: plant_list_view | Path: /api/v1/plants/
[2026-04-18 18:36:43,698] ERROR plantae_api HTTP 401 | UNAUTHORIZED | View: plant_list_view | Path: /api/v1/plants/
[2026-04-18 18:36:43,714] ERROR plantae_api HTTP 401 | UNAUTHORIZED | View: plant_list_view | Path: /api/v1/plants/
[2026-04-18 18:36:43,714] ERROR plantae_api HTTP 401 | UNAUTHORIZED | View: plant_list_view | Path: /api/v1/plants/
[2026-04-18 18:36:43,731] ERROR plantae_api HTTP 401 | UNAUTHORIZED | View: plant_list_view | Path: /api/v1/plants/
[2026-04-18 18:36:43,731] ERROR plantae_api HTTP 401 | UNAUTHORIZED | View: plant_list_view | Path: /api/v1/plants/
[2026-04-18 18:36:43,748] ERROR plantae_api HTTP 401 | UNAUTHORIZED | View: plant_list_view | Path: /api/v1/plants/
[2026-04-18 18:36:43,748] ERROR plantae_api HTTP 401 | UNAUTHORIZED | View: plant_list_view | Path: /api/v1/plants/
[2026-04-18 18:36:43,764] ERROR plantae_api HTTP 401 | UNAUTHORIZED | View: plant_list_view | Path: /api/v1/plants/
[2026-04-18 18:36:43,764] ERROR plantae_api HTTP 401 | UNAUTHORIZED | View: plant_list_view | Path: /api/v1/plants/
[2026-04-18 18:36:43,781] ERROR plantae_api HTTP 401 | UNAUTHORIZED | View: plant_list_view | Path: /api/v1/plants/
[2026-04-18 18:36:43,781] ERROR plantae_api HTTP 401 | UNAUTHORIZED | View: plant_list_view | Path: /api/v1/plants/
[2026-04-18 18:36:43,799] ERROR plantae_api HTTP 401 | UNAUTHORIZED | View: plant_list_view | Path: /api/v1/plants/
[2026-04-18 18:36:43,799] ERROR plantae_api HTTP 401 | UNAUTHORIZED | View: plant_list_view | Path: /api/v1/plants/
[2026-04-18 18:36:43,814] ERROR plantae_api HTTP 401 | UNAUTHORIZED | View: plant_list_view | Path: /api/v1/plants/
[2026-04-18 18:36:43,815] ERROR plantae_api HTTP 401 | UNAUTHORIZED | View: plant_list_view | Path: /api/v1/plants/
[2026-04-18 18:36:43,831] ERROR plantae_api HTTP 401 | UNAUTHORIZED | View: plant_list_view | Path: /api/v1/plants/
[2026-04-18 18:36:43,831] ERROR plantae_api HTTP 401 | UNAUTHORIZED | View: plant_list_view | Path: /api/v1/plants/
[2026-04-18 18:36:43,848] ERROR plantae_api HTTP 401 | UNAUTHORIZED | View: plant_list_view | Path: /api/v1/plants/
[2026-04-18 18:36:43,849] ERROR plantae_api HTTP 401 | UNAUTHORIZED | View: plant_list_view | Path: /api/v1/plants/
[2026-04-18 18:36:43,865] ERROR plantae_api HTTP 401 | UNAUTHORIZED | View: plant_list_view | Path: /api/v1/plants/
[2026-04-18 18:36:43,865] ERROR plantae_api HTTP 401 | UNAUTHORIZED | View: plant_list_view | Path: /api/v1/plants/
[2026-04-18 18:36:43,881] ERROR plantae_api HTTP 401 | UNAUTHORIZED | View: plant_list_view | Path: /api/v1/plants/
[2026-04-18 18:36:43,882] ERROR plantae_api HTTP 401 | UNAUTHORIZED | View: plant_list_view | Path: /api/v1/plants/
[2026-04-18 18:36:43,897] ERROR plantae_api HTTP 401 | UNAUTHORIZED | View: plant_list_view | Path: /api/v1/plants/
[2026-04-18 18:36:43,898] ERROR plantae_api HTTP 401 | UNAUTHORIZED | View: plant_list_view | Path: /api/v1/plants/
[2026-04-18 18:36:43,915] ERROR plantae_api HTTP 401 | UNAUTHORIZED | View: plant_list_view | Path: /api/v1/plants/
[2026-04-18 18:36:43,915] ERROR plantae_api HTTP 401 | UNAUTHORIZED | View: plant_list_view | Path: /api/v1/plants/
[2026-04-18 18:36:43,931] ERROR plantae_api HTTP 401 | UNAUTHORIZED | View: plant_list_view | Path: /api/v1/plants/
[2026-04-18 18:36:43,931] ERROR plantae_api HTTP 401 | UNAUTHORIZED | View: plant_list_view | Path: /api/v1/plants/
[2026-04-18 18:36:43,948] ERROR plantae_api HTTP 401 | UNAUTHORIZED | View: plant_list_view | Path: /api/v1/plants/
[2026-04-18 18:36:43,949] ERROR plantae_api HTTP 401 | UNAUTHORIZED | View: plant_list_view | Path: /api/v1/plants/
[2026-04-18 18:36:43,965] ERROR plantae_api HTTP 401 | UNAUTHORIZED | View: plant_list_view | Path: /api/v1/plants/
[2026-04-18 18:36:43,965] ERROR plantae_api HTTP 401 | UNAUTHORIZED | View: plant_list_view | Path: /api/v1/plants/
[2026-04-18 18:36:43,981] ERROR plantae_api HTTP 401 | UNAUTHORIZED | View: plant_list_view | Path: /api/v1/plants/
[2026-04-18 18:36:43,982] ERROR plantae_api HTTP 401 | UNAUTHORIZED | View: plant_list_view | Path: /api/v1/plants/
[2026-04-18 18:36:43,998] ERROR plantae_api HTTP 401 | UNAUTHORIZED | View: plant_list_view | Path: /api/v1/plants/
[2026-04-18 18:36:43,998] ERROR plantae_api HTTP 401 | UNAUTHORIZED | View: plant_list_view | Path: /api/v1/plants/
[2026-04-18 18:36:44,014] ERROR plantae_api HTTP 401 | UNAUTHORIZED | View: plant_list_view | Path: /api/v1/plants/
[2026-04-18 18:36:44,014] ERROR plantae_api HTTP 401 | UNAUTHORIZED | View: plant_list_view | Path: /api/v1/plants/
[2026-04-18 18:36:44,032] ERROR plantae_api HTTP 401 | UNAUTHORIZED | View: plant_list_view | Path: /api/v1/plants/
[2026-04-18 18:36:44,032] ERROR plantae_api HTTP 401 | UNAUTHORIZED | View: plant_list_view | Path: /api/v1/plants/
[2026-04-18 18:36:44,048] ERROR plantae_api HTTP 401 | UNAUTHORIZED | View: plant_list_view | Path: /api/v1/plants/
[2026-04-18 18:36:44,049] ERROR plantae_api HTTP 401 | UNAUTHORIZED | View: plant_list_view | Path: /api/v1/plants/
[2026-04-18 18:36:44,064] ERROR plantae_api HTTP 401 | UNAUTHORIZED | View: plant_list_view | Path: /api/v1/plants/
[2026-04-18 18:36:44,065] ERROR plantae_api HTTP 401 | UNAUTHORIZED | View: plant_list_view | Path: /api/v1/plants/
[2026-04-18 18:36:44,082] ERROR plantae_api HTTP 401 | UNAUTHORIZED | View: plant_list_view | Path: /api/v1/plants/
[2026-04-18 18:36:44,082] ERROR plantae_api HTTP 401 | UNAUTHORIZED | View: plant_list_view | Path: /api/v1/plants/
[2026-04-18 18:36:44,098] ERROR plantae_api HTTP 401 | UNAUTHORIZED | View: plant_list_view | Path: /api/v1/plants/
[2026-04-18 18:36:44,099] ERROR plantae_api HTTP 401 | UNAUTHORIZED | View: plant_list_view | Path: /api/v1/plants/
[2026-04-18 18:36:44,115] ERROR plantae_api HTTP 401 | UNAUTHORIZED | View: plant_list_view | Path: /api/v1/plants/
[2026-04-18 18:36:44,115] ERROR plantae_api HTTP 401 | UNAUTHORIZED | View: plant_list_view | Path: /api/v1/plants/
[2026-04-18 18:36:44,132] ERROR plantae_api HTTP 401 | UNAUTHORIZED | View: plant_list_view | Path: /api/v1/plants/
[2026-04-18 18:36:44,133] ERROR plantae_api HTTP 401 | UNAUTHORIZED | View: plant_list_view | Path: /api/v1/plants/
[2026-04-18 18:36:44,148] ERROR plantae_api HTTP 401 | UNAUTHORIZED | View: plant_list_view | Path: /api/v1/plants/
[2026-04-18 18:36:44,149] ERROR plantae_api HTTP 401 | UNAUTHORIZED | View: plant_list_view | Path: /api/v1/plants/
[2026-04-18 18:36:44,165] ERROR plantae_api HTTP 401 | UNAUTHORIZED | View: plant_list_view | Path: /api/v1/plants/
[2026-04-18 18:36:44,165] ERROR plantae_api HTTP 401 | UNAUTHORIZED | View: plant_list_view | Path: /api/v1/plants/
[2026-04-18 18:36:44,183] ERROR plantae_api HTTP 401 | UNAUTHORIZED | View: plant_list_view | Path: /api/v1/plants/
[2026-04-18 18:36:44,183] ERROR plantae_api HTTP 401 | UNAUTHORIZED | View: plant_list_view | Path: /api/v1/plants/
[2026-04-18 18:36:44,198] ERROR plantae_api HTTP 401 | UNAUTHORIZED | View: plant_list_view | Path: /api/v1/plants/
[2026-04-18 18:36:44,198] ERROR plantae_api HTTP 401 | UNAUTHORIZED | View: plant_list_view | Path: /api/v1/plants/
[2026-04-18 18:36:44,215] ERROR plantae_api HTTP 401 | UNAUTHORIZED | View: plant_list_view | Path: /api/v1/plants/
[2026-04-18 18:36:44,217] ERROR plantae_api HTTP 401 | UNAUTHORIZED | View: plant_list_view | Path: /api/v1/plants/
[2026-04-18 18:36:44,232] ERROR plantae_api HTTP 401 | UNAUTHORIZED | View: plant_list_view | Path: /api/v1/plants/
[2026-04-18 18:36:44,233] ERROR plantae_api HTTP 401 | UNAUTHORIZED | View: plant_list_view | Path: /api/v1/plants/
[2026-04-18 18:36:44,248] ERROR plantae_api HTTP 401 | UNAUTHORIZED | View: plant_list_view | Path: /api/v1/plants/
[2026-04-18 18:36:44,249] ERROR plantae_api HTTP 401 | UNAUTHORIZED | View: plant_list_view | Path: /api/v1/plants/
[2026-04-18 18:36:44,266] ERROR plantae_api HTTP 401 | UNAUTHORIZED | View: plant_list_view | Path: /api/v1/plants/
[2026-04-18 18:36:44,266] ERROR plantae_api HTTP 401 | UNAUTHORIZED | View: plant_list_view | Path: /api/v1/plants/
[2026-04-18 18:36:44,283] ERROR plantae_api HTTP 401 | UNAUTHORIZED | View: plant_list_view | Path: /api/v1/plants/
[2026-04-18 18:36:44,283] ERROR plantae_api HTTP 401 | UNAUTHORIZED | View: plant_list_view | Path: /api/v1/plants/
[2026-04-18 18:36:44,298] ERROR plantae_api HTTP 401 | UNAUTHORIZED | View: plant_list_view | Path: /api/v1/plants/
[2026-04-18 18:36:44,299] ERROR plantae_api HTTP 401 | UNAUTHORIZED | View: plant_list_view | Path: /api/v1/plants/
[2026-04-18 18:36:44,316] ERROR plantae_api HTTP 401 | UNAUTHORIZED | View: plant_list_view | Path: /api/v1/plants/
[2026-04-18 18:36:44,316] ERROR plantae_api HTTP 401 | UNAUTHORIZED | View: plant_list_view | Path: /api/v1/plants/
[2026-04-18 18:36:44,332] ERROR plantae_api HTTP 401 | UNAUTHORIZED | View: plant_list_view | Path: /api/v1/plants/
[2026-04-18 18:36:44,333] ERROR plantae_api HTTP 401 | UNAUTHORIZED | View: plant_list_view | Path: /api/v1/plants/
[2026-04-18 18:36:44,349] ERROR plantae_api HTTP 401 | UNAUTHORIZED | View: plant_list_view | Path: /api/v1/plants/
[2026-04-18 18:36:44,349] ERROR plantae_api HTTP 401 | UNAUTHORIZED | View: plant_list_view | Path: /api/v1/plants/
[2026-04-18 18:36:44,366] ERROR plantae_api HTTP 401 | UNAUTHORIZED | View: plant_list_view | Path: /api/v1/plants/
[2026-04-18 18:36:44,366] ERROR plantae_api HTTP 401 | UNAUTHORIZED | View: plant_list_view | Path: /api/v1/plants/
[2026-04-18 18:36:44,382] ERROR plantae_api HTTP 401 | UNAUTHORIZED | View: plant_list_view | Path: /api/v1/plants/
[2026-04-18 18:36:44,383] ERROR plantae_api HTTP 401 | UNAUTHORIZED | View: plant_list_view | Path: /api/v1/plants/
[2026-04-18 18:36:44,398] ERROR plantae_api HTTP 401 | UNAUTHORIZED | View: plant_list_view | Path: /api/v1/plants/
[2026-04-18 18:36:44,399] ERROR plantae_api HTTP 401 | UNAUTHORIZED | View: plant_list_view | Path: /api/v1/plants/
[2026-04-18 18:36:44,415] ERROR plantae_api HTTP 401 | UNAUTHORIZED | View: plant_list_view | Path: /api/v1/plants/
[2026-04-18 18:36:44,417] ERROR plantae_api HTTP 401 | UNAUTHORIZED | View: plant_list_view | Path: /api/v1/plants/
[2026-04-18 18:36:44,432] ERROR plantae_api HTTP 401 | UNAUTHORIZED | View: plant_list_view | Path: /api/v1/plants/
[2026-04-18 18:36:44,432] ERROR plantae_api HTTP 401 | UNAUTHORIZED | View: plant_list_view | Path: /api/v1/plants/
[2026-04-18 18:36:44,449] ERROR plantae_api HTTP 401 | UNAUTHORIZED | View: plant_list_view | Path: /api/v1/plants/
[2026-04-18 18:36:44,450] ERROR plantae_api HTTP 401 | UNAUTHORIZED | View: plant_list_view | Path: /api/v1/plants/
[2026-04-18 18:36:44,467] ERROR plantae_api HTTP 401 | UNAUTHORIZED | View: plant_list_view | Path: /api/v1/plants/
[2026-04-18 18:36:44,467] ERROR plantae_api HTTP 401 | UNAUTHORIZED | View: plant_list_view | Path: /api/v1/plants/
[2026-04-18 18:36:44,482] ERROR plantae_api HTTP 401 | UNAUTHORIZED | View: plant_list_view | Path: /api/v1/plants/
[2026-04-18 18:36:44,482] ERROR plantae_api HTTP 401 | UNAUTHORIZED | View: plant_list_view | Path: /api/v1/plants/
[2026-04-18 18:36:44,499] ERROR plantae_api HTTP 401 | UNAUTHORIZED | View: plant_list_view | Path: /api/v1/plants/
[2026-04-18 18:36:44,500] ERROR plantae_api HTTP 401 | UNAUTHORIZED | View: plant_list_view | Path: /api/v1/plants/
[2026-04-18 18:36:44,515] ERROR plantae_api HTTP 401 | UNAUTHORIZED | View: plant_list_view | Path: /api/v1/plants/
[2026-04-18 18:36:44,515] ERROR plantae_api HTTP 401 | UNAUTHORIZED | View: plant_list_view | Path: /api/v1/plants/
[2026-04-18 18:36:44,532] ERROR plantae_api HTTP 401 | UNAUTHORIZED | View: plant_list_view | Path: /api/v1/plants/
[2026-04-18 18:36:44,533] ERROR plantae_api HTTP 401 | UNAUTHORIZED | View: plant_list_view | Path: /api/v1/plants/
[2026-04-18 18:36:44,549] ERROR plantae_api HTTP 401 | UNAUTHORIZED | View: plant_list_view | Path: /api/v1/plants/
[2026-04-18 18:36:44,549] ERROR plantae_api HTTP 401 | UNAUTHORIZED | View: plant_list_view | Path: /api/v1/plants/
[2026-04-18 18:36:44,567] ERROR plantae_api HTTP 401 | UNAUTHORIZED | View: plant_list_view | Path: /api/v1/plants/
[2026-04-18 18:36:44,567] ERROR plantae_api HTTP 401 | UNAUTHORIZED | View: plant_list_view | Path: /api/v1/plants/
[2026-04-18 18:36:44,582] ERROR plantae_api HTTP 401 | UNAUTHORIZED | View: plant_list_view | Path: /api/v1/plants/
[2026-04-18 18:36:44,583] ERROR plantae_api HTTP 401 | UNAUTHORIZED | View: plant_list_view | Path: /api/v1/plants/
[2026-04-18 18:36:44,600] ERROR plantae_api HTTP 401 | UNAUTHORIZED | View: plant_list_view | Path: /api/v1/plants/
[2026-04-18 18:36:44,600] ERROR plantae_api HTTP 401 | UNAUTHORIZED | View: plant_list_view | Path: /api/v1/plants/
[2026-04-18 18:36:44,616] ERROR plantae_api HTTP 401 | UNAUTHORIZED | View: plant_list_view | Path: /api/v1/plants/
[2026-04-18 18:36:44,617] ERROR plantae_api HTTP 401 | UNAUTHORIZED | View: plant_list_view | Path: /api/v1/plants/
[2026-04-18 18:36:44,633] ERROR plantae_api HTTP 401 | UNAUTHORIZED | View: plant_list_view | Path: /api/v1/plants/
[2026-04-18 18:36:44,634] ERROR plantae_api HTTP 401 | UNAUTHORIZED | View: plant_list_view | Path: /api/v1/plants/
[2026-04-18 18:36:44,649] ERROR plantae_api HTTP 401 | UNAUTHORIZED | View: plant_list_view | Path: /api/v1/plants/
[2026-04-18 18:36:44,649] ERROR plantae_api HTTP 401 | UNAUTHORIZED | View: plant_list_view | Path: /api/v1/plants/
[2026-04-18 18:36:44,667] ERROR plantae_api HTTP 401 | UNAUTHORIZED | View: plant_list_view | Path: /api/v1/plants/
[2026-04-18 18:36:44,667] ERROR plantae_api HTTP 401 | UNAUTHORIZED | View: plant_list_view | Path: /api/v1/plants/
[2026-04-18 18:36:44,682] ERROR plantae_api HTTP 401 | UNAUTHORIZED | View: plant_list_view | Path: /api/v1/plants/
[2026-04-18 18:36:44,683] ERROR plantae_api HTTP 401 | UNAUTHORIZED | View: plant_list_view | Path: /api/v1/plants/
[2026-04-18 18:36:44,699] ERROR plantae_api HTTP 401 | UNAUTHORIZED | View: plant_list_view | Path: /api/v1/plants/
[2026-04-18 18:36:44,699] ERROR plantae_api HTTP 401 | UNAUTHORIZED | View: plant_list_view | Path: /api/v1/plants/
[2026-04-18 18:36:44,717] ERROR plantae_api HTTP 401 | UNAUTHORIZED | View: plant_list_view | Path: /api/v1/plants/
[2026-04-18 18:36:44,717] ERROR plantae_api HTTP 401 | UNAUTHORIZED | View: plant_list_view | Path: /api/v1/plants/
[2026-04-18 18:36:44,733] ERROR plantae_api HTTP 401 | UNAUTHORIZED | View: plant_list_view | Path: /api/v1/plants/
[2026-04-18 18:36:44,733] ERROR plantae_api HTTP 401 | UNAUTHORIZED | View: plant_list_view | Path: /api/v1/plants/
[2026-04-18 18:36:44,750] ERROR plantae_api HTTP 401 | UNAUTHORIZED | View: plant_list_view | Path: /api/v1/plants/
[2026-04-18 18:36:44,750] ERROR plantae_api HTTP 401 | UNAUTHORIZED | View: plant_list_view | Path: /api/v1/plants/
[2026-04-18 18:36:44,767] ERROR plantae_api HTTP 401 | UNAUTHORIZED | View: plant_list_view | Path: /api/v1/plants/
[2026-04-18 18:36:44,767] ERROR plantae_api HTTP 401 | UNAUTHORIZED | View: plant_list_view | Path: /api/v1/plants/
[2026-04-18 18:36:44,782] ERROR plantae_api HTTP 401 | UNAUTHORIZED | View: plant_list_view | Path: /api/v1/plants/
[2026-04-18 18:36:44,783] ERROR plantae_api HTTP 401 | UNAUTHORIZED | View: plant_list_view | Path: /api/v1/plants/
[2026-04-18 18:36:44,798] ERROR plantae_api HTTP 401 | UNAUTHORIZED | View: plant_list_view | Path: /api/v1/plants/
[2026-04-18 18:36:44,799] ERROR plantae_api HTTP 401 | UNAUTHORIZED | View: plant_list_view | Path: /api/v1/plants/
[2026-04-18 18:36:44,816] ERROR plantae_api HTTP 401 | UNAUTHORIZED | View: plant_list_view | Path: /api/v1/plants/
[2026-04-18 18:36:44,817] ERROR plantae_api HTTP 401 | UNAUTHORIZED | View: plant_list_view | Path: /api/v1/plants/
[2026-04-18 18:36:44,833] ERROR plantae_api HTTP 401 | UNAUTHORIZED | View: plant_list_view | Path: /api/v1/plants/
[2026-04-18 18:36:44,834] ERROR plantae_api HTTP 401 | UNAUTHORIZED | View: plant_list_view | Path: /api/v1/plants/
[2026-04-18 18:36:44,850] ERROR plantae_api HTTP 401 | UNAUTHORIZED | View: plant_list_view | Path: /api/v1/plants/
[2026-04-18 18:36:44,851] ERROR plantae_api HTTP 401 | UNAUTHORIZED | View: plant_list_view | Path: /api/v1/plants/
[2026-04-18 18:36:44,867] ERROR plantae_api HTTP 401 | UNAUTHORIZED | View: plant_list_view | Path: /api/v1/plants/
[2026-04-18 18:36:44,867] ERROR plantae_api HTTP 401 | UNAUTHORIZED | View: plant_list_view | Path: /api/v1/plants/
[2026-04-18 18:36:44,883] ERROR plantae_api HTTP 401 | UNAUTHORIZED | View: plant_list_view | Path: /api/v1/plants/
[2026-04-18 18:36:44,884] ERROR plantae_api HTTP 401 | UNAUTHORIZED | View: plant_list_view | Path: /api/v1/plants/
[2026-04-18 18:36:44,901] ERROR plantae_api HTTP 401 | UNAUTHORIZED | View: plant_list_view | Path: /api/v1/plants/
[2026-04-18 18:36:44,901] ERROR plantae_api HTTP 401 | UNAUTHORIZED | View: plant_list_view | Path: /api/v1/plants/
[2026-04-18 18:36:44,916] ERROR plantae_api HTTP 401 | UNAUTHORIZED | View: plant_list_view | Path: /api/v1/plants/
[2026-04-18 18:36:44,917] ERROR plantae_api HTTP 401 | UNAUTHORIZED | View: plant_list_view | Path: /api/v1/plants/
[2026-04-18 18:36:44,933] ERROR plantae_api HTTP 401 | UNAUTHORIZED | View: plant_list_view | Path: /api/v1/plants/
[2026-04-18 18:36:44,933] ERROR plantae_api HTTP 401 | UNAUTHORIZED | View: plant_list_view | Path: /api/v1/plants/
[2026-04-18 18:36:44,951] ERROR plantae_api HTTP 401 | UNAUTHORIZED | View: plant_list_view | Path: /api/v1/plants/
[2026-04-18 18:36:44,951] ERROR plantae_api HTTP 401 | UNAUTHORIZED | View: plant_list_view | Path: /api/v1/plants/
[2026-04-18 18:36:44,967] ERROR plantae_api HTTP 401 | UNAUTHORIZED | View: plant_list_view | Path: /api/v1/plants/
[2026-04-18 18:36:44,967] ERROR plantae_api HTTP 401 | UNAUTHORIZED | View: plant_list_view | Path: /api/v1/plants/
[2026-04-18 18:36:44,983] ERROR plantae_api HTTP 401 | UNAUTHORIZED | View: plant_list_view | Path: /api/v1/plants/
[2026-04-18 18:36:44,983] ERROR plantae_api HTTP 401 | UNAUTHORIZED | View: plant_list_view | Path: /api/v1/plants/
[2026-04-18 18:36:45,001] ERROR plantae_api HTTP 401 | UNAUTHORIZED | View: plant_list_view | Path: /api/v1/plants/
[2026-04-18 18:36:45,001] ERROR plantae_api HTTP 401 | UNAUTHORIZED | View: plant_list_view | Path: /api/v1/plants/
[2026-04-18 18:36:45,017] ERROR plantae_api HTTP 401 | UNAUTHORIZED | View: plant_list_view | Path: /api/v1/plants/
[2026-04-18 18:36:45,018] ERROR plantae_api HTTP 401 | UNAUTHORIZED | View: plant_list_view | Path: /api/v1/plants/
[2026-04-18 18:36:45,033] ERROR plantae_api HTTP 401 | UNAUTHORIZED | View: plant_list_view | Path: /api/v1/plants/
[2026-04-18 18:36:45,034] ERROR plantae_api HTTP 401 | UNAUTHORIZED | View: plant_list_view | Path: /api/v1/plants/
[2026-04-18 18:36:45,051] ERROR plantae_api HTTP 401 | UNAUTHORIZED | View: plant_list_view | Path: /api/v1/plants/
[2026-04-18 18:36:45,051] ERROR plantae_api HTTP 401 | UNAUTHORIZED | View: plant_list_view | Path: /api/v1/plants/
[2026-04-18 18:36:45,067] ERROR plantae_api HTTP 401 | UNAUTHORIZED | View: plant_list_view | Path: /api/v1/plants/
[2026-04-18 18:36:45,067] ERROR plantae_api HTTP 401 | UNAUTHORIZED | View: plant_list_view | Path: /api/v1/plants/
[2026-04-18 18:36:45,083] ERROR plantae_api HTTP 401 | UNAUTHORIZED | View: plant_list_view | Path: /api/v1/plants/
[2026-04-18 18:36:45,083] ERROR plantae_api HTTP 401 | UNAUTHORIZED | View: plant_list_view | Path: /api/v1/plants/
[2026-04-18 18:36:45,101] ERROR plantae_api HTTP 401 | UNAUTHORIZED | View: plant_list_view | Path: /api/v1/plants/
[2026-04-18 18:36:45,101] ERROR plantae_api HTTP 401 | UNAUTHORIZED | View: plant_list_view | Path: /api/v1/plants/
[2026-04-18 18:36:45,117] ERROR plantae_api HTTP 401 | UNAUTHORIZED | View: plant_list_view | Path: /api/v1/plants/
[2026-04-18 18:36:45,118] ERROR plantae_api HTTP 401 | UNAUTHORIZED | View: plant_list_view | Path: /api/v1/plants/
[2026-04-18 18:36:45,133] ERROR plantae_api HTTP 401 | UNAUTHORIZED | View: plant_list_view | Path: /api/v1/plants/
[2026-04-18 18:36:45,134] ERROR plantae_api HTTP 401 | UNAUTHORIZED | View: plant_list_view | Path: /api/v1/plants/
[2026-04-18 18:36:45,151] ERROR plantae_api HTTP 401 | UNAUTHORIZED | View: plant_list_view | Path: /api/v1/plants/
[2026-04-18 18:36:45,151] ERROR plantae_api HTTP 401 | UNAUTHORIZED | View: plant_list_view | Path: /api/v1/plants/
[2026-04-18 18:36:45,167] ERROR plantae_api HTTP 401 | UNAUTHORIZED | View: plant_list_view | Path: /api/v1/plants/
[2026-04-18 18:36:45,167] ERROR plantae_api HTTP 401 | UNAUTHORIZED | View: plant_list_view | Path: /api/v1/plants/
[2026-04-18 18:36:45,184] ERROR plantae_api HTTP 401 | UNAUTHORIZED | View: plant_list_view | Path: /api/v1/plants/
[2026-04-18 18:36:45,184] ERROR plantae_api HTTP 401 | UNAUTHORIZED | View: plant_list_view | Path: /api/v1/plants/
[2026-04-18 18:36:45,200] ERROR plantae_api HTTP 401 | UNAUTHORIZED | View: plant_list_view | Path: /api/v1/plants/
[2026-04-18 18:36:45,202] ERROR plantae_api HTTP 401 | UNAUTHORIZED | View: plant_list_view | Path: /api/v1/plants/
[2026-04-18 18:36:45,217] ERROR plantae_api HTTP 401 | UNAUTHORIZED | View: plant_list_view | Path: /api/v1/plants/
[2026-04-18 18:36:45,217] ERROR plantae_api HTTP 401 | UNAUTHORIZED | View: plant_list_view | Path: /api/v1/plants/
[2026-04-18 18:36:45,234] ERROR plantae_api HTTP 401 | UNAUTHORIZED | View: plant_list_view | Path: /api/v1/plants/
[2026-04-18 18:36:45,234] ERROR plantae_api HTTP 401 | UNAUTHORIZED | View: plant_list_view | Path: /api/v1/plants/
[2026-04-18 18:36:45,251] ERROR plantae_api HTTP 401 | UNAUTHORIZED | View: plant_list_view | Path: /api/v1/plants/
[2026-04-18 18:36:45,251] ERROR plantae_api HTTP 401 | UNAUTHORIZED | View: plant_list_view | Path: /api/v1/plants/
[2026-04-18 18:36:45,267] ERROR plantae_api HTTP 401 | UNAUTHORIZED | View: plant_list_view | Path: /api/v1/plants/
[2026-04-18 18:36:45,267] ERROR plantae_api HTTP 401 | UNAUTHORIZED | View: plant_list_view | Path: /api/v1/plants/
[2026-04-18 18:36:45,284] ERROR plantae_api HTTP 401 | UNAUTHORIZED | View: plant_list_view | Path: /api/v1/plants/
[2026-04-18 18:36:45,285] ERROR plantae_api HTTP 401 | UNAUTHORIZED | View: plant_list_view | Path: /api/v1/plants/
[2026-04-18 18:36:45,300] ERROR plantae_api HTTP 401 | UNAUTHORIZED | View: plant_list_view | Path: /api/v1/plants/
[2026-04-18 18:36:45,301] ERROR plantae_api HTTP 401 | UNAUTHORIZED | View: plant_list_view | Path: /api/v1/plants/
[2026-04-18 18:36:45,318] ERROR plantae_api HTTP 401 | UNAUTHORIZED | View: plant_list_view | Path: /api/v1/plants/
[2026-04-18 18:36:45,318] ERROR plantae_api HTTP 401 | UNAUTHORIZED | View: plant_list_view | Path: /api/v1/plants/
[2026-04-18 18:36:45,335] ERROR plantae_api HTTP 401 | UNAUTHORIZED | View: plant_list_view | Path: /api/v1/plants/
[2026-04-18 18:36:45,335] ERROR plantae_api HTTP 401 | UNAUTHORIZED | View: plant_list_view | Path: /api/v1/plants/
[2026-04-18 18:36:45,350] ERROR plantae_api HTTP 401 | UNAUTHORIZED | View: plant_list_view | Path: /api/v1/plants/
[2026-04-18 18:36:45,351] ERROR plantae_api HTTP 401 | UNAUTHORIZED | View: plant_list_view | Path: /api/v1/plants/
[2026-04-18 18:36:45,367] ERROR plantae_api HTTP 401 | UNAUTHORIZED | View: plant_list_view | Path: /api/v1/plants/
[2026-04-18 18:36:45,367] ERROR plantae_api HTTP 401 | UNAUTHORIZED | View: plant_list_view | Path: /api/v1/plants/
[2026-04-18 18:36:45,385] ERROR plantae_api HTTP 401 | UNAUTHORIZED | View: plant_list_view | Path: /api/v1/plants/
[2026-04-18 18:36:45,385] ERROR plantae_api HTTP 401 | UNAUTHORIZED | View: plant_list_view | Path: /api/v1/plants/
[2026-04-18 18:36:45,401] ERROR plantae_api HTTP 401 | UNAUTHORIZED | View: plant_list_view | Path: /api/v1/plants/
[2026-04-18 18:36:45,402] ERROR plantae_api HTTP 401 | UNAUTHORIZED | View: plant_list_view | Path: /api/v1/plants/
[2026-04-18 18:36:45,417] ERROR plantae_api HTTP 401 | UNAUTHORIZED | View: plant_list_view | Path: /api/v1/plants/
[2026-04-18 18:36:45,418] ERROR plantae_api HTTP 401 | UNAUTHORIZED | View: plant_list_view | Path: /api/v1/plants/
[2026-04-18 18:36:45,434] ERROR plantae_api HTTP 401 | UNAUTHORIZED | View: plant_list_view | Path: /api/v1/plants/
[2026-04-18 18:36:45,435] ERROR plantae_api HTTP 401 | UNAUTHORIZED | View: plant_list_view | Path: /api/v1/plants/
[2026-04-18 18:36:45,451] ERROR plantae_api HTTP 401 | UNAUTHORIZED | View: plant_list_view | Path: /api/v1/plants/
[2026-04-18 18:36:45,451] ERROR plantae_api HTTP 401 | UNAUTHORIZED | View: plant_list_view | Path: /api/v1/plants/
[2026-04-18 18:36:45,468] ERROR plantae_api HTTP 401 | UNAUTHORIZED | View: plant_list_view | Path: /api/v1/plants/
[2026-04-18 18:36:45,468] ERROR plantae_api HTTP 401 | UNAUTHORIZED | View: plant_list_view | Path: /api/v1/plants/
[2026-04-18 18:36:45,485] ERROR plantae_api HTTP 401 | UNAUTHORIZED | View: plant_list_view | Path: /api/v1/plants/
[2026-04-18 18:36:45,485] ERROR plantae_api HTTP 401 | UNAUTHORIZED | View: plant_list_view | Path: /api/v1/plants/
[2026-04-18 18:36:45,501] ERROR plantae_api HTTP 401 | UNAUTHORIZED | View: plant_list_view | Path: /api/v1/plants/
[2026-04-18 18:36:45,501] ERROR plantae_api HTTP 401 | UNAUTHORIZED | View: plant_list_view | Path: /api/v1/plants/
[2026-04-18 18:36:45,517] ERROR plantae_api HTTP 401 | UNAUTHORIZED | View: plant_list_view | Path: /api/v1/plants/
[2026-04-18 18:36:45,518] ERROR plantae_api HTTP 401 | UNAUTHORIZED | View: plant_list_view | Path: /api/v1/plants/
[2026-04-18 18:36:45,536] ERROR plantae_api HTTP 401 | UNAUTHORIZED | View: plant_list_view | Path: /api/v1/plants/
[2026-04-18 18:36:45,536] ERROR plantae_api HTTP 401 | UNAUTHORIZED | View: plant_list_view | Path: /api/v1/plants/
[2026-04-18 18:36:45,551] ERROR plantae_api HTTP 401 | UNAUTHORIZED | View: plant_list_view | Path: /api/v1/plants/
[2026-04-18 18:36:45,552] ERROR plantae_api HTTP 401 | UNAUTHORIZED | View: plant_list_view | Path: /api/v1/plants/
[2026-04-18 18:36:45,568] ERROR plantae_api HTTP 401 | UNAUTHORIZED | View: plant_list_view | Path: /api/v1/plants/
[2026-04-18 18:36:45,568] ERROR plantae_api HTTP 401 | UNAUTHORIZED | View: plant_list_view | Path: /api/v1/plants/
[2026-04-18 18:36:45,585] ERROR plantae_api HTTP 401 | UNAUTHORIZED | View: plant_list_view | Path: /api/v1/plants/
[2026-04-18 18:36:45,585] ERROR plantae_api HTTP 401 | UNAUTHORIZED | View: plant_list_view | Path: /api/v1/plants/
[2026-04-18 18:36:45,601] ERROR plantae_api HTTP 401 | UNAUTHORIZED | View: plant_list_view | Path: /api/v1/plants/
[2026-04-18 18:36:45,601] ERROR plantae_api HTTP 401 | UNAUTHORIZED | View: plant_list_view | Path: /api/v1/plants/
[2026-04-18 18:36:45,618] ERROR plantae_api HTTP 401 | UNAUTHORIZED | View: plant_list_view | Path: /api/v1/plants/
[2026-04-18 18:36:45,618] ERROR plantae_api HTTP 401 | UNAUTHORIZED | View: plant_list_view | Path: /api/v1/plants/
[2026-04-18 18:36:45,635] ERROR plantae_api HTTP 401 | UNAUTHORIZED | View: plant_list_view | Path: /api/v1/plants/
[2026-04-18 18:36:45,635] ERROR plantae_api HTTP 401 | UNAUTHORIZED | View: plant_list_view | Path: /api/v1/plants/
[2026-04-18 18:36:45,652] ERROR plantae_api HTTP 401 | UNAUTHORIZED | View: plant_list_view | Path: /api/v1/plants/
[2026-04-18 18:36:45,652] ERROR plantae_api HTTP 401 | UNAUTHORIZED | View: plant_list_view | Path: /api/v1/plants/
[2026-04-18 18:36:45,669] ERROR plantae_api HTTP 401 | UNAUTHORIZED | View: plant_list_view | Path: /api/v1/plants/
[2026-04-18 18:36:45,669] ERROR plantae_api HTTP 401 | UNAUTHORIZED | View: plant_list_view | Path: /api/v1/plants/
[2026-04-18 18:36:45,684] ERROR plantae_api HTTP 401 | UNAUTHORIZED | View: plant_list_view | Path: /api/v1/plants/
[2026-04-18 18:36:45,684] ERROR plantae_api HTTP 401 | UNAUTHORIZED | View: plant_list_view | Path: /api/v1/plants/
[2026-04-18 18:36:45,701] ERROR plantae_api HTTP 401 | UNAUTHORIZED | View: plant_list_view | Path: /api/v1/plants/
[2026-04-18 18:36:45,702] ERROR plantae_api HTTP 401 | UNAUTHORIZED | View: plant_list_view | Path: /api/v1/plants/
[2026-04-18 18:36:45,719] ERROR plantae_api HTTP 401 | UNAUTHORIZED | View: plant_list_view | Path: /api/v1/plants/
[2026-04-18 18:36:45,719] ERROR plantae_api HTTP 401 | UNAUTHORIZED | View: plant_list_view | Path: /api/v1/plants/
[2026-04-18 18:36:45,735] ERROR plantae_api HTTP 401 | UNAUTHORIZED | View: plant_list_view | Path: /api/v1/plants/
[2026-04-18 18:36:45,735] ERROR plantae_api HTTP 401 | UNAUTHORIZED | View: plant_list_view | Path: /api/v1/plants/
[2026-04-18 18:36:45,752] ERROR plantae_api HTTP 401 | UNAUTHORIZED | View: plant_list_view | Path: /api/v1/plants/
[2026-04-18 18:36:45,752] ERROR plantae_api HTTP 401 | UNAUTHORIZED | View: plant_list_view | Path: /api/v1/plants/
[2026-04-18 18:36:45,769] ERROR plantae_api HTTP 401 | UNAUTHORIZED | View: plant_list_view | Path: /api/v1/plants/
[2026-04-18 18:36:45,769] ERROR plantae_api HTTP 401 | UNAUTHORIZED | View: plant_list_view | Path: /api/v1/plants/
[2026-04-18 18:36:45,785] ERROR plantae_api HTTP 401 | UNAUTHORIZED | View: plant_list_view | Path: /api/v1/plants/
[2026-04-18 18:36:45,785] ERROR plantae_api HTTP 401 | UNAUTHORIZED | View: plant_list_view | Path: /api/v1/plants/
[2026-04-18 18:36:45,801] ERROR plantae_api HTTP 401 | UNAUTHORIZED | View: plant_list_view | Path: /api/v1/plants/
[2026-04-18 18:36:45,801] ERROR plantae_api HTTP 401 | UNAUTHORIZED | View: plant_list_view | Path: /api/v1/plants/
[2026-04-18 18:36:45,819] ERROR plantae_api HTTP 401 | UNAUTHORIZED | View: plant_list_view | Path: /api/v1/plants/
[2026-04-18 18:36:45,820] ERROR plantae_api HTTP 401 | UNAUTHORIZED | View: plant_list_view | Path: /api/v1/plants/
[2026-04-18 18:36:45,835] ERROR plantae_api HTTP 401 | UNAUTHORIZED | View: plant_list_view | Path: /api/v1/plants/
[2026-04-18 18:36:45,836] ERROR plantae_api HTTP 401 | UNAUTHORIZED | View: plant_list_view | Path: /api/v1/plants/
[2026-04-18 18:36:45,851] ERROR plantae_api HTTP 401 | UNAUTHORIZED | View: plant_list_view | Path: /api/v1/plants/
[2026-04-18 18:36:45,852] ERROR plantae_api HTTP 401 | UNAUTHORIZED | View: plant_list_view | Path: /api/v1/plants/
[2026-04-18 18:36:45,869] ERROR plantae_api HTTP 401 | UNAUTHORIZED | View: plant_list_view | Path: /api/v1/plants/
[2026-04-18 18:36:45,869] ERROR plantae_api HTTP 401 | UNAUTHORIZED | View: plant_list_view | Path: /api/v1/plants/
[2026-04-18 18:36:45,885] ERROR plantae_api HTTP 401 | UNAUTHORIZED | View: plant_list_view | Path: /api/v1/plants/
[2026-04-18 18:36:45,885] ERROR plantae_api HTTP 401 | UNAUTHORIZED | View: plant_list_view | Path: /api/v1/plants/
[2026-04-18 18:36:45,901] ERROR plantae_api HTTP 401 | UNAUTHORIZED | View: plant_list_view | Path: /api/v1/plants/
[2026-04-18 18:36:45,903] ERROR plantae_api HTTP 401 | UNAUTHORIZED | View: plant_list_view | Path: /api/v1/plants/
[2026-04-18 18:36:46,031] ERROR plantae_api HTTP 401 | UNAUTHORIZED | View: plant_list_view | Path: /api/v1/plants/
[2026-04-18 18:36:46,031] ERROR plantae_api HTTP 401 | UNAUTHORIZED | View: plant_list_view | Path: /api/v1/plants/
[2026-04-18 18:36:46,058] ERROR plantae_api HTTP 401 | UNAUTHORIZED | View: plant_list_view | Path: /api/v1/plants/
[2026-04-18 18:36:46,058] ERROR plantae_api HTTP 401 | UNAUTHORIZED | View: plant_list_view | Path: /api/v1/plants/
[2026-04-18 18:36:46,090] ERROR plantae_api HTTP 401 | UNAUTHORIZED | View: plant_list_view | Path: /api/v1/plants/
[2026-04-18 18:36:46,091] ERROR plantae_api HTTP 401 | UNAUTHORIZED | View: plant_list_view | Path: /api/v1/plants/
[2026-04-18 18:36:46,124] ERROR plantae_api HTTP 401 | UNAUTHORIZED | View: plant_list_view | Path: /api/v1/plants/
[2026-04-18 18:36:46,124] ERROR plantae_api HTTP 401 | UNAUTHORIZED | View: plant_list_view | Path: /api/v1/plants/
[2026-04-18 18:36:46,156] ERROR plantae_api HTTP 401 | UNAUTHORIZED | View: plant_list_view | Path: /api/v1/plants/
[2026-04-18 18:36:46,156] ERROR plantae_api HTTP 401 | UNAUTHORIZED | View: plant_list_view | Path: /api/v1/plants/
[2026-04-18 18:36:46,189] ERROR plantae_api HTTP 401 | UNAUTHORIZED | View: plant_list_view | Path: /api/v1/plants/
[2026-04-18 18:36:46,189] ERROR plantae_api HTTP 401 | UNAUTHORIZED | View: plant_list_view | Path: /api/v1/plants/
[2026-04-18 18:36:46,222] ERROR plantae_api HTTP 401 | UNAUTHORIZED | View: plant_list_view | Path: /api/v1/plants/
[2026-04-18 18:36:46,223] ERROR plantae_api HTTP 401 | UNAUTHORIZED | View: plant_list_view | Path: /api/v1/plants/
[2026-04-18 18:36:46,255] ERROR plantae_api HTTP 401 | UNAUTHORIZED | View: plant_list_view | Path: /api/v1/plants/
[2026-04-18 18:36:46,256] ERROR plantae_api HTTP 401 | UNAUTHORIZED | View: plant_list_view | Path: /api/v1/plants/
[2026-04-18 18:36:46,289] ERROR plantae_api HTTP 401 | UNAUTHORIZED | View: plant_list_view | Path: /api/v1/plants/
[2026-04-18 18:36:46,289] ERROR plantae_api HTTP 401 | UNAUTHORIZED | View: plant_list_view | Path: /api/v1/plants/
[2026-04-18 18:36:46,322] ERROR plantae_api HTTP 401 | UNAUTHORIZED | View: plant_list_view | Path: /api/v1/plants/
[2026-04-18 18:36:46,323] ERROR plantae_api HTTP 401 | UNAUTHORIZED | View: plant_list_view | Path: /api/v1/plants/
[2026-04-18 18:36:46,355] ERROR plantae_api HTTP 401 | UNAUTHORIZED | View: plant_list_view | Path: /api/v1/plants/
[2026-04-18 18:36:46,356] ERROR plantae_api HTTP 401 | UNAUTHORIZED | View: plant_list_view | Path: /api/v1/plants/
[2026-04-18 18:36:46,388] ERROR plantae_api HTTP 401 | UNAUTHORIZED | View: plant_list_view | Path: /api/v1/plants/
[2026-04-18 18:36:46,389] ERROR plantae_api HTTP 401 | UNAUTHORIZED | View: plant_list_view | Path: /api/v1/plants/
[2026-04-18 18:36:46,421] ERROR plantae_api HTTP 401 | UNAUTHORIZED | View: plant_list_view | Path: /api/v1/plants/
[2026-04-18 18:36:46,422] ERROR plantae_api HTTP 401 | UNAUTHORIZED | View: plant_list_view | Path: /api/v1/plants/
[2026-04-18 18:36:46,455] ERROR plantae_api HTTP 401 | UNAUTHORIZED | View: plant_list_view | Path: /api/v1/plants/
[2026-04-18 18:36:46,455] ERROR plantae_api HTTP 401 | UNAUTHORIZED | View: plant_list_view | Path: /api/v1/plants/
[2026-04-18 18:36:46,489] ERROR plantae_api HTTP 401 | UNAUTHORIZED | View: plant_list_view | Path: /api/v1/plants/
[2026-04-18 18:36:46,490] ERROR plantae_api HTTP 401 | UNAUTHORIZED | View: plant_list_view | Path: /api/v1/plants/
[2026-04-18 18:36:46,522] ERROR plantae_api HTTP 401 | UNAUTHORIZED | View: plant_list_view | Path: /api/v1/plants/
[2026-04-18 18:36:46,522] ERROR plantae_api HTTP 401 | UNAUTHORIZED | View: plant_list_view | Path: /api/v1/plants/
[2026-04-18 18:36:46,554] ERROR plantae_api HTTP 401 | UNAUTHORIZED | View: plant_list_view | Path: /api/v1/plants/
[2026-04-18 18:36:46,556] ERROR plantae_api HTTP 401 | UNAUTHORIZED | View: plant_list_view | Path: /api/v1/plants/
[2026-04-18 18:36:46,589] ERROR plantae_api HTTP 401 | UNAUTHORIZED | View: plant_list_view | Path: /api/v1/plants/
[2026-04-18 18:36:46,589] ERROR plantae_api HTTP 401 | UNAUTHORIZED | View: plant_list_view | Path: /api/v1/plants/
[2026-04-18 18:36:46,621] ERROR plantae_api HTTP 401 | UNAUTHORIZED | View: plant_list_view | Path: /api/v1/plants/
[2026-04-18 18:36:46,622] ERROR plantae_api HTTP 401 | UNAUTHORIZED | View: plant_list_view | Path: /api/v1/plants/
[2026-04-18 18:36:46,655] ERROR plantae_api HTTP 401 | UNAUTHORIZED | View: plant_list_view | Path: /api/v1/plants/
[2026-04-18 18:36:46,655] ERROR plantae_api HTTP 401 | UNAUTHORIZED | View: plant_list_view | Path: /api/v1/plants/
[2026-04-18 18:36:46,671] ERROR plantae_api HTTP 401 | UNAUTHORIZED | View: plant_list_view | Path: /api/v1/plants/
[2026-04-18 18:36:46,672] ERROR plantae_api HTTP 401 | UNAUTHORIZED | View: plant_list_view | Path: /api/v1/plants/
[2026-04-18 18:36:46,687] ERROR plantae_api HTTP 401 | UNAUTHORIZED | View: plant_list_view | Path: /api/v1/plants/
[2026-04-18 18:36:46,687] ERROR plantae_api HTTP 401 | UNAUTHORIZED | View: plant_list_view | Path: /api/v1/plants/
[2026-04-18 18:36:46,704] ERROR plantae_api HTTP 401 | UNAUTHORIZED | View: plant_list_view | Path: /api/v1/plants/
[2026-04-18 18:36:46,704] ERROR plantae_api HTTP 401 | UNAUTHORIZED | View: plant_list_view | Path: /api/v1/plants/
[2026-04-18 18:36:46,720] ERROR plantae_api HTTP 401 | UNAUTHORIZED | View: plant_list_view | Path: /api/v1/plants/
[2026-04-18 18:36:46,721] ERROR plantae_api HTTP 401 | UNAUTHORIZED | View: plant_list_view | Path: /api/v1/plants/
[2026-04-18 18:36:46,735] ERROR plantae_api HTTP 401 | UNAUTHORIZED | View: plant_list_view | Path: /api/v1/plants/
[2026-04-18 18:36:46,737] ERROR plantae_api HTTP 401 | UNAUTHORIZED | View: plant_list_view | Path: /api/v1/plants/
[2026-04-18 18:36:46,752] ERROR plantae_api HTTP 401 | UNAUTHORIZED | View: plant_list_view | Path: /api/v1/plants/
[2026-04-18 18:36:46,753] ERROR plantae_api HTTP 401 | UNAUTHORIZED | View: plant_list_view | Path: /api/v1/plants/
[2026-04-18 18:36:46,771] ERROR plantae_api HTTP 401 | UNAUTHORIZED | View: plant_list_view | Path: /api/v1/plants/
[2026-04-18 18:36:46,771] ERROR plantae_api HTTP 401 | UNAUTHORIZED | View: plant_list_view | Path: /api/v1/plants/
[2026-04-18 18:36:46,786] ERROR plantae_api HTTP 401 | UNAUTHORIZED | View: plant_list_view | Path: /api/v1/plants/
[2026-04-18 18:36:46,787] ERROR plantae_api HTTP 401 | UNAUTHORIZED | View: plant_list_view | Path: /api/v1/plants/
[2026-04-18 18:36:46,803] ERROR plantae_api HTTP 401 | UNAUTHORIZED | View: plant_list_view | Path: /api/v1/plants/
[2026-04-18 18:36:46,804] ERROR plantae_api HTTP 401 | UNAUTHORIZED | View: plant_list_view | Path: /api/v1/plants/
[2026-04-18 18:36:46,820] ERROR plantae_api HTTP 401 | UNAUTHORIZED | View: plant_list_view | Path: /api/v1/plants/
[2026-04-18 18:36:46,820] ERROR plantae_api HTTP 401 | UNAUTHORIZED | View: plant_list_view | Path: /api/v1/plants/
[2026-04-18 18:36:46,836] ERROR plantae_api HTTP 401 | UNAUTHORIZED | View: plant_list_view | Path: /api/v1/plants/
[2026-04-18 18:36:46,837] ERROR plantae_api HTTP 401 | UNAUTHORIZED | View: plant_list_view | Path: /api/v1/plants/
[2026-04-18 18:36:46,853] ERROR plantae_api HTTP 401 | UNAUTHORIZED | View: plant_list_view | Path: /api/v1/plants/
[2026-04-18 18:36:46,854] ERROR plantae_api HTTP 401 | UNAUTHORIZED | View: plant_list_view | Path: /api/v1/plants/
[2026-04-18 18:36:46,870] ERROR plantae_api HTTP 401 | UNAUTHORIZED | View: plant_list_view | Path: /api/v1/plants/
[2026-04-18 18:36:46,870] ERROR plantae_api HTTP 401 | UNAUTHORIZED | View: plant_list_view | Path: /api/v1/plants/
[2026-04-18 18:36:46,887] ERROR plantae_api HTTP 401 | UNAUTHORIZED | View: plant_list_view | Path: /api/v1/plants/
[2026-04-18 18:36:46,887] ERROR plantae_api HTTP 401 | UNAUTHORIZED | View: plant_list_view | Path: /api/v1/plants/
[2026-04-18 18:36:46,903] ERROR plantae_api HTTP 401 | UNAUTHORIZED | View: plant_list_view | Path: /api/v1/plants/
[2026-04-18 18:36:46,905] ERROR plantae_api HTTP 401 | UNAUTHORIZED | View: plant_list_view | Path: /api/v1/plants/
[2026-04-18 18:36:46,920] ERROR plantae_api HTTP 401 | UNAUTHORIZED | View: plant_list_view | Path: /api/v1/plants/
[2026-04-18 18:36:46,920] ERROR plantae_api HTTP 401 | UNAUTHORIZED | View: plant_list_view | Path: /api/v1/plants/
[2026-04-18 18:36:46,936] ERROR plantae_api HTTP 401 | UNAUTHORIZED | View: plant_list_view | Path: /api/v1/plants/
[2026-04-18 18:36:46,937] ERROR plantae_api HTTP 401 | UNAUTHORIZED | View: plant_list_view | Path: /api/v1/plants/
[2026-04-18 18:36:46,954] ERROR plantae_api HTTP 401 | UNAUTHORIZED | View: plant_list_view | Path: /api/v1/plants/
[2026-04-18 18:36:46,954] ERROR plantae_api HTTP 401 | UNAUTHORIZED | View: plant_list_view | Path: /api/v1/plants/
[2026-04-18 18:36:46,970] ERROR plantae_api HTTP 401 | UNAUTHORIZED | View: plant_list_view | Path: /api/v1/plants/
[2026-04-18 18:36:46,971] ERROR plantae_api HTTP 401 | UNAUTHORIZED | View: plant_list_view | Path: /api/v1/plants/
[2026-04-18 18:36:46,987] ERROR plantae_api HTTP 401 | UNAUTHORIZED | View: plant_list_view | Path: /api/v1/plants/
[2026-04-18 18:36:46,987] ERROR plantae_api HTTP 401 | UNAUTHORIZED | View: plant_list_view | Path: /api/v1/plants/
[2026-04-18 18:36:47,004] ERROR plantae_api HTTP 401 | UNAUTHORIZED | View: plant_list_view | Path: /api/v1/plants/
[2026-04-18 18:36:47,005] ERROR plantae_api HTTP 401 | UNAUTHORIZED | View: plant_list_view | Path: /api/v1/plants/
[2026-04-18 18:36:47,020] ERROR plantae_api HTTP 401 | UNAUTHORIZED | View: plant_list_view | Path: /api/v1/plants/
[2026-04-18 18:36:47,021] ERROR plantae_api HTTP 401 | UNAUTHORIZED | View: plant_list_view | Path: /api/v1/plants/
[2026-04-18 18:36:47,037] ERROR plantae_api HTTP 401 | UNAUTHORIZED | View: plant_list_view | Path: /api/v1/plants/
[2026-04-18 18:36:47,037] ERROR plantae_api HTTP 401 | UNAUTHORIZED | View: plant_list_view | Path: /api/v1/plants/
[2026-04-18 18:36:47,055] ERROR plantae_api HTTP 401 | UNAUTHORIZED | View: plant_list_view | Path: /api/v1/plants/
[2026-04-18 18:36:47,055] ERROR plantae_api HTTP 401 | UNAUTHORIZED | View: plant_list_view | Path: /api/v1/plants/
[2026-04-18 18:36:47,070] ERROR plantae_api HTTP 401 | UNAUTHORIZED | View: plant_list_view | Path: /api/v1/plants/
[2026-04-18 18:36:47,070] ERROR plantae_api HTTP 401 | UNAUTHORIZED | View: plant_list_view | Path: /api/v1/plants/
[2026-04-18 18:36:47,087] ERROR plantae_api HTTP 401 | UNAUTHORIZED | View: plant_list_view | Path: /api/v1/plants/
[2026-04-18 18:36:47,087] ERROR plantae_api HTTP 401 | UNAUTHORIZED | View: plant_list_view | Path: /api/v1/plants/
[2026-04-18 18:36:47,104] ERROR plantae_api HTTP 401 | UNAUTHORIZED | View: plant_list_view | Path: /api/v1/plants/
[2026-04-18 18:36:47,105] ERROR plantae_api HTTP 401 | UNAUTHORIZED | View: plant_list_view | Path: /api/v1/plants/
[2026-04-18 18:36:47,121] ERROR plantae_api HTTP 401 | UNAUTHORIZED | View: plant_list_view | Path: /api/v1/plants/
[2026-04-18 18:36:47,121] ERROR plantae_api HTTP 401 | UNAUTHORIZED | View: plant_list_view | Path: /api/v1/plants/
[2026-04-18 18:36:47,137] ERROR plantae_api HTTP 401 | UNAUTHORIZED | View: plant_list_view | Path: /api/v1/plants/
[2026-04-18 18:36:47,137] ERROR plantae_api HTTP 401 | UNAUTHORIZED | View: plant_list_view | Path: /api/v1/plants/
[2026-04-18 18:36:47,154] ERROR plantae_api HTTP 401 | UNAUTHORIZED | View: plant_list_view | Path: /api/v1/plants/
[2026-04-18 18:36:47,155] ERROR plantae_api HTTP 401 | UNAUTHORIZED | View: plant_list_view | Path: /api/v1/plants/
[2026-04-18 18:36:47,170] ERROR plantae_api HTTP 401 | UNAUTHORIZED | View: plant_list_view | Path: /api/v1/plants/
[2026-04-18 18:36:47,170] ERROR plantae_api HTTP 401 | UNAUTHORIZED | View: plant_list_view | Path: /api/v1/plants/
[2026-04-18 18:36:47,186] ERROR plantae_api HTTP 401 | UNAUTHORIZED | View: plant_list_view | Path: /api/v1/plants/
[2026-04-18 18:36:47,187] ERROR plantae_api HTTP 401 | UNAUTHORIZED | View: plant_list_view | Path: /api/v1/plants/
[2026-04-18 18:36:47,205] ERROR plantae_api HTTP 401 | UNAUTHORIZED | View: plant_list_view | Path: /api/v1/plants/
[2026-04-18 18:36:47,205] ERROR plantae_api HTTP 401 | UNAUTHORIZED | View: plant_list_view | Path: /api/v1/plants/
[2026-04-18 18:36:47,221] ERROR plantae_api HTTP 401 | UNAUTHORIZED | View: plant_list_view | Path: /api/v1/plants/
[2026-04-18 18:36:47,221] ERROR plantae_api HTTP 401 | UNAUTHORIZED | View: plant_list_view | Path: /api/v1/plants/
[2026-04-18 18:36:47,237] ERROR plantae_api HTTP 401 | UNAUTHORIZED | View: plant_list_view | Path: /api/v1/plants/
[2026-04-18 18:36:47,237] ERROR plantae_api HTTP 401 | UNAUTHORIZED | View: plant_list_view | Path: /api/v1/plants/
[2026-04-18 18:36:47,254] ERROR plantae_api HTTP 401 | UNAUTHORIZED | View: plant_list_view | Path: /api/v1/plants/
[2026-04-18 18:36:47,254] ERROR plantae_api HTTP 401 | UNAUTHORIZED | View: plant_list_view | Path: /api/v1/plants/
[2026-04-18 18:36:47,271] ERROR plantae_api HTTP 401 | UNAUTHORIZED | View: plant_list_view | Path: /api/v1/plants/
[2026-04-18 18:36:47,271] ERROR plantae_api HTTP 401 | UNAUTHORIZED | View: plant_list_view | Path: /api/v1/plants/
[2026-04-18 18:36:47,477] ERROR plantae_api HTTP 401 | UNAUTHORIZED | View: plant_list_view | Path: /api/v1/plants/
[2026-04-18 18:36:47,477] ERROR plantae_api HTTP 401 | UNAUTHORIZED | View: plant_list_view | Path: /api/v1/plants/
[2026-04-18 18:36:47,520] ERROR plantae_api HTTP 401 | UNAUTHORIZED | View: plant_list_view | Path: /api/v1/plants/
[2026-04-18 18:36:47,520] ERROR plantae_api HTTP 401 | UNAUTHORIZED | View: plant_list_view | Path: /api/v1/plants/
[2026-04-18 18:36:47,545] ERROR plantae_api HTTP 401 | UNAUTHORIZED | View: plant_list_view | Path: /api/v1/plants/
[2026-04-18 18:36:47,545] ERROR plantae_api HTTP 401 | UNAUTHORIZED | View: plant_list_view | Path: /api/v1/plants/
[2026-04-18 18:36:47,560] ERROR plantae_api HTTP 401 | UNAUTHORIZED | View: plant_list_view | Path: /api/v1/plants/
[2026-04-18 18:36:47,561] ERROR plantae_api HTTP 401 | UNAUTHORIZED | View: plant_list_view | Path: /api/v1/plants/
[2026-04-18 18:36:47,574] ERROR plantae_api HTTP 401 | UNAUTHORIZED | View: plant_list_view | Path: /api/v1/plants/
[2026-04-18 18:36:47,575] ERROR plantae_api HTTP 401 | UNAUTHORIZED | View: plant_list_view | Path: /api/v1/plants/
[2026-04-18 18:36:47,590] ERROR plantae_api HTTP 401 | UNAUTHORIZED | View: plant_list_view | Path: /api/v1/plants/
[2026-04-18 18:36:47,590] ERROR plantae_api HTTP 401 | UNAUTHORIZED | View: plant_list_view | Path: /api/v1/plants/
[2026-04-18 18:36:47,607] ERROR plantae_api HTTP 401 | UNAUTHORIZED | View: plant_list_view | Path: /api/v1/plants/
[2026-04-18 18:36:47,607] ERROR plantae_api HTTP 401 | UNAUTHORIZED | View: plant_list_view | Path: /api/v1/plants/
[2026-04-18 18:36:47,622] ERROR plantae_api HTTP 401 | UNAUTHORIZED | View: plant_list_view | Path: /api/v1/plants/
[2026-04-18 18:36:47,623] ERROR plantae_api HTTP 401 | UNAUTHORIZED | View: plant_list_view | Path: /api/v1/plants/
[2026-04-18 18:36:47,639] ERROR plantae_api HTTP 401 | UNAUTHORIZED | View: plant_list_view | Path: /api/v1/plants/
[2026-04-18 18:36:47,639] ERROR plantae_api HTTP 401 | UNAUTHORIZED | View: plant_list_view | Path: /api/v1/plants/
[2026-04-18 18:36:47,655] ERROR plantae_api HTTP 401 | UNAUTHORIZED | View: plant_list_view | Path: /api/v1/plants/
[2026-04-18 18:36:47,656] ERROR plantae_api HTTP 401 | UNAUTHORIZED | View: plant_list_view | Path: /api/v1/plants/
[2026-04-18 18:36:47,671] ERROR plantae_api HTTP 401 | UNAUTHORIZED | View: plant_list_view | Path: /api/v1/plants/
[2026-04-18 18:36:47,671] ERROR plantae_api HTTP 401 | UNAUTHORIZED | View: plant_list_view | Path: /api/v1/plants/
[2026-04-18 18:36:47,688] ERROR plantae_api HTTP 401 | UNAUTHORIZED | View: plant_list_view | Path: /api/v1/plants/
[2026-04-18 18:36:47,689] ERROR plantae_api HTTP 401 | UNAUTHORIZED | View: plant_list_view | Path: /api/v1/plants/
[2026-04-18 18:36:47,705] ERROR plantae_api HTTP 401 | UNAUTHORIZED | View: plant_list_view | Path: /api/v1/plants/
[2026-04-18 18:36:47,705] ERROR plantae_api HTTP 401 | UNAUTHORIZED | View: plant_list_view | Path: /api/v1/plants/
[2026-04-18 18:36:47,721] ERROR plantae_api HTTP 401 | UNAUTHORIZED | View: plant_list_view | Path: /api/v1/plants/
[2026-04-18 18:36:47,721] ERROR plantae_api HTTP 401 | UNAUTHORIZED | View: plant_list_view | Path: /api/v1/plants/
[2026-04-18 18:36:47,738] ERROR plantae_api HTTP 401 | UNAUTHORIZED | View: plant_list_view | Path: /api/v1/plants/
[2026-04-18 18:36:47,739] ERROR plantae_api HTTP 401 | UNAUTHORIZED | View: plant_list_view | Path: /api/v1/plants/
[2026-04-18 18:36:47,755] ERROR plantae_api HTTP 401 | UNAUTHORIZED | View: plant_list_view | Path: /api/v1/plants/
[2026-04-18 18:36:47,756] ERROR plantae_api HTTP 401 | UNAUTHORIZED | View: plant_list_view | Path: /api/v1/plants/
[2026-04-18 18:36:47,771] ERROR plantae_api HTTP 401 | UNAUTHORIZED | View: plant_list_view | Path: /api/v1/plants/
[2026-04-18 18:36:47,771] ERROR plantae_api HTTP 401 | UNAUTHORIZED | View: plant_list_view | Path: /api/v1/plants/
[2026-04-18 18:36:47,788] ERROR plantae_api HTTP 401 | UNAUTHORIZED | View: plant_list_view | Path: /api/v1/plants/
[2026-04-18 18:36:47,788] ERROR plantae_api HTTP 401 | UNAUTHORIZED | View: plant_list_view | Path: /api/v1/plants/
[2026-04-18 18:36:47,804] ERROR plantae_api HTTP 401 | UNAUTHORIZED | View: plant_list_view | Path: /api/v1/plants/
[2026-04-18 18:36:47,805] ERROR plantae_api HTTP 401 | UNAUTHORIZED | View: plant_list_view | Path: /api/v1/plants/
[2026-04-18 18:36:47,821] ERROR plantae_api HTTP 401 | UNAUTHORIZED | View: plant_list_view | Path: /api/v1/plants/
[2026-04-18 18:36:47,822] ERROR plantae_api HTTP 401 | UNAUTHORIZED | View: plant_list_view | Path: /api/v1/plants/
[2026-04-18 18:36:47,838] ERROR plantae_api HTTP 401 | UNAUTHORIZED | View: plant_list_view | Path: /api/v1/plants/
[2026-04-18 18:36:47,839] ERROR plantae_api HTTP 401 | UNAUTHORIZED | View: plant_list_view | Path: /api/v1/plants/
[2026-04-18 18:36:47,855] ERROR plantae_api HTTP 401 | UNAUTHORIZED | View: plant_list_view | Path: /api/v1/plants/
[2026-04-18 18:36:47,855] ERROR plantae_api HTTP 401 | UNAUTHORIZED | View: plant_list_view | Path: /api/v1/plants/
[2026-04-18 18:36:47,871] ERROR plantae_api HTTP 401 | UNAUTHORIZED | View: plant_list_view | Path: /api/v1/plants/
[2026-04-18 18:36:47,871] ERROR plantae_api HTTP 401 | UNAUTHORIZED | View: plant_list_view | Path: /api/v1/plants/
[2026-04-18 18:36:47,888] ERROR plantae_api HTTP 401 | UNAUTHORIZED | View: plant_list_view | Path: /api/v1/plants/
[2026-04-18 18:36:47,890] ERROR plantae_api HTTP 401 | UNAUTHORIZED | View: plant_list_view | Path: /api/v1/plants/
[2026-04-18 18:36:47,905] ERROR plantae_api HTTP 401 | UNAUTHORIZED | View: plant_list_view | Path: /api/v1/plants/
[2026-04-18 18:36:47,905] ERROR plantae_api HTTP 401 | UNAUTHORIZED | View: plant_list_view | Path: /api/v1/plants/
[2026-04-18 18:36:47,922] ERROR plantae_api HTTP 401 | UNAUTHORIZED | View: plant_list_view | Path: /api/v1/plants/
[2026-04-18 18:36:47,922] ERROR plantae_api HTTP 401 | UNAUTHORIZED | View: plant_list_view | Path: /api/v1/plants/
[2026-04-18 18:36:47,939] ERROR plantae_api HTTP 401 | UNAUTHORIZED | View: plant_list_view | Path: /api/v1/plants/
[2026-04-18 18:36:47,939] ERROR plantae_api HTTP 401 | UNAUTHORIZED | View: plant_list_view | Path: /api/v1/plants/
[2026-04-18 18:36:47,955] ERROR plantae_api HTTP 401 | UNAUTHORIZED | View: plant_list_view | Path: /api/v1/plants/
[2026-04-18 18:36:47,955] ERROR plantae_api HTTP 401 | UNAUTHORIZED | View: plant_list_view | Path: /api/v1/plants/
[2026-04-18 18:36:47,971] ERROR plantae_api HTTP 401 | UNAUTHORIZED | View: plant_list_view | Path: /api/v1/plants/
[2026-04-18 18:36:47,973] ERROR plantae_api HTTP 401 | UNAUTHORIZED | View: plant_list_view | Path: /api/v1/plants/
[2026-04-18 18:36:47,990] ERROR plantae_api HTTP 401 | UNAUTHORIZED | View: plant_list_view | Path: /api/v1/plants/
[2026-04-18 18:36:47,990] ERROR plantae_api HTTP 401 | UNAUTHORIZED | View: plant_list_view | Path: /api/v1/plants/
[2026-04-18 18:36:48,005] ERROR plantae_api HTTP 401 | UNAUTHORIZED | View: plant_list_view | Path: /api/v1/plants/
[2026-04-18 18:36:48,005] ERROR plantae_api HTTP 401 | UNAUTHORIZED | View: plant_list_view | Path: /api/v1/plants/
[2026-04-18 18:36:48,022] ERROR plantae_api HTTP 401 | UNAUTHORIZED | View: plant_list_view | Path: /api/v1/plants/
[2026-04-18 18:36:48,023] ERROR plantae_api HTTP 401 | UNAUTHORIZED | View: plant_list_view | Path: /api/v1/plants/
[2026-04-18 18:36:48,039] ERROR plantae_api HTTP 401 | UNAUTHORIZED | View: plant_list_view | Path: /api/v1/plants/
[2026-04-18 18:36:48,039] ERROR plantae_api HTTP 401 | UNAUTHORIZED | View: plant_list_view | Path: /api/v1/plants/
[2026-04-18 18:36:48,055] ERROR plantae_api HTTP 401 | UNAUTHORIZED | View: plant_list_view | Path: /api/v1/plants/
[2026-04-18 18:36:48,055] ERROR plantae_api HTTP 401 | UNAUTHORIZED | View: plant_list_view | Path: /api/v1/plants/
[2026-04-18 18:36:48,071] ERROR plantae_api HTTP 401 | UNAUTHORIZED | View: plant_list_view | Path: /api/v1/plants/
[2026-04-18 18:36:48,073] ERROR plantae_api HTTP 401 | UNAUTHORIZED | View: plant_list_view | Path: /api/v1/plants/
[2026-04-18 18:36:48,089] ERROR plantae_api HTTP 401 | UNAUTHORIZED | View: plant_list_view | Path: /api/v1/plants/
[2026-04-18 18:36:48,089] ERROR plantae_api HTTP 401 | UNAUTHORIZED | View: plant_list_view | Path: /api/v1/plants/
[2026-04-18 18:36:48,106] ERROR plantae_api HTTP 401 | UNAUTHORIZED | View: plant_list_view | Path: /api/v1/plants/
[2026-04-18 18:36:48,106] ERROR plantae_api HTTP 401 | UNAUTHORIZED | View: plant_list_view | Path: /api/v1/plants/
[2026-04-18 18:36:48,122] ERROR plantae_api HTTP 401 | UNAUTHORIZED | View: plant_list_view | Path: /api/v1/plants/
[2026-04-18 18:36:48,122] ERROR plantae_api HTTP 401 | UNAUTHORIZED | View: plant_list_view | Path: /api/v1/plants/
[2026-04-18 18:36:48,142] ERROR plantae_api HTTP 401 | UNAUTHORIZED | View: plant_list_view | Path: /api/v1/plants/
[2026-04-18 18:36:48,142] ERROR plantae_api HTTP 401 | UNAUTHORIZED | View: plant_list_view | Path: /api/v1/plants/
[2026-04-18 18:36:48,173] ERROR plantae_api HTTP 401 | UNAUTHORIZED | View: plant_list_view | Path: /api/v1/plants/
[2026-04-18 18:36:48,174] ERROR plantae_api HTTP 401 | UNAUTHORIZED | View: plant_list_view | Path: /api/v1/plants/
[2026-04-18 18:36:48,206] ERROR plantae_api HTTP 401 | UNAUTHORIZED | View: plant_list_view | Path: /api/v1/plants/
[2026-04-18 18:36:48,206] ERROR plantae_api HTTP 401 | UNAUTHORIZED | View: plant_list_view | Path: /api/v1/plants/
[2026-04-18 18:36:48,228] ERROR plantae_api HTTP 401 | UNAUTHORIZED | View: plant_list_view | Path: /api/v1/plants/
[2026-04-18 18:36:48,229] ERROR plantae_api HTTP 401 | UNAUTHORIZED | View: plant_list_view | Path: /api/v1/plants/
[2026-04-18 18:36:48,257] ERROR plantae_api HTTP 401 | UNAUTHORIZED | View: plant_list_view | Path: /api/v1/plants/
[2026-04-18 18:36:48,257] ERROR plantae_api HTTP 401 | UNAUTHORIZED | View: plant_list_view | Path: /api/v1/plants/
[2026-04-18 18:36:48,272] ERROR plantae_api HTTP 401 | UNAUTHORIZED | View: plant_list_view | Path: /api/v1/plants/
[2026-04-18 18:36:48,273] ERROR plantae_api HTTP 401 | UNAUTHORIZED | View: plant_list_view | Path: /api/v1/plants/
[2026-04-18 18:36:48,290] ERROR plantae_api HTTP 401 | UNAUTHORIZED | View: plant_list_view | Path: /api/v1/plants/
[2026-04-18 18:36:48,290] ERROR plantae_api HTTP 401 | UNAUTHORIZED | View: plant_list_view | Path: /api/v1/plants/
[2026-04-18 18:36:48,307] ERROR plantae_api HTTP 401 | UNAUTHORIZED | View: plant_list_view | Path: /api/v1/plants/
[2026-04-18 18:36:48,307] ERROR plantae_api HTTP 401 | UNAUTHORIZED | View: plant_list_view | Path: /api/v1/plants/
[2026-04-18 18:36:48,322] ERROR plantae_api HTTP 401 | UNAUTHORIZED | View: plant_list_view | Path: /api/v1/plants/
[2026-04-18 18:36:48,322] ERROR plantae_api HTTP 401 | UNAUTHORIZED | View: plant_list_view | Path: /api/v1/plants/
[2026-04-18 18:36:48,339] ERROR plantae_api HTTP 401 | UNAUTHORIZED | View: plant_list_view | Path: /api/v1/plants/
[2026-04-18 18:36:48,340] ERROR plantae_api HTTP 401 | UNAUTHORIZED | View: plant_list_view | Path: /api/v1/plants/
[2026-04-18 18:36:48,357] ERROR plantae_api HTTP 401 | UNAUTHORIZED | View: plant_list_view | Path: /api/v1/plants/
[2026-04-18 18:36:48,357] ERROR plantae_api HTTP 401 | UNAUTHORIZED | View: plant_list_view | Path: /api/v1/plants/
[2026-04-18 18:36:48,374] ERROR plantae_api HTTP 401 | UNAUTHORIZED | View: plant_list_view | Path: /api/v1/plants/
[2026-04-18 18:36:48,374] ERROR plantae_api HTTP 401 | UNAUTHORIZED | View: plant_list_view | Path: /api/v1/plants/
[2026-04-18 18:36:48,388] ERROR plantae_api HTTP 401 | UNAUTHORIZED | View: plant_list_view | Path: /api/v1/plants/
[2026-04-18 18:36:48,389] ERROR plantae_api HTTP 401 | UNAUTHORIZED | View: plant_list_view | Path: /api/v1/plants/
[2026-04-18 18:36:48,405] ERROR plantae_api HTTP 401 | UNAUTHORIZED | View: plant_list_view | Path: /api/v1/plants/
[2026-04-18 18:36:48,407] ERROR plantae_api HTTP 401 | UNAUTHORIZED | View: plant_list_view | Path: /api/v1/plants/
[2026-04-18 18:36:48,424] ERROR plantae_api HTTP 401 | UNAUTHORIZED | View: plant_list_view | Path: /api/v1/plants/
[2026-04-18 18:36:48,424] ERROR plantae_api HTTP 401 | UNAUTHORIZED | View: plant_list_view | Path: /api/v1/plants/
[2026-04-18 18:36:48,439] ERROR plantae_api HTTP 401 | UNAUTHORIZED | View: plant_list_view | Path: /api/v1/plants/
[2026-04-18 18:36:48,440] ERROR plantae_api HTTP 401 | UNAUTHORIZED | View: plant_list_view | Path: /api/v1/plants/
[2026-04-18 18:36:48,457] ERROR plantae_api HTTP 401 | UNAUTHORIZED | View: plant_list_view | Path: /api/v1/plants/
[2026-04-18 18:36:48,457] ERROR plantae_api HTTP 401 | UNAUTHORIZED | View: plant_list_view | Path: /api/v1/plants/
[2026-04-18 18:36:48,473] ERROR plantae_api HTTP 401 | UNAUTHORIZED | View: plant_list_view | Path: /api/v1/plants/
[2026-04-18 18:36:48,475] ERROR plantae_api HTTP 401 | UNAUTHORIZED | View: plant_list_view | Path: /api/v1/plants/
[2026-04-18 18:36:48,490] ERROR plantae_api HTTP 401 | UNAUTHORIZED | View: plant_list_view | Path: /api/v1/plants/
[2026-04-18 18:36:48,490] ERROR plantae_api HTTP 401 | UNAUTHORIZED | View: plant_list_view | Path: /api/v1/plants/
[2026-04-18 18:36:48,507] ERROR plantae_api HTTP 401 | UNAUTHORIZED | View: plant_list_view | Path: /api/v1/plants/
[2026-04-18 18:36:48,507] ERROR plantae_api HTTP 401 | UNAUTHORIZED | View: plant_list_view | Path: /api/v1/plants/
[2026-04-18 18:36:48,524] ERROR plantae_api HTTP 401 | UNAUTHORIZED | View: plant_list_view | Path: /api/v1/plants/
[2026-04-18 18:36:48,525] ERROR plantae_api HTTP 401 | UNAUTHORIZED | View: plant_list_view | Path: /api/v1/plants/
[2026-04-18 18:36:48,539] ERROR plantae_api HTTP 401 | UNAUTHORIZED | View: plant_list_view | Path: /api/v1/plants/
[2026-04-18 18:36:48,540] ERROR plantae_api HTTP 401 | UNAUTHORIZED | View: plant_list_view | Path: /api/v1/plants/
[2026-04-18 18:36:48,557] ERROR plantae_api HTTP 401 | UNAUTHORIZED | View: plant_list_view | Path: /api/v1/plants/
[2026-04-18 18:36:48,557] ERROR plantae_api HTTP 401 | UNAUTHORIZED | View: plant_list_view | Path: /api/v1/plants/
[2026-04-18 18:36:48,574] ERROR plantae_api HTTP 401 | UNAUTHORIZED | View: plant_list_view | Path: /api/v1/plants/
[2026-04-18 18:36:48,574] ERROR plantae_api HTTP 401 | UNAUTHORIZED | View: plant_list_view | Path: /api/v1/plants/
[2026-04-18 18:36:48,590] ERROR plantae_api HTTP 401 | UNAUTHORIZED | View: plant_list_view | Path: /api/v1/plants/
[2026-04-18 18:36:48,590] ERROR plantae_api HTTP 401 | UNAUTHORIZED | View: plant_list_view | Path: /api/v1/plants/
[2026-04-18 18:36:48,607] ERROR plantae_api HTTP 401 | UNAUTHORIZED | View: plant_list_view | Path: /api/v1/plants/
[2026-04-18 18:36:48,607] ERROR plantae_api HTTP 401 | UNAUTHORIZED | View: plant_list_view | Path: /api/v1/plants/
[2026-04-18 18:36:48,624] ERROR plantae_api HTTP 401 | UNAUTHORIZED | View: plant_list_view | Path: /api/v1/plants/
[2026-04-18 18:36:48,624] ERROR plantae_api HTTP 401 | UNAUTHORIZED | View: plant_list_view | Path: /api/v1/plants/
[2026-04-18 18:36:48,640] ERROR plantae_api HTTP 401 | UNAUTHORIZED | View: plant_list_view | Path: /api/v1/plants/
[2026-04-18 18:36:48,642] ERROR plantae_api HTTP 401 | UNAUTHORIZED | View: plant_list_view | Path: /api/v1/plants/
[2026-04-18 18:36:48,657] ERROR plantae_api HTTP 401 | UNAUTHORIZED | View: plant_list_view | Path: /api/v1/plants/
[2026-04-18 18:36:48,657] ERROR plantae_api HTTP 401 | UNAUTHORIZED | View: plant_list_view | Path: /api/v1/plants/
[2026-04-18 18:36:48,675] ERROR plantae_api HTTP 401 | UNAUTHORIZED | View: plant_list_view | Path: /api/v1/plants/
[2026-04-18 18:36:48,675] ERROR plantae_api HTTP 401 | UNAUTHORIZED | View: plant_list_view | Path: /api/v1/plants/
[2026-04-18 18:36:48,690] ERROR plantae_api HTTP 401 | UNAUTHORIZED | View: plant_list_view | Path: /api/v1/plants/
[2026-04-18 18:36:48,690] ERROR plantae_api HTTP 401 | UNAUTHORIZED | View: plant_list_view | Path: /api/v1/plants/
[2026-04-18 18:36:48,706] ERROR plantae_api HTTP 401 | UNAUTHORIZED | View: plant_list_view | Path: /api/v1/plants/
[2026-04-18 18:36:48,706] ERROR plantae_api HTTP 401 | UNAUTHORIZED | View: plant_list_view | Path: /api/v1/plants/
[2026-04-18 18:36:48,724] ERROR plantae_api HTTP 401 | UNAUTHORIZED | View: plant_list_view | Path: /api/v1/plants/
[2026-04-18 18:36:48,724] ERROR plantae_api HTTP 401 | UNAUTHORIZED | View: plant_list_view | Path: /api/v1/plants/
[2026-04-18 18:36:48,740] ERROR plantae_api HTTP 401 | UNAUTHORIZED | View: plant_list_view | Path: /api/v1/plants/
[2026-04-18 18:36:48,740] ERROR plantae_api HTTP 401 | UNAUTHORIZED | View: plant_list_view | Path: /api/v1/plants/
[2026-04-18 18:36:48,757] ERROR plantae_api HTTP 401 | UNAUTHORIZED | View: plant_list_view | Path: /api/v1/plants/
[2026-04-18 18:36:48,757] ERROR plantae_api HTTP 401 | UNAUTHORIZED | View: plant_list_view | Path: /api/v1/plants/
[2026-04-18 18:36:48,773] ERROR plantae_api HTTP 401 | UNAUTHORIZED | View: plant_list_view | Path: /api/v1/plants/
[2026-04-18 18:36:48,775] ERROR plantae_api HTTP 401 | UNAUTHORIZED | View: plant_list_view | Path: /api/v1/plants/
[2026-04-18 18:36:48,790] ERROR plantae_api HTTP 401 | UNAUTHORIZED | View: plant_list_view | Path: /api/v1/plants/
[2026-04-18 18:36:48,790] ERROR plantae_api HTTP 401 | UNAUTHORIZED | View: plant_list_view | Path: /api/v1/plants/
[2026-04-18 18:36:48,808] ERROR plantae_api HTTP 401 | UNAUTHORIZED | View: plant_list_view | Path: /api/v1/plants/
[2026-04-18 18:36:48,808] ERROR plantae_api HTTP 401 | UNAUTHORIZED | View: plant_list_view | Path: /api/v1/plants/
[2026-04-18 18:36:48,823] ERROR plantae_api HTTP 401 | UNAUTHORIZED | View: plant_list_view | Path: /api/v1/plants/
[2026-04-18 18:36:48,823] ERROR plantae_api HTTP 401 | UNAUTHORIZED | View: plant_list_view | Path: /api/v1/plants/
[2026-04-18 18:36:48,840] ERROR plantae_api HTTP 401 | UNAUTHORIZED | View: plant_list_view | Path: /api/v1/plants/
[2026-04-18 18:36:48,841] ERROR plantae_api HTTP 401 | UNAUTHORIZED | View: plant_list_view | Path: /api/v1/plants/
[2026-04-18 18:36:48,858] ERROR plantae_api HTTP 401 | UNAUTHORIZED | View: plant_list_view | Path: /api/v1/plants/
[2026-04-18 18:36:48,858] ERROR plantae_api HTTP 401 | UNAUTHORIZED | View: plant_list_view | Path: /api/v1/plants/
[2026-04-18 18:36:48,873] ERROR plantae_api HTTP 401 | UNAUTHORIZED | View: plant_list_view | Path: /api/v1/plants/
[2026-04-18 18:36:48,875] ERROR plantae_api HTTP 401 | UNAUTHORIZED | View: plant_list_view | Path: /api/v1/plants/
[2026-04-18 18:36:48,890] ERROR plantae_api HTTP 401 | UNAUTHORIZED | View: plant_list_view | Path: /api/v1/plants/
[2026-04-18 18:36:48,891] ERROR plantae_api HTTP 401 | UNAUTHORIZED | View: plant_list_view | Path: /api/v1/plants/
[2026-04-18 18:36:48,908] ERROR plantae_api HTTP 401 | UNAUTHORIZED | View: plant_list_view | Path: /api/v1/plants/
[2026-04-18 18:36:48,909] ERROR plantae_api HTTP 401 | UNAUTHORIZED | View: plant_list_view | Path: /api/v1/plants/
[2026-04-18 18:36:48,924] ERROR plantae_api HTTP 401 | UNAUTHORIZED | View: plant_list_view | Path: /api/v1/plants/
[2026-04-18 18:36:48,924] ERROR plantae_api HTTP 401 | UNAUTHORIZED | View: plant_list_view | Path: /api/v1/plants/
[2026-04-18 18:36:48,941] ERROR plantae_api HTTP 401 | UNAUTHORIZED | View: plant_list_view | Path: /api/v1/plants/
[2026-04-18 18:36:48,941] ERROR plantae_api HTTP 401 | UNAUTHORIZED | View: plant_list_view | Path: /api/v1/plants/
[2026-04-18 18:36:48,958] ERROR plantae_api HTTP 401 | UNAUTHORIZED | View: plant_list_view | Path: /api/v1/plants/
[2026-04-18 18:36:48,958] ERROR plantae_api HTTP 401 | UNAUTHORIZED | View: plant_list_view | Path: /api/v1/plants/
[2026-04-18 18:36:48,974] ERROR plantae_api HTTP 401 | UNAUTHORIZED | View: plant_list_view | Path: /api/v1/plants/
[2026-04-18 18:36:48,974] ERROR plantae_api HTTP 401 | UNAUTHORIZED | View: plant_list_view | Path: /api/v1/plants/
[2026-04-18 18:36:48,991] ERROR plantae_api HTTP 401 | UNAUTHORIZED | View: plant_list_view | Path: /api/v1/plants/
[2026-04-18 18:36:48,991] ERROR plantae_api HTTP 401 | UNAUTHORIZED | View: plant_list_view | Path: /api/v1/plants/
[2026-04-18 18:36:49,008] ERROR plantae_api HTTP 401 | UNAUTHORIZED | View: plant_list_view | Path: /api/v1/plants/
[2026-04-18 18:36:49,009] ERROR plantae_api HTTP 401 | UNAUTHORIZED | View: plant_list_view | Path: /api/v1/plants/
[2026-04-18 18:36:49,024] ERROR plantae_api HTTP 401 | UNAUTHORIZED | View: plant_list_view | Path: /api/v1/plants/
[2026-04-18 18:36:49,024] ERROR plantae_api HTTP 401 | UNAUTHORIZED | View: plant_list_view | Path: /api/v1/plants/
[2026-04-18 18:36:49,041] ERROR plantae_api HTTP 401 | UNAUTHORIZED | View: plant_list_view | Path: /api/v1/plants/
[2026-04-18 18:36:49,041] ERROR plantae_api HTTP 401 | UNAUTHORIZED | View: plant_list_view | Path: /api/v1/plants/
[2026-04-18 18:36:49,058] ERROR plantae_api HTTP 401 | UNAUTHORIZED | View: plant_list_view | Path: /api/v1/plants/
[2026-04-18 18:36:49,058] ERROR plantae_api HTTP 401 | UNAUTHORIZED | View: plant_list_view | Path: /api/v1/plants/
[2026-04-18 18:36:49,075] ERROR plantae_api HTTP 401 | UNAUTHORIZED | View: plant_list_view | Path: /api/v1/plants/
[2026-04-18 18:36:49,075] ERROR plantae_api HTTP 401 | UNAUTHORIZED | View: plant_list_view | Path: /api/v1/plants/
[2026-04-18 18:36:49,091] ERROR plantae_api HTTP 401 | UNAUTHORIZED | View: plant_list_view | Path: /api/v1/plants/
[2026-04-18 18:36:49,091] ERROR plantae_api HTTP 401 | UNAUTHORIZED | View: plant_list_view | Path: /api/v1/plants/
[2026-04-18 18:36:49,109] ERROR plantae_api HTTP 401 | UNAUTHORIZED | View: plant_list_view | Path: /api/v1/plants/
[2026-04-18 18:36:49,109] ERROR plantae_api HTTP 401 | UNAUTHORIZED | View: plant_list_view | Path: /api/v1/plants/
[2026-04-18 18:36:49,124] ERROR plantae_api HTTP 401 | UNAUTHORIZED | View: plant_list_view | Path: /api/v1/plants/
[2026-04-18 18:36:49,125] ERROR plantae_api HTTP 401 | UNAUTHORIZED | View: plant_list_view | Path: /api/v1/plants/
[2026-04-18 18:36:49,141] ERROR plantae_api HTTP 401 | UNAUTHORIZED | View: plant_list_view | Path: /api/v1/plants/
[2026-04-18 18:36:49,141] ERROR plantae_api HTTP 401 | UNAUTHORIZED | View: plant_list_view | Path: /api/v1/plants/
[2026-04-18 18:36:49,158] ERROR plantae_api HTTP 401 | UNAUTHORIZED | View: plant_list_view | Path: /api/v1/plants/
[2026-04-18 18:36:49,158] ERROR plantae_api HTTP 401 | UNAUTHORIZED | View: plant_list_view | Path: /api/v1/plants/
[2026-04-18 18:36:49,174] ERROR plantae_api HTTP 401 | UNAUTHORIZED | View: plant_list_view | Path: /api/v1/plants/
[2026-04-18 18:36:49,175] ERROR plantae_api HTTP 401 | UNAUTHORIZED | View: plant_list_view | Path: /api/v1/plants/
[2026-04-18 18:36:49,192] ERROR plantae_api HTTP 401 | UNAUTHORIZED | View: plant_list_view | Path: /api/v1/plants/
[2026-04-18 18:36:49,193] ERROR plantae_api HTTP 401 | UNAUTHORIZED | View: plant_list_view | Path: /api/v1/plants/
[2026-04-18 18:36:49,208] ERROR plantae_api HTTP 401 | UNAUTHORIZED | View: plant_list_view | Path: /api/v1/plants/
[2026-04-18 18:36:49,209] ERROR plantae_api HTTP 401 | UNAUTHORIZED | View: plant_list_view | Path: /api/v1/plants/
[2026-04-18 18:36:49,224] ERROR plantae_api HTTP 401 | UNAUTHORIZED | View: plant_list_view | Path: /api/v1/plants/
[2026-04-18 18:36:49,225] ERROR plantae_api HTTP 401 | UNAUTHORIZED | View: plant_list_view | Path: /api/v1/plants/
[2026-04-18 18:36:49,242] ERROR plantae_api HTTP 401 | UNAUTHORIZED | View: plant_list_view | Path: /api/v1/plants/
[2026-04-18 18:36:49,243] ERROR plantae_api HTTP 401 | UNAUTHORIZED | View: plant_list_view | Path: /api/v1/plants/
[2026-04-18 18:36:49,258] ERROR plantae_api HTTP 401 | UNAUTHORIZED | View: plant_list_view | Path: /api/v1/plants/
[2026-04-18 18:36:49,258] ERROR plantae_api HTTP 401 | UNAUTHORIZED | View: plant_list_view | Path: /api/v1/plants/
[2026-04-18 18:36:49,274] ERROR plantae_api HTTP 401 | UNAUTHORIZED | View: plant_list_view | Path: /api/v1/plants/
[2026-04-18 18:36:49,274] ERROR plantae_api HTTP 401 | UNAUTHORIZED | View: plant_list_view | Path: /api/v1/plants/
[2026-04-18 18:36:49,292] ERROR plantae_api HTTP 401 | UNAUTHORIZED | View: plant_list_view | Path: /api/v1/plants/
[2026-04-18 18:36:49,292] ERROR plantae_api HTTP 401 | UNAUTHORIZED | View: plant_list_view | Path: /api/v1/plants/
[2026-04-18 18:36:49,308] ERROR plantae_api HTTP 401 | UNAUTHORIZED | View: plant_list_view | Path: /api/v1/plants/
[2026-04-18 18:36:49,308] ERROR plantae_api HTTP 401 | UNAUTHORIZED | View: plant_list_view | Path: /api/v1/plants/
[2026-04-18 18:36:49,324] ERROR plantae_api HTTP 401 | UNAUTHORIZED | View: plant_list_view | Path: /api/v1/plants/
[2026-04-18 18:36:49,325] ERROR plantae_api HTTP 401 | UNAUTHORIZED | View: plant_list_view | Path: /api/v1/plants/
[2026-04-18 18:36:49,342] ERROR plantae_api HTTP 401 | UNAUTHORIZED | View: plant_list_view | Path: /api/v1/plants/
[2026-04-18 18:36:49,343] ERROR plantae_api HTTP 401 | UNAUTHORIZED | View: plant_list_view | Path: /api/v1/plants/
[2026-04-18 18:36:49,358] ERROR plantae_api HTTP 401 | UNAUTHORIZED | View: plant_list_view | Path: /api/v1/plants/
[2026-04-18 18:36:49,359] ERROR plantae_api HTTP 401 | UNAUTHORIZED | View: plant_list_view | Path: /api/v1/plants/
[2026-04-18 18:36:49,375] ERROR plantae_api HTTP 401 | UNAUTHORIZED | View: plant_list_view | Path: /api/v1/plants/
[2026-04-18 18:36:49,375] ERROR plantae_api HTTP 401 | UNAUTHORIZED | View: plant_list_view | Path: /api/v1/plants/
[2026-04-18 18:36:49,392] ERROR plantae_api HTTP 401 | UNAUTHORIZED | View: plant_list_view | Path: /api/v1/plants/
[2026-04-18 18:36:49,392] ERROR plantae_api HTTP 401 | UNAUTHORIZED | View: plant_list_view | Path: /api/v1/plants/
[2026-04-18 18:36:49,408] ERROR plantae_api HTTP 401 | UNAUTHORIZED | View: plant_list_view | Path: /api/v1/plants/
[2026-04-18 18:36:49,408] ERROR plantae_api HTTP 401 | UNAUTHORIZED | View: plant_list_view | Path: /api/v1/plants/
[2026-04-18 18:36:49,424] ERROR plantae_api HTTP 401 | UNAUTHORIZED | View: plant_list_view | Path: /api/v1/plants/
[2026-04-18 18:36:49,425] ERROR plantae_api HTTP 401 | UNAUTHORIZED | View: plant_list_view | Path: /api/v1/plants/
[2026-04-18 18:36:49,442] ERROR plantae_api HTTP 401 | UNAUTHORIZED | View: plant_list_view | Path: /api/v1/plants/
[2026-04-18 18:36:49,442] ERROR plantae_api HTTP 401 | UNAUTHORIZED | View: plant_list_view | Path: /api/v1/plants/
[2026-04-18 18:36:49,458] ERROR plantae_api HTTP 401 | UNAUTHORIZED | View: plant_list_view | Path: /api/v1/plants/
[2026-04-18 18:36:49,458] ERROR plantae_api HTTP 401 | UNAUTHORIZED | View: plant_list_view | Path: /api/v1/plants/
[2026-04-18 18:36:49,474] ERROR plantae_api HTTP 401 | UNAUTHORIZED | View: plant_list_view | Path: /api/v1/plants/
[2026-04-18 18:36:49,475] ERROR plantae_api HTTP 401 | UNAUTHORIZED | View: plant_list_view | Path: /api/v1/plants/
[2026-04-18 18:36:49,492] ERROR plantae_api HTTP 401 | UNAUTHORIZED | View: plant_list_view | Path: /api/v1/plants/
[2026-04-18 18:36:49,492] ERROR plantae_api HTTP 401 | UNAUTHORIZED | View: plant_list_view | Path: /api/v1/plants/
[2026-04-18 18:36:49,508] ERROR plantae_api HTTP 401 | UNAUTHORIZED | View: plant_list_view | Path: /api/v1/plants/
[2026-04-18 18:36:49,509] ERROR plantae_api HTTP 401 | UNAUTHORIZED | View: plant_list_view | Path: /api/v1/plants/
[2026-04-18 18:36:49,525] ERROR plantae_api HTTP 401 | UNAUTHORIZED | View: plant_list_view | Path: /api/v1/plants/
[2026-04-18 18:36:49,525] ERROR plantae_api HTTP 401 | UNAUTHORIZED | View: plant_list_view | Path: /api/v1/plants/
[2026-04-18 18:36:49,542] ERROR plantae_api HTTP 401 | UNAUTHORIZED | View: plant_list_view | Path: /api/v1/plants/
[2026-04-18 18:36:49,542] ERROR plantae_api HTTP 401 | UNAUTHORIZED | View: plant_list_view | Path: /api/v1/plants/
[2026-04-18 18:36:49,558] ERROR plantae_api HTTP 401 | UNAUTHORIZED | View: plant_list_view | Path: /api/v1/plants/
[2026-04-18 18:36:49,558] ERROR plantae_api HTTP 401 | UNAUTHORIZED | View: plant_list_view | Path: /api/v1/plants/
[2026-04-18 18:36:49,574] ERROR plantae_api HTTP 401 | UNAUTHORIZED | View: plant_list_view | Path: /api/v1/plants/
[2026-04-18 18:36:49,575] ERROR plantae_api HTTP 401 | UNAUTHORIZED | View: plant_list_view | Path: /api/v1/plants/
[2026-04-18 18:36:49,591] ERROR plantae_api HTTP 401 | UNAUTHORIZED | View: plant_list_view | Path: /api/v1/plants/
[2026-04-18 18:36:49,592] ERROR plantae_api HTTP 401 | UNAUTHORIZED | View: plant_list_view | Path: /api/v1/plants/
[2026-04-18 18:36:49,608] ERROR plantae_api HTTP 401 | UNAUTHORIZED | View: plant_list_view | Path: /api/v1/plants/
[2026-04-18 18:36:49,609] ERROR plantae_api HTTP 401 | UNAUTHORIZED | View: plant_list_view | Path: /api/v1/plants/
[2026-04-18 18:36:49,625] ERROR plantae_api HTTP 401 | UNAUTHORIZED | View: plant_list_view | Path: /api/v1/plants/
[2026-04-18 18:36:49,625] ERROR plantae_api HTTP 401 | UNAUTHORIZED | View: plant_list_view | Path: /api/v1/plants/
[2026-04-18 18:36:49,642] ERROR plantae_api HTTP 401 | UNAUTHORIZED | View: plant_list_view | Path: /api/v1/plants/
[2026-04-18 18:36:49,642] ERROR plantae_api HTTP 401 | UNAUTHORIZED | View: plant_list_view | Path: /api/v1/plants/
[2026-04-18 18:36:49,658] ERROR plantae_api HTTP 401 | UNAUTHORIZED | View: plant_list_view | Path: /api/v1/plants/
[2026-04-18 18:36:49,659] ERROR plantae_api HTTP 401 | UNAUTHORIZED | View: plant_list_view | Path: /api/v1/plants/
[2026-04-18 18:36:49,675] ERROR plantae_api HTTP 401 | UNAUTHORIZED | View: plant_list_view | Path: /api/v1/plants/
[2026-04-18 18:36:49,676] ERROR plantae_api HTTP 401 | UNAUTHORIZED | View: plant_list_view | Path: /api/v1/plants/
[2026-04-18 18:36:49,692] ERROR plantae_api HTTP 401 | UNAUTHORIZED | View: plant_list_view | Path: /api/v1/plants/
[2026-04-18 18:36:49,693] ERROR plantae_api HTTP 401 | UNAUTHORIZED | View: plant_list_view | Path: /api/v1/plants/
[2026-04-18 18:36:49,709] ERROR plantae_api HTTP 401 | UNAUTHORIZED | View: plant_list_view | Path: /api/v1/plants/
[2026-04-18 18:36:49,710] ERROR plantae_api HTTP 401 | UNAUTHORIZED | View: plant_list_view | Path: /api/v1/plants/
[2026-04-18 18:36:49,726] ERROR plantae_api HTTP 401 | UNAUTHORIZED | View: plant_list_view | Path: /api/v1/plants/
[2026-04-18 18:36:49,727] ERROR plantae_api HTTP 401 | UNAUTHORIZED | View: plant_list_view | Path: /api/v1/plants/
[2026-04-18 18:36:49,741] ERROR plantae_api HTTP 401 | UNAUTHORIZED | View: plant_list_view | Path: /api/v1/plants/
[2026-04-18 18:36:49,742] ERROR plantae_api HTTP 401 | UNAUTHORIZED | View: plant_list_view | Path: /api/v1/plants/
[2026-04-18 18:36:49,758] ERROR plantae_api HTTP 401 | UNAUTHORIZED | View: plant_list_view | Path: /api/v1/plants/
[2026-04-18 18:36:49,759] ERROR plantae_api HTTP 401 | UNAUTHORIZED | View: plant_list_view | Path: /api/v1/plants/
[2026-04-18 18:36:49,776] ERROR plantae_api HTTP 401 | UNAUTHORIZED | View: plant_list_view | Path: /api/v1/plants/
[2026-04-18 18:36:49,776] ERROR plantae_api HTTP 401 | UNAUTHORIZED | View: plant_list_view | Path: /api/v1/plants/
[2026-04-18 18:36:49,792] ERROR plantae_api HTTP 401 | UNAUTHORIZED | View: plant_list_view | Path: /api/v1/plants/
[2026-04-18 18:36:49,792] ERROR plantae_api HTTP 401 | UNAUTHORIZED | View: plant_list_view | Path: /api/v1/plants/
[2026-04-18 18:36:49,809] ERROR plantae_api HTTP 401 | UNAUTHORIZED | View: plant_list_view | Path: /api/v1/plants/
[2026-04-18 18:36:49,809] ERROR plantae_api HTTP 401 | UNAUTHORIZED | View: plant_list_view | Path: /api/v1/plants/
[2026-04-18 18:36:49,826] ERROR plantae_api HTTP 401 | UNAUTHORIZED | View: plant_list_view | Path: /api/v1/plants/
[2026-04-18 18:36:49,827] ERROR plantae_api HTTP 401 | UNAUTHORIZED | View: plant_list_view | Path: /api/v1/plants/
[2026-04-18 18:36:49,842] ERROR plantae_api HTTP 401 | UNAUTHORIZED | View: plant_list_view | Path: /api/v1/plants/
[2026-04-18 18:36:49,842] ERROR plantae_api HTTP 401 | UNAUTHORIZED | View: plant_list_view | Path: /api/v1/plants/
[2026-04-18 18:36:49,859] ERROR plantae_api HTTP 401 | UNAUTHORIZED | View: plant_list_view | Path: /api/v1/plants/
[2026-04-18 18:36:49,860] ERROR plantae_api HTTP 401 | UNAUTHORIZED | View: plant_list_view | Path: /api/v1/plants/
[2026-04-18 18:36:49,876] ERROR plantae_api HTTP 401 | UNAUTHORIZED | View: plant_list_view | Path: /api/v1/plants/
[2026-04-18 18:36:49,876] ERROR plantae_api HTTP 401 | UNAUTHORIZED | View: plant_list_view | Path: /api/v1/plants/
[2026-04-18 18:36:49,892] ERROR plantae_api HTTP 401 | UNAUTHORIZED | View: plant_list_view | Path: /api/v1/plants/
[2026-04-18 18:36:49,893] ERROR plantae_api HTTP 401 | UNAUTHORIZED | View: plant_list_view | Path: /api/v1/plants/
[2026-04-18 18:36:49,909] ERROR plantae_api HTTP 401 | UNAUTHORIZED | View: plant_list_view | Path: /api/v1/plants/
[2026-04-18 18:36:49,910] ERROR plantae_api HTTP 401 | UNAUTHORIZED | View: plant_list_view | Path: /api/v1/plants/
[2026-04-18 18:36:49,927] ERROR plantae_api HTTP 401 | UNAUTHORIZED | View: plant_list_view | Path: /api/v1/plants/
[2026-04-18 18:36:49,927] ERROR plantae_api HTTP 401 | UNAUTHORIZED | View: plant_list_view | Path: /api/v1/plants/
[2026-04-18 18:36:49,943] ERROR plantae_api HTTP 401 | UNAUTHORIZED | View: plant_list_view | Path: /api/v1/plants/
[2026-04-18 18:36:49,943] ERROR plantae_api HTTP 401 | UNAUTHORIZED | View: plant_list_view | Path: /api/v1/plants/
[2026-04-18 18:36:49,959] ERROR plantae_api HTTP 401 | UNAUTHORIZED | View: plant_list_view | Path: /api/v1/plants/
[2026-04-18 18:36:49,959] ERROR plantae_api HTTP 401 | UNAUTHORIZED | View: plant_list_view | Path: /api/v1/plants/
[2026-04-18 18:36:49,976] ERROR plantae_api HTTP 401 | UNAUTHORIZED | View: plant_list_view | Path: /api/v1/plants/
[2026-04-18 18:36:49,976] ERROR plantae_api HTTP 401 | UNAUTHORIZED | View: plant_list_view | Path: /api/v1/plants/
[2026-04-18 18:36:49,993] ERROR plantae_api HTTP 401 | UNAUTHORIZED | View: plant_list_view | Path: /api/v1/plants/
[2026-04-18 18:36:49,993] ERROR plantae_api HTTP 401 | UNAUTHORIZED | View: plant_list_view | Path: /api/v1/plants/
[2026-04-18 18:36:50,009] ERROR plantae_api HTTP 401 | UNAUTHORIZED | View: plant_list_view | Path: /api/v1/plants/
[2026-04-18 18:36:50,010] ERROR plantae_api HTTP 401 | UNAUTHORIZED | View: plant_list_view | Path: /api/v1/plants/
[2026-04-18 18:36:50,026] ERROR plantae_api HTTP 401 | UNAUTHORIZED | View: plant_list_view | Path: /api/v1/plants/
[2026-04-18 18:36:50,026] ERROR plantae_api HTTP 401 | UNAUTHORIZED | View: plant_list_view | Path: /api/v1/plants/
[2026-04-18 18:36:50,043] ERROR plantae_api HTTP 401 | UNAUTHORIZED | View: plant_list_view | Path: /api/v1/plants/
[2026-04-18 18:36:50,043] ERROR plantae_api HTTP 401 | UNAUTHORIZED | View: plant_list_view | Path: /api/v1/plants/
[2026-04-18 18:36:50,060] ERROR plantae_api HTTP 401 | UNAUTHORIZED | View: plant_list_view | Path: /api/v1/plants/
[2026-04-18 18:36:50,060] ERROR plantae_api HTTP 401 | UNAUTHORIZED | View: plant_list_view | Path: /api/v1/plants/
[2026-04-18 18:36:50,076] ERROR plantae_api HTTP 401 | UNAUTHORIZED | View: plant_list_view | Path: /api/v1/plants/
[2026-04-18 18:36:50,076] ERROR plantae_api HTTP 401 | UNAUTHORIZED | View: plant_list_view | Path: /api/v1/plants/
[2026-04-18 18:36:50,092] ERROR plantae_api HTTP 401 | UNAUTHORIZED | View: plant_list_view | Path: /api/v1/plants/
[2026-04-18 18:36:50,093] ERROR plantae_api HTTP 401 | UNAUTHORIZED | View: plant_list_view | Path: /api/v1/plants/
[2026-04-18 18:36:50,110] ERROR plantae_api HTTP 401 | UNAUTHORIZED | View: plant_list_view | Path: /api/v1/plants/
[2026-04-18 18:36:50,110] ERROR plantae_api HTTP 401 | UNAUTHORIZED | View: plant_list_view | Path: /api/v1/plants/
[2026-04-18 18:36:50,126] ERROR plantae_api HTTP 401 | UNAUTHORIZED | View: plant_list_view | Path: /api/v1/plants/
[2026-04-18 18:36:50,127] ERROR plantae_api HTTP 401 | UNAUTHORIZED | View: plant_list_view | Path: /api/v1/plants/
[2026-04-18 18:36:50,143] ERROR plantae_api HTTP 401 | UNAUTHORIZED | View: plant_list_view | Path: /api/v1/plants/
[2026-04-18 18:36:50,143] ERROR plantae_api HTTP 401 | UNAUTHORIZED | View: plant_list_view | Path: /api/v1/plants/
[2026-04-18 18:36:50,160] ERROR plantae_api HTTP 401 | UNAUTHORIZED | View: plant_list_view | Path: /api/v1/plants/
[2026-04-18 18:36:50,161] ERROR plantae_api HTTP 401 | UNAUTHORIZED | View: plant_list_view | Path: /api/v1/plants/
[2026-04-18 18:36:50,176] ERROR plantae_api HTTP 401 | UNAUTHORIZED | View: plant_list_view | Path: /api/v1/plants/
[2026-04-18 18:36:50,176] ERROR plantae_api HTTP 401 | UNAUTHORIZED | View: plant_list_view | Path: /api/v1/plants/
[2026-04-18 18:36:50,193] ERROR plantae_api HTTP 401 | UNAUTHORIZED | View: plant_list_view | Path: /api/v1/plants/
[2026-04-18 18:36:50,193] ERROR plantae_api HTTP 401 | UNAUTHORIZED | View: plant_list_view | Path: /api/v1/plants/
[2026-04-18 18:36:50,210] ERROR plantae_api HTTP 401 | UNAUTHORIZED | View: plant_list_view | Path: /api/v1/plants/
[2026-04-18 18:36:50,211] ERROR plantae_api HTTP 401 | UNAUTHORIZED | View: plant_list_view | Path: /api/v1/plants/
[2026-04-18 18:36:50,227] ERROR plantae_api HTTP 401 | UNAUTHORIZED | View: plant_list_view | Path: /api/v1/plants/
[2026-04-18 18:36:50,227] ERROR plantae_api HTTP 401 | UNAUTHORIZED | View: plant_list_view | Path: /api/v1/plants/
[2026-04-18 18:36:50,243] ERROR plantae_api HTTP 401 | UNAUTHORIZED | View: plant_list_view | Path: /api/v1/plants/
[2026-04-18 18:36:50,244] ERROR plantae_api HTTP 401 | UNAUTHORIZED | View: plant_list_view | Path: /api/v1/plants/
[2026-04-18 18:36:50,261] ERROR plantae_api HTTP 401 | UNAUTHORIZED | View: plant_list_view | Path: /api/v1/plants/
[2026-04-18 18:36:50,261] ERROR plantae_api HTTP 401 | UNAUTHORIZED | View: plant_list_view | Path: /api/v1/plants/
[2026-04-18 18:36:50,277] ERROR plantae_api HTTP 401 | UNAUTHORIZED | View: plant_list_view | Path: /api/v1/plants/
[2026-04-18 18:36:50,277] ERROR plantae_api HTTP 401 | UNAUTHORIZED | View: plant_list_view | Path: /api/v1/plants/
[2026-04-18 18:36:50,293] ERROR plantae_api HTTP 401 | UNAUTHORIZED | View: plant_list_view | Path: /api/v1/plants/
[2026-04-18 18:36:50,294] ERROR plantae_api HTTP 401 | UNAUTHORIZED | View: plant_list_view | Path: /api/v1/plants/
[2026-04-18 18:36:50,311] ERROR plantae_api HTTP 401 | UNAUTHORIZED | View: plant_list_view | Path: /api/v1/plants/
[2026-04-18 18:36:50,311] ERROR plantae_api HTTP 401 | UNAUTHORIZED | View: plant_list_view | Path: /api/v1/plants/
[2026-04-18 18:36:50,326] ERROR plantae_api HTTP 401 | UNAUTHORIZED | View: plant_list_view | Path: /api/v1/plants/
[2026-04-18 18:36:50,327] ERROR plantae_api HTTP 401 | UNAUTHORIZED | View: plant_list_view | Path: /api/v1/plants/
[2026-04-18 18:36:50,344] ERROR plantae_api HTTP 401 | UNAUTHORIZED | View: plant_list_view | Path: /api/v1/plants/
[2026-04-18 18:36:50,344] ERROR plantae_api HTTP 401 | UNAUTHORIZED | View: plant_list_view | Path: /api/v1/plants/
[2026-04-18 18:36:50,361] ERROR plantae_api HTTP 401 | UNAUTHORIZED | View: plant_list_view | Path: /api/v1/plants/
[2026-04-18 18:36:50,361] ERROR plantae_api HTTP 401 | UNAUTHORIZED | View: plant_list_view | Path: /api/v1/plants/
[2026-04-18 18:36:50,377] ERROR plantae_api HTTP 401 | UNAUTHORIZED | View: plant_list_view | Path: /api/v1/plants/
[2026-04-18 18:36:50,377] ERROR plantae_api HTTP 401 | UNAUTHORIZED | View: plant_list_view | Path: /api/v1/plants/
[2026-04-18 18:36:50,393] ERROR plantae_api HTTP 401 | UNAUTHORIZED | View: plant_list_view | Path: /api/v1/plants/
[2026-04-18 18:36:50,394] ERROR plantae_api HTTP 401 | UNAUTHORIZED | View: plant_list_view | Path: /api/v1/plants/
[2026-04-18 18:36:50,411] ERROR plantae_api HTTP 401 | UNAUTHORIZED | View: plant_list_view | Path: /api/v1/plants/
[2026-04-18 18:36:50,411] ERROR plantae_api HTTP 401 | UNAUTHORIZED | View: plant_list_view | Path: /api/v1/plants/
[2026-04-18 18:36:50,428] ERROR plantae_api HTTP 401 | UNAUTHORIZED | View: plant_list_view | Path: /api/v1/plants/
[2026-04-18 18:36:50,428] ERROR plantae_api HTTP 401 | UNAUTHORIZED | View: plant_list_view | Path: /api/v1/plants/
[2026-04-18 18:36:50,444] ERROR plantae_api HTTP 401 | UNAUTHORIZED | View: plant_list_view | Path: /api/v1/plants/
[2026-04-18 18:36:50,444] ERROR plantae_api HTTP 401 | UNAUTHORIZED | View: plant_list_view | Path: /api/v1/plants/
[2026-04-18 18:36:50,460] ERROR plantae_api HTTP 401 | UNAUTHORIZED | View: plant_list_view | Path: /api/v1/plants/
[2026-04-18 18:36:50,460] ERROR plantae_api HTTP 401 | UNAUTHORIZED | View: plant_list_view | Path: /api/v1/plants/
[2026-04-18 18:36:50,477] ERROR plantae_api HTTP 401 | UNAUTHORIZED | View: plant_list_view | Path: /api/v1/plants/
[2026-04-18 18:36:50,477] ERROR plantae_api HTTP 401 | UNAUTHORIZED | View: plant_list_view | Path: /api/v1/plants/
[2026-04-18 18:36:50,493] ERROR plantae_api HTTP 401 | UNAUTHORIZED | View: plant_list_view | Path: /api/v1/plants/
[2026-04-18 18:36:50,494] ERROR plantae_api HTTP 401 | UNAUTHORIZED | View: plant_list_view | Path: /api/v1/plants/
[2026-04-18 18:36:50,510] ERROR plantae_api HTTP 401 | UNAUTHORIZED | View: plant_list_view | Path: /api/v1/plants/
[2026-04-18 18:36:50,511] ERROR plantae_api HTTP 401 | UNAUTHORIZED | View: plant_list_view | Path: /api/v1/plants/
[2026-04-18 18:36:50,527] ERROR plantae_api HTTP 401 | UNAUTHORIZED | View: plant_list_view | Path: /api/v1/plants/
[2026-04-18 18:36:50,527] ERROR plantae_api HTTP 401 | UNAUTHORIZED | View: plant_list_view | Path: /api/v1/plants/
[2026-04-18 18:36:50,545] ERROR plantae_api HTTP 401 | UNAUTHORIZED | View: plant_list_view | Path: /api/v1/plants/
[2026-04-18 18:36:50,545] ERROR plantae_api HTTP 401 | UNAUTHORIZED | View: plant_list_view | Path: /api/v1/plants/
[2026-04-18 18:36:50,560] ERROR plantae_api HTTP 401 | UNAUTHORIZED | View: plant_list_view | Path: /api/v1/plants/
[2026-04-18 18:36:50,561] ERROR plantae_api HTTP 401 | UNAUTHORIZED | View: plant_list_view | Path: /api/v1/plants/
[2026-04-18 18:36:50,577] ERROR plantae_api HTTP 401 | UNAUTHORIZED | View: plant_list_view | Path: /api/v1/plants/
[2026-04-18 18:36:50,577] ERROR plantae_api HTTP 401 | UNAUTHORIZED | View: plant_list_view | Path: /api/v1/plants/
[2026-04-18 18:36:50,595] ERROR plantae_api HTTP 401 | UNAUTHORIZED | View: plant_list_view | Path: /api/v1/plants/
[2026-04-18 18:36:50,595] ERROR plantae_api HTTP 401 | UNAUTHORIZED | View: plant_list_view | Path: /api/v1/plants/
[2026-04-18 18:36:50,610] ERROR plantae_api HTTP 401 | UNAUTHORIZED | View: plant_list_view | Path: /api/v1/plants/
[2026-04-18 18:36:50,610] ERROR plantae_api HTTP 401 | UNAUTHORIZED | View: plant_list_view | Path: /api/v1/plants/
[2026-04-18 18:36:50,627] ERROR plantae_api HTTP 401 | UNAUTHORIZED | View: plant_list_view | Path: /api/v1/plants/
[2026-04-18 18:36:50,628] ERROR plantae_api HTTP 401 | UNAUTHORIZED | View: plant_list_view | Path: /api/v1/plants/
[2026-04-18 18:36:50,645] ERROR plantae_api HTTP 401 | UNAUTHORIZED | View: plant_list_view | Path: /api/v1/plants/
[2026-04-18 18:36:50,645] ERROR plantae_api HTTP 401 | UNAUTHORIZED | View: plant_list_view | Path: /api/v1/plants/
[2026-04-18 18:36:50,660] ERROR plantae_api HTTP 401 | UNAUTHORIZED | View: plant_list_view | Path: /api/v1/plants/
[2026-04-18 18:36:50,660] ERROR plantae_api HTTP 401 | UNAUTHORIZED | View: plant_list_view | Path: /api/v1/plants/
[2026-04-18 18:36:50,678] ERROR plantae_api HTTP 401 | UNAUTHORIZED | View: plant_list_view | Path: /api/v1/plants/
[2026-04-18 18:36:50,678] ERROR plantae_api HTTP 401 | UNAUTHORIZED | View: plant_list_view | Path: /api/v1/plants/
[2026-04-18 18:36:50,695] ERROR plantae_api HTTP 401 | UNAUTHORIZED | View: plant_list_view | Path: /api/v1/plants/
[2026-04-18 18:36:50,696] ERROR plantae_api HTTP 401 | UNAUTHORIZED | View: plant_list_view | Path: /api/v1/plants/
[2026-04-18 18:36:50,710] ERROR plantae_api HTTP 401 | UNAUTHORIZED | View: plant_list_view | Path: /api/v1/plants/
[2026-04-18 18:36:50,711] ERROR plantae_api HTTP 401 | UNAUTHORIZED | View: plant_list_view | Path: /api/v1/plants/
[2026-04-18 18:36:50,728] ERROR plantae_api HTTP 401 | UNAUTHORIZED | View: plant_list_view | Path: /api/v1/plants/
[2026-04-18 18:36:50,728] ERROR plantae_api HTTP 401 | UNAUTHORIZED | View: plant_list_view | Path: /api/v1/plants/
[2026-04-18 18:36:50,745] ERROR plantae_api HTTP 401 | UNAUTHORIZED | View: plant_list_view | Path: /api/v1/plants/
[2026-04-18 18:36:50,746] ERROR plantae_api HTTP 401 | UNAUTHORIZED | View: plant_list_view | Path: /api/v1/plants/
[2026-04-18 18:36:50,761] ERROR plantae_api HTTP 401 | UNAUTHORIZED | View: plant_list_view | Path: /api/v1/plants/
[2026-04-18 18:36:50,761] ERROR plantae_api HTTP 401 | UNAUTHORIZED | View: plant_list_view | Path: /api/v1/plants/
[2026-04-18 18:36:50,778] ERROR plantae_api HTTP 401 | UNAUTHORIZED | View: plant_list_view | Path: /api/v1/plants/
[2026-04-18 18:36:50,778] ERROR plantae_api HTTP 401 | UNAUTHORIZED | View: plant_list_view | Path: /api/v1/plants/
[2026-04-18 18:36:50,794] ERROR plantae_api HTTP 401 | UNAUTHORIZED | View: plant_list_view | Path: /api/v1/plants/
[2026-04-18 18:36:50,795] ERROR plantae_api HTTP 401 | UNAUTHORIZED | View: plant_list_view | Path: /api/v1/plants/
[2026-04-18 18:36:50,811] ERROR plantae_api HTTP 401 | UNAUTHORIZED | View: plant_list_view | Path: /api/v1/plants/
[2026-04-18 18:36:50,811] ERROR plantae_api HTTP 401 | UNAUTHORIZED | View: plant_list_view | Path: /api/v1/plants/
[2026-04-18 18:36:50,828] ERROR plantae_api HTTP 401 | UNAUTHORIZED | View: plant_list_view | Path: /api/v1/plants/
[2026-04-18 18:36:50,829] ERROR plantae_api HTTP 401 | UNAUTHORIZED | View: plant_list_view | Path: /api/v1/plants/
[2026-04-18 18:36:50,844] ERROR plantae_api HTTP 401 | UNAUTHORIZED | View: plant_list_view | Path: /api/v1/plants/
[2026-04-18 18:36:50,844] ERROR plantae_api HTTP 401 | UNAUTHORIZED | View: plant_list_view | Path: /api/v1/plants/
[2026-04-18 18:36:50,861] ERROR plantae_api HTTP 401 | UNAUTHORIZED | View: plant_list_view | Path: /api/v1/plants/
[2026-04-18 18:36:50,862] ERROR plantae_api HTTP 401 | UNAUTHORIZED | View: plant_list_view | Path: /api/v1/plants/
[2026-04-18 18:36:50,878] ERROR plantae_api HTTP 401 | UNAUTHORIZED | View: plant_list_view | Path: /api/v1/plants/
[2026-04-18 18:36:50,879] ERROR plantae_api HTTP 401 | UNAUTHORIZED | View: plant_list_view | Path: /api/v1/plants/
[2026-04-18 18:36:50,894] ERROR plantae_api HTTP 401 | UNAUTHORIZED | View: plant_list_view | Path: /api/v1/plants/
[2026-04-18 18:36:50,895] ERROR plantae_api HTTP 401 | UNAUTHORIZED | View: plant_list_view | Path: /api/v1/plants/
[2026-04-18 18:36:50,911] ERROR plantae_api HTTP 401 | UNAUTHORIZED | View: plant_list_view | Path: /api/v1/plants/
[2026-04-18 18:36:50,911] ERROR plantae_api HTTP 401 | UNAUTHORIZED | View: plant_list_view | Path: /api/v1/plants/
[2026-04-18 18:36:50,929] ERROR plantae_api HTTP 401 | UNAUTHORIZED | View: plant_list_view | Path: /api/v1/plants/
[2026-04-18 18:36:50,929] ERROR plantae_api HTTP 401 | UNAUTHORIZED | View: plant_list_view | Path: /api/v1/plants/
[2026-04-18 18:36:50,944] ERROR plantae_api HTTP 401 | UNAUTHORIZED | View: plant_list_view | Path: /api/v1/plants/
[2026-04-18 18:36:50,945] ERROR plantae_api HTTP 401 | UNAUTHORIZED | View: plant_list_view | Path: /api/v1/plants/
[2026-04-18 18:36:50,962] ERROR plantae_api HTTP 401 | UNAUTHORIZED | View: plant_list_view | Path: /api/v1/plants/
[2026-04-18 18:36:50,962] ERROR plantae_api HTTP 401 | UNAUTHORIZED | View: plant_list_view | Path: /api/v1/plants/
[2026-04-18 18:36:50,979] ERROR plantae_api HTTP 401 | UNAUTHORIZED | View: plant_list_view | Path: /api/v1/plants/
[2026-04-18 18:36:50,979] ERROR plantae_api HTTP 401 | UNAUTHORIZED | View: plant_list_view | Path: /api/v1/plants/
[2026-04-18 18:36:50,994] ERROR plantae_api HTTP 401 | UNAUTHORIZED | View: plant_list_view | Path: /api/v1/plants/
[2026-04-18 18:36:50,995] ERROR plantae_api HTTP 401 | UNAUTHORIZED | View: plant_list_view | Path: /api/v1/plants/
[2026-04-18 18:36:51,011] ERROR plantae_api HTTP 401 | UNAUTHORIZED | View: plant_list_view | Path: /api/v1/plants/
[2026-04-18 18:36:51,011] ERROR plantae_api HTTP 401 | UNAUTHORIZED | View: plant_list_view | Path: /api/v1/plants/
[2026-04-18 18:36:51,029] ERROR plantae_api HTTP 401 | UNAUTHORIZED | View: plant_list_view | Path: /api/v1/plants/
[2026-04-18 18:36:51,029] ERROR plantae_api HTTP 401 | UNAUTHORIZED | View: plant_list_view | Path: /api/v1/plants/
[2026-04-18 18:36:51,045] ERROR plantae_api HTTP 401 | UNAUTHORIZED | View: plant_list_view | Path: /api/v1/plants/
[2026-04-18 18:36:51,045] ERROR plantae_api HTTP 401 | UNAUTHORIZED | View: plant_list_view | Path: /api/v1/plants/
[2026-04-18 18:36:51,061] ERROR plantae_api HTTP 401 | UNAUTHORIZED | View: plant_list_view | Path: /api/v1/plants/
[2026-04-18 18:36:51,061] ERROR plantae_api HTTP 401 | UNAUTHORIZED | View: plant_list_view | Path: /api/v1/plants/
[2026-04-18 18:36:51,079] ERROR plantae_api HTTP 401 | UNAUTHORIZED | View: plant_list_view | Path: /api/v1/plants/
[2026-04-18 18:36:51,079] ERROR plantae_api HTTP 401 | UNAUTHORIZED | View: plant_list_view | Path: /api/v1/plants/
[2026-04-18 18:36:51,094] ERROR plantae_api HTTP 401 | UNAUTHORIZED | View: plant_list_view | Path: /api/v1/plants/
[2026-04-18 18:36:51,095] ERROR plantae_api HTTP 401 | UNAUTHORIZED | View: plant_list_view | Path: /api/v1/plants/
[2026-04-18 18:36:51,111] ERROR plantae_api HTTP 401 | UNAUTHORIZED | View: plant_list_view | Path: /api/v1/plants/
[2026-04-18 18:36:51,112] ERROR plantae_api HTTP 401 | UNAUTHORIZED | View: plant_list_view | Path: /api/v1/plants/
[2026-04-18 18:36:51,129] ERROR plantae_api HTTP 401 | UNAUTHORIZED | View: plant_list_view | Path: /api/v1/plants/
[2026-04-18 18:36:51,129] ERROR plantae_api HTTP 401 | UNAUTHORIZED | View: plant_list_view | Path: /api/v1/plants/
[2026-04-18 18:36:51,145] ERROR plantae_api HTTP 401 | UNAUTHORIZED | View: plant_list_view | Path: /api/v1/plants/
[2026-04-18 18:36:51,145] ERROR plantae_api HTTP 401 | UNAUTHORIZED | View: plant_list_view | Path: /api/v1/plants/
[2026-04-18 18:36:51,161] ERROR plantae_api HTTP 401 | UNAUTHORIZED | View: plant_list_view | Path: /api/v1/plants/
[2026-04-18 18:36:51,162] ERROR plantae_api HTTP 401 | UNAUTHORIZED | View: plant_list_view | Path: /api/v1/plants/
[2026-04-18 18:36:51,179] ERROR plantae_api HTTP 401 | UNAUTHORIZED | View: plant_list_view | Path: /api/v1/plants/
[2026-04-18 18:36:51,179] ERROR plantae_api HTTP 401 | UNAUTHORIZED | View: plant_list_view | Path: /api/v1/plants/
[2026-04-18 18:36:51,195] ERROR plantae_api HTTP 401 | UNAUTHORIZED | View: plant_list_view | Path: /api/v1/plants/
[2026-04-18 18:36:51,195] ERROR plantae_api HTTP 401 | UNAUTHORIZED | View: plant_list_view | Path: /api/v1/plants/
[2026-04-18 18:36:51,211] ERROR plantae_api HTTP 401 | UNAUTHORIZED | View: plant_list_view | Path: /api/v1/plants/
[2026-04-18 18:36:51,212] ERROR plantae_api HTTP 401 | UNAUTHORIZED | View: plant_list_view | Path: /api/v1/plants/
[2026-04-18 18:36:51,228] ERROR plantae_api HTTP 401 | UNAUTHORIZED | View: plant_list_view | Path: /api/v1/plants/
[2026-04-18 18:36:51,229] ERROR plantae_api HTTP 401 | UNAUTHORIZED | View: plant_list_view | Path: /api/v1/plants/
[2026-04-18 18:36:51,245] ERROR plantae_api HTTP 401 | UNAUTHORIZED | View: plant_list_view | Path: /api/v1/plants/
[2026-04-18 18:36:51,245] ERROR plantae_api HTTP 401 | UNAUTHORIZED | View: plant_list_view | Path: /api/v1/plants/
[2026-04-18 18:36:51,262] ERROR plantae_api HTTP 401 | UNAUTHORIZED | View: plant_list_view | Path: /api/v1/plants/
[2026-04-18 18:36:51,264] ERROR plantae_api HTTP 401 | UNAUTHORIZED | View: plant_list_view | Path: /api/v1/plants/
[2026-04-18 18:36:51,279] ERROR plantae_api HTTP 401 | UNAUTHORIZED | View: plant_list_view | Path: /api/v1/plants/
[2026-04-18 18:36:51,279] ERROR plantae_api HTTP 401 | UNAUTHORIZED | View: plant_list_view | Path: /api/v1/plants/
[2026-04-18 18:36:51,294] ERROR plantae_api HTTP 401 | UNAUTHORIZED | View: plant_list_view | Path: /api/v1/plants/
[2026-04-18 18:36:51,295] ERROR plantae_api HTTP 401 | UNAUTHORIZED | View: plant_list_view | Path: /api/v1/plants/
[2026-04-18 18:36:51,313] ERROR plantae_api HTTP 401 | UNAUTHORIZED | View: plant_list_view | Path: /api/v1/plants/
[2026-04-18 18:36:51,313] ERROR plantae_api HTTP 401 | UNAUTHORIZED | View: plant_list_view | Path: /api/v1/plants/
[2026-04-18 18:36:51,328] ERROR plantae_api HTTP 401 | UNAUTHORIZED | View: plant_list_view | Path: /api/v1/plants/
[2026-04-18 18:36:51,330] ERROR plantae_api HTTP 401 | UNAUTHORIZED | View: plant_list_view | Path: /api/v1/plants/
[2026-04-18 18:36:51,345] ERROR plantae_api HTTP 401 | UNAUTHORIZED | View: plant_list_view | Path: /api/v1/plants/
[2026-04-18 18:36:51,346] ERROR plantae_api HTTP 401 | UNAUTHORIZED | View: plant_list_view | Path: /api/v1/plants/
[2026-04-18 18:36:51,362] ERROR plantae_api HTTP 401 | UNAUTHORIZED | View: plant_list_view | Path: /api/v1/plants/
[2026-04-18 18:36:51,363] ERROR plantae_api HTTP 401 | UNAUTHORIZED | View: plant_list_view | Path: /api/v1/plants/
[2026-04-18 18:36:51,664] ERROR plantae_api HTTP 401 | UNAUTHORIZED | View: plant_list_view | Path: /api/v1/plants/
[2026-04-18 18:36:51,664] ERROR plantae_api HTTP 401 | UNAUTHORIZED | View: plant_list_view | Path: /api/v1/plants/
[2026-04-18 18:36:51,715] ERROR plantae_api HTTP 401 | UNAUTHORIZED | View: plant_list_view | Path: /api/v1/plants/
[2026-04-18 18:36:51,715] ERROR plantae_api HTTP 401 | UNAUTHORIZED | View: plant_list_view | Path: /api/v1/plants/
[2026-04-18 18:36:51,755] ERROR plantae_api HTTP 401 | UNAUTHORIZED | View: plant_list_view | Path: /api/v1/plants/
[2026-04-18 18:36:51,757] ERROR plantae_api HTTP 401 | UNAUTHORIZED | View: plant_list_view | Path: /api/v1/plants/
[2026-04-18 18:36:51,785] ERROR plantae_api HTTP 401 | UNAUTHORIZED | View: plant_list_view | Path: /api/v1/plants/
[2026-04-18 18:36:51,785] ERROR plantae_api HTTP 401 | UNAUTHORIZED | View: plant_list_view | Path: /api/v1/plants/
[2026-04-18 18:36:51,817] ERROR plantae_api HTTP 401 | UNAUTHORIZED | View: plant_list_view | Path: /api/v1/plants/
[2026-04-18 18:36:51,818] ERROR plantae_api HTTP 401 | UNAUTHORIZED | View: plant_list_view | Path: /api/v1/plants/
[2026-04-18 18:36:51,851] ERROR plantae_api HTTP 401 | UNAUTHORIZED | View: plant_list_view | Path: /api/v1/plants/
[2026-04-18 18:36:51,851] ERROR plantae_api HTTP 401 | UNAUTHORIZED | View: plant_list_view | Path: /api/v1/plants/
[2026-04-18 18:36:51,882] ERROR plantae_api HTTP 401 | UNAUTHORIZED | View: plant_list_view | Path: /api/v1/plants/
[2026-04-18 18:36:51,883] ERROR plantae_api HTTP 401 | UNAUTHORIZED | View: plant_list_view | Path: /api/v1/plants/
[2026-04-18 18:36:51,916] ERROR plantae_api HTTP 401 | UNAUTHORIZED | View: plant_list_view | Path: /api/v1/plants/
[2026-04-18 18:36:51,916] ERROR plantae_api HTTP 401 | UNAUTHORIZED | View: plant_list_view | Path: /api/v1/plants/
[2026-04-18 18:36:51,950] ERROR plantae_api HTTP 401 | UNAUTHORIZED | View: plant_list_view | Path: /api/v1/plants/
[2026-04-18 18:36:51,950] ERROR plantae_api HTTP 401 | UNAUTHORIZED | View: plant_list_view | Path: /api/v1/plants/
[2026-04-18 18:36:51,981] ERROR plantae_api HTTP 401 | UNAUTHORIZED | View: plant_list_view | Path: /api/v1/plants/
[2026-04-18 18:36:51,982] ERROR plantae_api HTTP 401 | UNAUTHORIZED | View: plant_list_view | Path: /api/v1/plants/
[2026-04-18 18:36:51,998] ERROR plantae_api HTTP 401 | UNAUTHORIZED | View: plant_list_view | Path: /api/v1/plants/
[2026-04-18 18:36:51,998] ERROR plantae_api HTTP 401 | UNAUTHORIZED | View: plant_list_view | Path: /api/v1/plants/
[2026-04-18 18:36:52,014] ERROR plantae_api HTTP 401 | UNAUTHORIZED | View: plant_list_view | Path: /api/v1/plants/
[2026-04-18 18:36:52,015] ERROR plantae_api HTTP 401 | UNAUTHORIZED | View: plant_list_view | Path: /api/v1/plants/
[2026-04-18 18:36:52,029] ERROR plantae_api HTTP 401 | UNAUTHORIZED | View: plant_list_view | Path: /api/v1/plants/
[2026-04-18 18:36:52,030] ERROR plantae_api HTTP 401 | UNAUTHORIZED | View: plant_list_view | Path: /api/v1/plants/
[2026-04-18 18:36:52,045] ERROR plantae_api HTTP 401 | UNAUTHORIZED | View: plant_list_view | Path: /api/v1/plants/
[2026-04-18 18:36:52,047] ERROR plantae_api HTTP 401 | UNAUTHORIZED | View: plant_list_view | Path: /api/v1/plants/
[2026-04-18 18:36:52,063] ERROR plantae_api HTTP 401 | UNAUTHORIZED | View: plant_list_view | Path: /api/v1/plants/
[2026-04-18 18:36:52,064] ERROR plantae_api HTTP 401 | UNAUTHORIZED | View: plant_list_view | Path: /api/v1/plants/
[2026-04-18 18:36:52,080] ERROR plantae_api HTTP 401 | UNAUTHORIZED | View: plant_list_view | Path: /api/v1/plants/
[2026-04-18 18:36:52,080] ERROR plantae_api HTTP 401 | UNAUTHORIZED | View: plant_list_view | Path: /api/v1/plants/
[2026-04-18 18:36:52,097] ERROR plantae_api HTTP 401 | UNAUTHORIZED | View: plant_list_view | Path: /api/v1/plants/
[2026-04-18 18:36:52,097] ERROR plantae_api HTTP 401 | UNAUTHORIZED | View: plant_list_view | Path: /api/v1/plants/
[2026-04-18 18:36:52,113] ERROR plantae_api HTTP 401 | UNAUTHORIZED | View: plant_list_view | Path: /api/v1/plants/
[2026-04-18 18:36:52,113] ERROR plantae_api HTTP 401 | UNAUTHORIZED | View: plant_list_view | Path: /api/v1/plants/
[2026-04-18 18:36:52,130] ERROR plantae_api HTTP 401 | UNAUTHORIZED | View: plant_list_view | Path: /api/v1/plants/
[2026-04-18 18:36:52,130] ERROR plantae_api HTTP 401 | UNAUTHORIZED | View: plant_list_view | Path: /api/v1/plants/
[2026-04-18 18:36:52,149] ERROR plantae_api HTTP 401 | UNAUTHORIZED | View: plant_list_view | Path: /api/v1/plants/
[2026-04-18 18:36:52,150] ERROR plantae_api HTTP 401 | UNAUTHORIZED | View: plant_list_view | Path: /api/v1/plants/
[2026-04-18 18:36:52,163] ERROR plantae_api HTTP 401 | UNAUTHORIZED | View: plant_list_view | Path: /api/v1/plants/
[2026-04-18 18:36:52,163] ERROR plantae_api HTTP 401 | UNAUTHORIZED | View: plant_list_view | Path: /api/v1/plants/
[2026-04-18 18:36:52,180] ERROR plantae_api HTTP 401 | UNAUTHORIZED | View: plant_list_view | Path: /api/v1/plants/
[2026-04-18 18:36:52,181] ERROR plantae_api HTTP 401 | UNAUTHORIZED | View: plant_list_view | Path: /api/v1/plants/
[2026-04-18 18:36:52,197] ERROR plantae_api HTTP 401 | UNAUTHORIZED | View: plant_list_view | Path: /api/v1/plants/
[2026-04-18 18:36:52,197] ERROR plantae_api HTTP 401 | UNAUTHORIZED | View: plant_list_view | Path: /api/v1/plants/
[2026-04-18 18:36:52,213] ERROR plantae_api HTTP 401 | UNAUTHORIZED | View: plant_list_view | Path: /api/v1/plants/
[2026-04-18 18:36:52,214] ERROR plantae_api HTTP 401 | UNAUTHORIZED | View: plant_list_view | Path: /api/v1/plants/
[2026-04-18 18:36:52,230] ERROR plantae_api HTTP 401 | UNAUTHORIZED | View: plant_list_view | Path: /api/v1/plants/
[2026-04-18 18:36:52,231] ERROR plantae_api HTTP 401 | UNAUTHORIZED | View: plant_list_view | Path: /api/v1/plants/
[2026-04-18 18:36:52,247] ERROR plantae_api HTTP 401 | UNAUTHORIZED | View: plant_list_view | Path: /api/v1/plants/
[2026-04-18 18:36:52,248] ERROR plantae_api HTTP 401 | UNAUTHORIZED | View: plant_list_view | Path: /api/v1/plants/
[2026-04-18 18:36:52,264] ERROR plantae_api HTTP 401 | UNAUTHORIZED | View: plant_list_view | Path: /api/v1/plants/
[2026-04-18 18:36:52,264] ERROR plantae_api HTTP 401 | UNAUTHORIZED | View: plant_list_view | Path: /api/v1/plants/
[2026-04-18 18:36:52,279] ERROR plantae_api HTTP 401 | UNAUTHORIZED | View: plant_list_view | Path: /api/v1/plants/
[2026-04-18 18:36:52,280] ERROR plantae_api HTTP 401 | UNAUTHORIZED | View: plant_list_view | Path: /api/v1/plants/
[2026-04-18 18:36:52,297] ERROR plantae_api HTTP 401 | UNAUTHORIZED | View: plant_list_view | Path: /api/v1/plants/
[2026-04-18 18:36:52,299] ERROR plantae_api HTTP 401 | UNAUTHORIZED | View: plant_list_view | Path: /api/v1/plants/
[2026-04-18 18:36:52,314] ERROR plantae_api HTTP 401 | UNAUTHORIZED | View: plant_list_view | Path: /api/v1/plants/
[2026-04-18 18:36:52,314] ERROR plantae_api HTTP 401 | UNAUTHORIZED | View: plant_list_view | Path: /api/v1/plants/
[2026-04-18 18:36:52,330] ERROR plantae_api HTTP 401 | UNAUTHORIZED | View: plant_list_view | Path: /api/v1/plants/
[2026-04-18 18:36:52,331] ERROR plantae_api HTTP 401 | UNAUTHORIZED | View: plant_list_view | Path: /api/v1/plants/
[2026-04-18 18:36:52,348] ERROR plantae_api HTTP 401 | UNAUTHORIZED | View: plant_list_view | Path: /api/v1/plants/
[2026-04-18 18:36:52,348] ERROR plantae_api HTTP 401 | UNAUTHORIZED | View: plant_list_view | Path: /api/v1/plants/
[2026-04-18 18:36:52,363] ERROR plantae_api HTTP 401 | UNAUTHORIZED | View: plant_list_view | Path: /api/v1/plants/
[2026-04-18 18:36:52,364] ERROR plantae_api HTTP 401 | UNAUTHORIZED | View: plant_list_view | Path: /api/v1/plants/
[2026-04-18 18:36:52,381] ERROR plantae_api HTTP 401 | UNAUTHORIZED | View: plant_list_view | Path: /api/v1/plants/
[2026-04-18 18:36:52,381] ERROR plantae_api HTTP 401 | UNAUTHORIZED | View: plant_list_view | Path: /api/v1/plants/
[2026-04-18 18:36:52,398] ERROR plantae_api HTTP 401 | UNAUTHORIZED | View: plant_list_view | Path: /api/v1/plants/
[2026-04-18 18:36:52,398] ERROR plantae_api HTTP 401 | UNAUTHORIZED | View: plant_list_view | Path: /api/v1/plants/
[2026-04-18 18:36:52,431] ERROR plantae_api HTTP 401 | UNAUTHORIZED | View: plant_list_view | Path: /api/v1/plants/
[2026-04-18 18:36:52,432] ERROR plantae_api HTTP 401 | UNAUTHORIZED | View: plant_list_view | Path: /api/v1/plants/
[2026-04-18 18:36:52,465] ERROR plantae_api HTTP 401 | UNAUTHORIZED | View: plant_list_view | Path: /api/v1/plants/
[2026-04-18 18:36:52,465] ERROR plantae_api HTTP 401 | UNAUTHORIZED | View: plant_list_view | Path: /api/v1/plants/
[2026-04-18 18:36:52,480] ERROR plantae_api HTTP 401 | UNAUTHORIZED | View: plant_list_view | Path: /api/v1/plants/
[2026-04-18 18:36:52,481] ERROR plantae_api HTTP 401 | UNAUTHORIZED | View: plant_list_view | Path: /api/v1/plants/
[2026-04-18 18:36:52,498] ERROR plantae_api HTTP 401 | UNAUTHORIZED | View: plant_list_view | Path: /api/v1/plants/
[2026-04-18 18:36:52,498] ERROR plantae_api HTTP 401 | UNAUTHORIZED | View: plant_list_view | Path: /api/v1/plants/
[2026-04-18 18:36:52,515] ERROR plantae_api HTTP 401 | UNAUTHORIZED | View: plant_list_view | Path: /api/v1/plants/
[2026-04-18 18:36:52,515] ERROR plantae_api HTTP 401 | UNAUTHORIZED | View: plant_list_view | Path: /api/v1/plants/
[2026-04-18 18:36:52,531] ERROR plantae_api HTTP 401 | UNAUTHORIZED | View: plant_list_view | Path: /api/v1/plants/
[2026-04-18 18:36:52,531] ERROR plantae_api HTTP 401 | UNAUTHORIZED | View: plant_list_view | Path: /api/v1/plants/
[2026-04-18 18:36:52,547] ERROR plantae_api HTTP 401 | UNAUTHORIZED | View: plant_list_view | Path: /api/v1/plants/
[2026-04-18 18:36:52,548] ERROR plantae_api HTTP 401 | UNAUTHORIZED | View: plant_list_view | Path: /api/v1/plants/
[2026-04-18 18:36:52,565] ERROR plantae_api HTTP 401 | UNAUTHORIZED | View: plant_list_view | Path: /api/v1/plants/
[2026-04-18 18:36:52,565] ERROR plantae_api HTTP 401 | UNAUTHORIZED | View: plant_list_view | Path: /api/v1/plants/
[2026-04-18 18:36:52,582] ERROR plantae_api HTTP 401 | UNAUTHORIZED | View: plant_list_view | Path: /api/v1/plants/
[2026-04-18 18:36:52,582] ERROR plantae_api HTTP 401 | UNAUTHORIZED | View: plant_list_view | Path: /api/v1/plants/
[2026-04-18 18:36:52,596] ERROR plantae_api HTTP 401 | UNAUTHORIZED | View: plant_list_view | Path: /api/v1/plants/
[2026-04-18 18:36:52,597] ERROR plantae_api HTTP 401 | UNAUTHORIZED | View: plant_list_view | Path: /api/v1/plants/
[2026-04-18 18:36:52,615] ERROR plantae_api HTTP 401 | UNAUTHORIZED | View: plant_list_view | Path: /api/v1/plants/
[2026-04-18 18:36:52,616] ERROR plantae_api HTTP 401 | UNAUTHORIZED | View: plant_list_view | Path: /api/v1/plants/
[2026-04-18 18:36:52,630] ERROR plantae_api HTTP 401 | UNAUTHORIZED | View: plant_list_view | Path: /api/v1/plants/
[2026-04-18 18:36:52,630] ERROR plantae_api HTTP 401 | UNAUTHORIZED | View: plant_list_view | Path: /api/v1/plants/
[2026-04-18 18:36:52,648] ERROR plantae_api HTTP 401 | UNAUTHORIZED | View: plant_list_view | Path: /api/v1/plants/
[2026-04-18 18:36:52,648] ERROR plantae_api HTTP 401 | UNAUTHORIZED | View: plant_list_view | Path: /api/v1/plants/
[2026-04-18 18:36:52,665] ERROR plantae_api HTTP 401 | UNAUTHORIZED | View: plant_list_view | Path: /api/v1/plants/
[2026-04-18 18:36:52,665] ERROR plantae_api HTTP 401 | UNAUTHORIZED | View: plant_list_view | Path: /api/v1/plants/
[2026-04-18 18:36:52,681] ERROR plantae_api HTTP 401 | UNAUTHORIZED | View: plant_list_view | Path: /api/v1/plants/
[2026-04-18 18:36:52,682] ERROR plantae_api HTTP 401 | UNAUTHORIZED | View: plant_list_view | Path: /api/v1/plants/
[2026-04-18 18:36:52,697] ERROR plantae_api HTTP 401 | UNAUTHORIZED | View: plant_list_view | Path: /api/v1/plants/
[2026-04-18 18:36:52,698] ERROR plantae_api HTTP 401 | UNAUTHORIZED | View: plant_list_view | Path: /api/v1/plants/
[2026-04-18 18:36:52,715] ERROR plantae_api HTTP 401 | UNAUTHORIZED | View: plant_list_view | Path: /api/v1/plants/
[2026-04-18 18:36:52,715] ERROR plantae_api HTTP 401 | UNAUTHORIZED | View: plant_list_view | Path: /api/v1/plants/
[2026-04-18 18:36:52,732] ERROR plantae_api HTTP 401 | UNAUTHORIZED | View: plant_list_view | Path: /api/v1/plants/
[2026-04-18 18:36:52,732] ERROR plantae_api HTTP 401 | UNAUTHORIZED | View: plant_list_view | Path: /api/v1/plants/
[2026-04-18 18:36:52,748] ERROR plantae_api HTTP 401 | UNAUTHORIZED | View: plant_list_view | Path: /api/v1/plants/
[2026-04-18 18:36:52,748] ERROR plantae_api HTTP 401 | UNAUTHORIZED | View: plant_list_view | Path: /api/v1/plants/
[2026-04-18 18:36:52,765] ERROR plantae_api HTTP 401 | UNAUTHORIZED | View: plant_list_view | Path: /api/v1/plants/
[2026-04-18 18:36:52,765] ERROR plantae_api HTTP 401 | UNAUTHORIZED | View: plant_list_view | Path: /api/v1/plants/
[2026-04-18 18:36:52,781] ERROR plantae_api HTTP 401 | UNAUTHORIZED | View: plant_list_view | Path: /api/v1/plants/
[2026-04-18 18:36:52,781] ERROR plantae_api HTTP 401 | UNAUTHORIZED | View: plant_list_view | Path: /api/v1/plants/
[2026-04-18 18:36:52,798] ERROR plantae_api HTTP 401 | UNAUTHORIZED | View: plant_list_view | Path: /api/v1/plants/
[2026-04-18 18:36:52,799] ERROR plantae_api HTTP 401 | UNAUTHORIZED | View: plant_list_view | Path: /api/v1/plants/
[2026-04-18 18:36:52,814] ERROR plantae_api HTTP 401 | UNAUTHORIZED | View: plant_list_view | Path: /api/v1/plants/
[2026-04-18 18:36:52,816] ERROR plantae_api HTTP 401 | UNAUTHORIZED | View: plant_list_view | Path: /api/v1/plants/
[2026-04-18 18:36:52,831] ERROR plantae_api HTTP 401 | UNAUTHORIZED | View: plant_list_view | Path: /api/v1/plants/
[2026-04-18 18:36:52,832] ERROR plantae_api HTTP 401 | UNAUTHORIZED | View: plant_list_view | Path: /api/v1/plants/
[2026-04-18 18:36:52,848] ERROR plantae_api HTTP 401 | UNAUTHORIZED | View: plant_list_view | Path: /api/v1/plants/
[2026-04-18 18:36:52,848] ERROR plantae_api HTTP 401 | UNAUTHORIZED | View: plant_list_view | Path: /api/v1/plants/
[2026-04-18 18:36:52,865] ERROR plantae_api HTTP 401 | UNAUTHORIZED | View: plant_list_view | Path: /api/v1/plants/
[2026-04-18 18:36:52,865] ERROR plantae_api HTTP 401 | UNAUTHORIZED | View: plant_list_view | Path: /api/v1/plants/
[2026-04-18 18:36:52,882] ERROR plantae_api HTTP 401 | UNAUTHORIZED | View: plant_list_view | Path: /api/v1/plants/
[2026-04-18 18:36:52,882] ERROR plantae_api HTTP 401 | UNAUTHORIZED | View: plant_list_view | Path: /api/v1/plants/
[2026-04-18 18:36:52,897] ERROR plantae_api HTTP 401 | UNAUTHORIZED | View: plant_list_view | Path: /api/v1/plants/
[2026-04-18 18:36:52,902] ERROR plantae_api HTTP 401 | UNAUTHORIZED | View: plant_list_view | Path: /api/v1/plants/
[2026-04-18 18:36:52,915] ERROR plantae_api HTTP 401 | UNAUTHORIZED | View: plant_list_view | Path: /api/v1/plants/
[2026-04-18 18:36:52,915] ERROR plantae_api HTTP 401 | UNAUTHORIZED | View: plant_list_view | Path: /api/v1/plants/
[2026-04-18 18:36:52,931] ERROR plantae_api HTTP 401 | UNAUTHORIZED | View: plant_list_view | Path: /api/v1/plants/
[2026-04-18 18:36:52,932] ERROR plantae_api HTTP 401 | UNAUTHORIZED | View: plant_list_view | Path: /api/v1/plants/
[2026-04-18 18:36:52,948] ERROR plantae_api HTTP 401 | UNAUTHORIZED | View: plant_list_view | Path: /api/v1/plants/
[2026-04-18 18:36:52,949] ERROR plantae_api HTTP 401 | UNAUTHORIZED | View: plant_list_view | Path: /api/v1/plants/
[2026-04-18 18:36:52,964] ERROR plantae_api HTTP 401 | UNAUTHORIZED | View: plant_list_view | Path: /api/v1/plants/
[2026-04-18 18:36:52,965] ERROR plantae_api HTTP 401 | UNAUTHORIZED | View: plant_list_view | Path: /api/v1/plants/
[2026-04-18 18:36:52,982] ERROR plantae_api HTTP 401 | UNAUTHORIZED | View: plant_list_view | Path: /api/v1/plants/
[2026-04-18 18:36:52,983] ERROR plantae_api HTTP 401 | UNAUTHORIZED | View: plant_list_view | Path: /api/v1/plants/
[2026-04-18 18:36:52,999] ERROR plantae_api HTTP 401 | UNAUTHORIZED | View: plant_list_view | Path: /api/v1/plants/
[2026-04-18 18:36:53,000] ERROR plantae_api HTTP 401 | UNAUTHORIZED | View: plant_list_view | Path: /api/v1/plants/
[2026-04-18 18:36:53,015] ERROR plantae_api HTTP 401 | UNAUTHORIZED | View: plant_list_view | Path: /api/v1/plants/
[2026-04-18 18:36:53,016] ERROR plantae_api HTTP 401 | UNAUTHORIZED | View: plant_list_view | Path: /api/v1/plants/
[2026-04-18 18:36:53,032] ERROR plantae_api HTTP 401 | UNAUTHORIZED | View: plant_list_view | Path: /api/v1/plants/
[2026-04-18 18:36:53,032] ERROR plantae_api HTTP 401 | UNAUTHORIZED | View: plant_list_view | Path: /api/v1/plants/
[2026-04-18 18:36:53,049] ERROR plantae_api HTTP 401 | UNAUTHORIZED | View: plant_list_view | Path: /api/v1/plants/
[2026-04-18 18:36:53,049] ERROR plantae_api HTTP 401 | UNAUTHORIZED | View: plant_list_view | Path: /api/v1/plants/
[2026-04-18 18:36:53,065] ERROR plantae_api HTTP 401 | UNAUTHORIZED | View: plant_list_view | Path: /api/v1/plants/
[2026-04-18 18:36:53,065] ERROR plantae_api HTTP 401 | UNAUTHORIZED | View: plant_list_view | Path: /api/v1/plants/
[2026-04-18 18:36:53,081] ERROR plantae_api HTTP 401 | UNAUTHORIZED | View: plant_list_view | Path: /api/v1/plants/
[2026-04-18 18:36:53,082] ERROR plantae_api HTTP 401 | UNAUTHORIZED | View: plant_list_view | Path: /api/v1/plants/
[2026-04-18 18:36:53,098] ERROR plantae_api HTTP 401 | UNAUTHORIZED | View: plant_list_view | Path: /api/v1/plants/
[2026-04-18 18:36:53,099] ERROR plantae_api HTTP 401 | UNAUTHORIZED | View: plant_list_view | Path: /api/v1/plants/
[2026-04-18 18:36:53,114] ERROR plantae_api HTTP 401 | UNAUTHORIZED | View: plant_list_view | Path: /api/v1/plants/
[2026-04-18 18:36:53,115] ERROR plantae_api HTTP 401 | UNAUTHORIZED | View: plant_list_view | Path: /api/v1/plants/
[2026-04-18 18:36:53,132] ERROR plantae_api HTTP 401 | UNAUTHORIZED | View: plant_list_view | Path: /api/v1/plants/
[2026-04-18 18:36:53,132] ERROR plantae_api HTTP 401 | UNAUTHORIZED | View: plant_list_view | Path: /api/v1/plants/
[2026-04-18 18:36:53,149] ERROR plantae_api HTTP 401 | UNAUTHORIZED | View: plant_list_view | Path: /api/v1/plants/
[2026-04-18 18:36:53,149] ERROR plantae_api HTTP 401 | UNAUTHORIZED | View: plant_list_view | Path: /api/v1/plants/
[2026-04-18 18:36:53,165] ERROR plantae_api HTTP 401 | UNAUTHORIZED | View: plant_list_view | Path: /api/v1/plants/
[2026-04-18 18:36:53,165] ERROR plantae_api HTTP 401 | UNAUTHORIZED | View: plant_list_view | Path: /api/v1/plants/
[2026-04-18 18:36:53,182] ERROR plantae_api HTTP 401 | UNAUTHORIZED | View: plant_list_view | Path: /api/v1/plants/
[2026-04-18 18:36:53,182] ERROR plantae_api HTTP 401 | UNAUTHORIZED | View: plant_list_view | Path: /api/v1/plants/
[2026-04-18 18:36:53,199] ERROR plantae_api HTTP 401 | UNAUTHORIZED | View: plant_list_view | Path: /api/v1/plants/
[2026-04-18 18:36:53,200] ERROR plantae_api HTTP 401 | UNAUTHORIZED | View: plant_list_view | Path: /api/v1/plants/
[2026-04-18 18:36:53,216] ERROR plantae_api HTTP 401 | UNAUTHORIZED | View: plant_list_view | Path: /api/v1/plants/
[2026-04-18 18:36:53,216] ERROR plantae_api HTTP 401 | UNAUTHORIZED | View: plant_list_view | Path: /api/v1/plants/
[2026-04-18 18:36:53,232] ERROR plantae_api HTTP 401 | UNAUTHORIZED | View: plant_list_view | Path: /api/v1/plants/
[2026-04-18 18:36:53,232] ERROR plantae_api HTTP 401 | UNAUTHORIZED | View: plant_list_view | Path: /api/v1/plants/
[2026-04-18 18:36:53,249] ERROR plantae_api HTTP 401 | UNAUTHORIZED | View: plant_list_view | Path: /api/v1/plants/
[2026-04-18 18:36:53,250] ERROR plantae_api HTTP 401 | UNAUTHORIZED | View: plant_list_view | Path: /api/v1/plants/
[2026-04-18 18:36:53,265] ERROR plantae_api HTTP 401 | UNAUTHORIZED | View: plant_list_view | Path: /api/v1/plants/
[2026-04-18 18:36:53,265] ERROR plantae_api HTTP 401 | UNAUTHORIZED | View: plant_list_view | Path: /api/v1/plants/
[2026-04-18 18:36:53,282] ERROR plantae_api HTTP 401 | UNAUTHORIZED | View: plant_list_view | Path: /api/v1/plants/
[2026-04-18 18:36:53,283] ERROR plantae_api HTTP 401 | UNAUTHORIZED | View: plant_list_view | Path: /api/v1/plants/
[2026-04-18 18:36:53,299] ERROR plantae_api HTTP 401 | UNAUTHORIZED | View: plant_list_view | Path: /api/v1/plants/
[2026-04-18 18:36:53,299] ERROR plantae_api HTTP 401 | UNAUTHORIZED | View: plant_list_view | Path: /api/v1/plants/
[2026-04-18 18:36:53,315] ERROR plantae_api HTTP 401 | UNAUTHORIZED | View: plant_list_view | Path: /api/v1/plants/
[2026-04-18 18:36:53,315] ERROR plantae_api HTTP 401 | UNAUTHORIZED | View: plant_list_view | Path: /api/v1/plants/
[2026-04-18 18:36:53,333] ERROR plantae_api HTTP 401 | UNAUTHORIZED | View: plant_list_view | Path: /api/v1/plants/
[2026-04-18 18:36:53,333] ERROR plantae_api HTTP 401 | UNAUTHORIZED | View: plant_list_view | Path: /api/v1/plants/
[2026-04-18 18:36:53,349] ERROR plantae_api HTTP 401 | UNAUTHORIZED | View: plant_list_view | Path: /api/v1/plants/
[2026-04-18 18:36:53,349] ERROR plantae_api HTTP 401 | UNAUTHORIZED | View: plant_list_view | Path: /api/v1/plants/
[2026-04-18 18:36:53,365] ERROR plantae_api HTTP 401 | UNAUTHORIZED | View: plant_list_view | Path: /api/v1/plants/
[2026-04-18 18:36:53,365] ERROR plantae_api HTTP 401 | UNAUTHORIZED | View: plant_list_view | Path: /api/v1/plants/
[2026-04-18 18:36:53,382] ERROR plantae_api HTTP 401 | UNAUTHORIZED | View: plant_list_view | Path: /api/v1/plants/
[2026-04-18 18:36:53,383] ERROR plantae_api HTTP 401 | UNAUTHORIZED | View: plant_list_view | Path: /api/v1/plants/
[2026-04-18 18:36:53,400] ERROR plantae_api HTTP 401 | UNAUTHORIZED | View: plant_list_view | Path: /api/v1/plants/
[2026-04-18 18:36:53,400] ERROR plantae_api HTTP 401 | UNAUTHORIZED | View: plant_list_view | Path: /api/v1/plants/
[2026-04-18 18:36:53,415] ERROR plantae_api HTTP 401 | UNAUTHORIZED | View: plant_list_view | Path: /api/v1/plants/
[2026-04-18 18:36:53,415] ERROR plantae_api HTTP 401 | UNAUTHORIZED | View: plant_list_view | Path: /api/v1/plants/
[2026-04-18 18:36:53,433] ERROR plantae_api HTTP 401 | UNAUTHORIZED | View: plant_list_view | Path: /api/v1/plants/
[2026-04-18 18:36:53,433] ERROR plantae_api HTTP 401 | UNAUTHORIZED | View: plant_list_view | Path: /api/v1/plants/
[2026-04-18 18:36:53,449] ERROR plantae_api HTTP 401 | UNAUTHORIZED | View: plant_list_view | Path: /api/v1/plants/
[2026-04-18 18:36:53,449] ERROR plantae_api HTTP 401 | UNAUTHORIZED | View: plant_list_view | Path: /api/v1/plants/
[2026-04-18 18:36:53,466] ERROR plantae_api HTTP 401 | UNAUTHORIZED | View: plant_list_view | Path: /api/v1/plants/
[2026-04-18 18:36:53,466] ERROR plantae_api HTTP 401 | UNAUTHORIZED | View: plant_list_view | Path: /api/v1/plants/
[2026-04-18 18:36:53,483] ERROR plantae_api HTTP 401 | UNAUTHORIZED | View: plant_list_view | Path: /api/v1/plants/
[2026-04-18 18:36:53,483] ERROR plantae_api HTTP 401 | UNAUTHORIZED | View: plant_list_view | Path: /api/v1/plants/
[2026-04-18 18:36:53,499] ERROR plantae_api HTTP 401 | UNAUTHORIZED | View: plant_list_view | Path: /api/v1/plants/
[2026-04-18 18:36:53,499] ERROR plantae_api HTTP 401 | UNAUTHORIZED | View: plant_list_view | Path: /api/v1/plants/
[2026-04-18 18:36:53,515] ERROR plantae_api HTTP 401 | UNAUTHORIZED | View: plant_list_view | Path: /api/v1/plants/
[2026-04-18 18:36:53,517] ERROR plantae_api HTTP 401 | UNAUTHORIZED | View: plant_list_view | Path: /api/v1/plants/
[2026-04-18 18:36:53,534] ERROR plantae_api HTTP 401 | UNAUTHORIZED | View: plant_list_view | Path: /api/v1/plants/
[2026-04-18 18:36:53,534] ERROR plantae_api HTTP 401 | UNAUTHORIZED | View: plant_list_view | Path: /api/v1/plants/
[2026-04-18 18:36:53,549] ERROR plantae_api HTTP 401 | UNAUTHORIZED | View: plant_list_view | Path: /api/v1/plants/
[2026-04-18 18:36:53,549] ERROR plantae_api HTTP 401 | UNAUTHORIZED | View: plant_list_view | Path: /api/v1/plants/
[2026-04-18 18:36:53,565] ERROR plantae_api HTTP 401 | UNAUTHORIZED | View: plant_list_view | Path: /api/v1/plants/
[2026-04-18 18:36:53,566] ERROR plantae_api HTTP 401 | UNAUTHORIZED | View: plant_list_view | Path: /api/v1/plants/
[2026-04-18 18:36:53,583] ERROR plantae_api HTTP 401 | UNAUTHORIZED | View: plant_list_view | Path: /api/v1/plants/
[2026-04-18 18:36:53,584] ERROR plantae_api HTTP 401 | UNAUTHORIZED | View: plant_list_view | Path: /api/v1/plants/
[2026-04-18 18:36:53,599] ERROR plantae_api HTTP 401 | UNAUTHORIZED | View: plant_list_view | Path: /api/v1/plants/
[2026-04-18 18:36:53,599] ERROR plantae_api HTTP 401 | UNAUTHORIZED | View: plant_list_view | Path: /api/v1/plants/
[2026-04-18 18:36:53,616] ERROR plantae_api HTTP 401 | UNAUTHORIZED | View: plant_list_view | Path: /api/v1/plants/
[2026-04-18 18:36:53,617] ERROR plantae_api HTTP 401 | UNAUTHORIZED | View: plant_list_view | Path: /api/v1/plants/
[2026-04-18 18:36:53,634] ERROR plantae_api HTTP 401 | UNAUTHORIZED | View: plant_list_view | Path: /api/v1/plants/
[2026-04-18 18:36:53,634] ERROR plantae_api HTTP 401 | UNAUTHORIZED | View: plant_list_view | Path: /api/v1/plants/
[2026-04-18 18:36:53,649] ERROR plantae_api HTTP 401 | UNAUTHORIZED | View: plant_list_view | Path: /api/v1/plants/
[2026-04-18 18:36:53,650] ERROR plantae_api HTTP 401 | UNAUTHORIZED | View: plant_list_view | Path: /api/v1/plants/
[2026-04-18 18:36:53,667] ERROR plantae_api HTTP 401 | UNAUTHORIZED | View: plant_list_view | Path: /api/v1/plants/
[2026-04-18 18:36:53,667] ERROR plantae_api HTTP 401 | UNAUTHORIZED | View: plant_list_view | Path: /api/v1/plants/
[2026-04-18 18:36:53,683] ERROR plantae_api HTTP 401 | UNAUTHORIZED | View: plant_list_view | Path: /api/v1/plants/
[2026-04-18 18:36:53,683] ERROR plantae_api HTTP 401 | UNAUTHORIZED | View: plant_list_view | Path: /api/v1/plants/
[2026-04-18 18:36:53,699] ERROR plantae_api HTTP 401 | UNAUTHORIZED | View: plant_list_view | Path: /api/v1/plants/
[2026-04-18 18:36:53,700] ERROR plantae_api HTTP 401 | UNAUTHORIZED | View: plant_list_view | Path: /api/v1/plants/
[2026-04-18 18:36:53,716] ERROR plantae_api HTTP 401 | UNAUTHORIZED | View: plant_list_view | Path: /api/v1/plants/
[2026-04-18 18:36:53,717] ERROR plantae_api HTTP 401 | UNAUTHORIZED | View: plant_list_view | Path: /api/v1/plants/
[2026-04-18 18:36:53,734] ERROR plantae_api HTTP 401 | UNAUTHORIZED | View: plant_list_view | Path: /api/v1/plants/
[2026-04-18 18:36:53,734] ERROR plantae_api HTTP 401 | UNAUTHORIZED | View: plant_list_view | Path: /api/v1/plants/
[2026-04-18 18:36:53,749] ERROR plantae_api HTTP 401 | UNAUTHORIZED | View: plant_list_view | Path: /api/v1/plants/
[2026-04-18 18:36:53,749] ERROR plantae_api HTTP 401 | UNAUTHORIZED | View: plant_list_view | Path: /api/v1/plants/
[2026-04-18 18:36:53,767] ERROR plantae_api HTTP 401 | UNAUTHORIZED | View: plant_list_view | Path: /api/v1/plants/
[2026-04-18 18:36:53,767] ERROR plantae_api HTTP 401 | UNAUTHORIZED | View: plant_list_view | Path: /api/v1/plants/
[2026-04-18 18:36:53,782] ERROR plantae_api HTTP 401 | UNAUTHORIZED | View: plant_list_view | Path: /api/v1/plants/
[2026-04-18 18:36:53,782] ERROR plantae_api HTTP 401 | UNAUTHORIZED | View: plant_list_view | Path: /api/v1/plants/
[2026-04-18 18:36:53,800] ERROR plantae_api HTTP 401 | UNAUTHORIZED | View: plant_list_view | Path: /api/v1/plants/
[2026-04-18 18:36:53,800] ERROR plantae_api HTTP 401 | UNAUTHORIZED | View: plant_list_view | Path: /api/v1/plants/
[2026-04-18 18:36:53,817] ERROR plantae_api HTTP 401 | UNAUTHORIZED | View: plant_list_view | Path: /api/v1/plants/
[2026-04-18 18:36:53,817] ERROR plantae_api HTTP 401 | UNAUTHORIZED | View: plant_list_view | Path: /api/v1/plants/
[2026-04-18 18:36:53,833] ERROR plantae_api HTTP 401 | UNAUTHORIZED | View: plant_list_view | Path: /api/v1/plants/
[2026-04-18 18:36:53,833] ERROR plantae_api HTTP 401 | UNAUTHORIZED | View: plant_list_view | Path: /api/v1/plants/
[2026-04-18 18:36:53,850] ERROR plantae_api HTTP 401 | UNAUTHORIZED | View: plant_list_view | Path: /api/v1/plants/
[2026-04-18 18:36:53,851] ERROR plantae_api HTTP 401 | UNAUTHORIZED | View: plant_list_view | Path: /api/v1/plants/
[2026-04-18 18:36:53,868] ERROR plantae_api HTTP 401 | UNAUTHORIZED | View: plant_list_view | Path: /api/v1/plants/
[2026-04-18 18:36:53,868] ERROR plantae_api HTTP 401 | UNAUTHORIZED | View: plant_list_view | Path: /api/v1/plants/
[2026-04-18 18:36:53,883] ERROR plantae_api HTTP 401 | UNAUTHORIZED | View: plant_list_view | Path: /api/v1/plants/
[2026-04-18 18:36:53,884] ERROR plantae_api HTTP 401 | UNAUTHORIZED | View: plant_list_view | Path: /api/v1/plants/
[2026-04-18 18:36:53,900] ERROR plantae_api HTTP 401 | UNAUTHORIZED | View: plant_list_view | Path: /api/v1/plants/
[2026-04-18 18:36:53,900] ERROR plantae_api HTTP 401 | UNAUTHORIZED | View: plant_list_view | Path: /api/v1/plants/
[2026-04-18 18:36:53,917] ERROR plantae_api HTTP 401 | UNAUTHORIZED | View: plant_list_view | Path: /api/v1/plants/
[2026-04-18 18:36:53,917] ERROR plantae_api HTTP 401 | UNAUTHORIZED | View: plant_list_view | Path: /api/v1/plants/
[2026-04-18 18:36:53,933] ERROR plantae_api HTTP 401 | UNAUTHORIZED | View: plant_list_view | Path: /api/v1/plants/
[2026-04-18 18:36:53,933] ERROR plantae_api HTTP 401 | UNAUTHORIZED | View: plant_list_view | Path: /api/v1/plants/
[2026-04-18 18:36:53,950] ERROR plantae_api HTTP 401 | UNAUTHORIZED | View: plant_list_view | Path: /api/v1/plants/
[2026-04-18 18:36:53,950] ERROR plantae_api HTTP 401 | UNAUTHORIZED | View: plant_list_view | Path: /api/v1/plants/
[2026-04-18 18:36:53,968] ERROR plantae_api HTTP 401 | UNAUTHORIZED | View: plant_list_view | Path: /api/v1/plants/
[2026-04-18 18:36:53,968] ERROR plantae_api HTTP 401 | UNAUTHORIZED | View: plant_list_view | Path: /api/v1/plants/
[2026-04-18 18:36:53,983] ERROR plantae_api HTTP 401 | UNAUTHORIZED | View: plant_list_view | Path: /api/v1/plants/
[2026-04-18 18:36:53,983] ERROR plantae_api HTTP 401 | UNAUTHORIZED | View: plant_list_view | Path: /api/v1/plants/
[2026-04-18 18:36:54,000] ERROR plantae_api HTTP 401 | UNAUTHORIZED | View: plant_list_view | Path: /api/v1/plants/
[2026-04-18 18:36:54,000] ERROR plantae_api HTTP 401 | UNAUTHORIZED | View: plant_list_view | Path: /api/v1/plants/
[2026-04-18 18:36:54,018] ERROR plantae_api HTTP 401 | UNAUTHORIZED | View: plant_list_view | Path: /api/v1/plants/
[2026-04-18 18:36:54,019] ERROR plantae_api HTTP 401 | UNAUTHORIZED | View: plant_list_view | Path: /api/v1/plants/
[2026-04-18 18:36:54,033] ERROR plantae_api HTTP 401 | UNAUTHORIZED | View: plant_list_view | Path: /api/v1/plants/
[2026-04-18 18:36:54,033] ERROR plantae_api HTTP 401 | UNAUTHORIZED | View: plant_list_view | Path: /api/v1/plants/
[2026-04-18 18:36:54,050] ERROR plantae_api HTTP 401 | UNAUTHORIZED | View: plant_list_view | Path: /api/v1/plants/
[2026-04-18 18:36:54,050] ERROR plantae_api HTTP 401 | UNAUTHORIZED | View: plant_list_view | Path: /api/v1/plants/
[2026-04-18 18:36:54,068] ERROR plantae_api HTTP 401 | UNAUTHORIZED | View: plant_list_view | Path: /api/v1/plants/
[2026-04-18 18:36:54,068] ERROR plantae_api HTTP 401 | UNAUTHORIZED | View: plant_list_view | Path: /api/v1/plants/
[2026-04-18 18:36:54,083] ERROR plantae_api HTTP 401 | UNAUTHORIZED | View: plant_list_view | Path: /api/v1/plants/
[2026-04-18 18:36:54,084] ERROR plantae_api HTTP 401 | UNAUTHORIZED | View: plant_list_view | Path: /api/v1/plants/
[2026-04-18 18:36:54,098] ERROR plantae_api HTTP 401 | UNAUTHORIZED | View: plant_list_view | Path: /api/v1/plants/
[2026-04-18 18:36:54,100] ERROR plantae_api HTTP 401 | UNAUTHORIZED | View: plant_list_view | Path: /api/v1/plants/
[2026-04-18 18:36:54,117] ERROR plantae_api HTTP 401 | UNAUTHORIZED | View: plant_list_view | Path: /api/v1/plants/
[2026-04-18 18:36:54,117] ERROR plantae_api HTTP 401 | UNAUTHORIZED | View: plant_list_view | Path: /api/v1/plants/
[2026-04-18 18:36:54,134] ERROR plantae_api HTTP 401 | UNAUTHORIZED | View: plant_list_view | Path: /api/v1/plants/
[2026-04-18 18:36:54,134] ERROR plantae_api HTTP 401 | UNAUTHORIZED | View: plant_list_view | Path: /api/v1/plants/
[2026-04-18 18:36:54,150] ERROR plantae_api HTTP 401 | UNAUTHORIZED | View: plant_list_view | Path: /api/v1/plants/
[2026-04-18 18:36:54,151] ERROR plantae_api HTTP 401 | UNAUTHORIZED | View: plant_list_view | Path: /api/v1/plants/
[2026-04-18 18:36:54,167] ERROR plantae_api HTTP 401 | UNAUTHORIZED | View: plant_list_view | Path: /api/v1/plants/
[2026-04-18 18:36:54,167] ERROR plantae_api HTTP 401 | UNAUTHORIZED | View: plant_list_view | Path: /api/v1/plants/
[2026-04-18 18:36:54,184] ERROR plantae_api HTTP 401 | UNAUTHORIZED | View: plant_list_view | Path: /api/v1/plants/
[2026-04-18 18:36:54,184] ERROR plantae_api HTTP 401 | UNAUTHORIZED | View: plant_list_view | Path: /api/v1/plants/
[2026-04-18 18:36:54,201] ERROR plantae_api HTTP 401 | UNAUTHORIZED | View: plant_list_view | Path: /api/v1/plants/
[2026-04-18 18:36:54,202] ERROR plantae_api HTTP 401 | UNAUTHORIZED | View: plant_list_view | Path: /api/v1/plants/
[2026-04-18 18:36:54,217] ERROR plantae_api HTTP 401 | UNAUTHORIZED | View: plant_list_view | Path: /api/v1/plants/
[2026-04-18 18:36:54,217] ERROR plantae_api HTTP 401 | UNAUTHORIZED | View: plant_list_view | Path: /api/v1/plants/
[2026-04-18 18:36:54,234] ERROR plantae_api HTTP 401 | UNAUTHORIZED | View: plant_list_view | Path: /api/v1/plants/
[2026-04-18 18:36:54,234] ERROR plantae_api HTTP 401 | UNAUTHORIZED | View: plant_list_view | Path: /api/v1/plants/
[2026-04-18 18:36:54,251] ERROR plantae_api HTTP 401 | UNAUTHORIZED | View: plant_list_view | Path: /api/v1/plants/
[2026-04-18 18:36:54,251] ERROR plantae_api HTTP 401 | UNAUTHORIZED | View: plant_list_view | Path: /api/v1/plants/
[2026-04-18 18:36:54,267] ERROR plantae_api HTTP 401 | UNAUTHORIZED | View: plant_list_view | Path: /api/v1/plants/
[2026-04-18 18:36:54,268] ERROR plantae_api HTTP 401 | UNAUTHORIZED | View: plant_list_view | Path: /api/v1/plants/
[2026-04-18 18:36:54,284] ERROR plantae_api HTTP 401 | UNAUTHORIZED | View: plant_list_view | Path: /api/v1/plants/
[2026-04-18 18:36:54,285] ERROR plantae_api HTTP 401 | UNAUTHORIZED | View: plant_list_view | Path: /api/v1/plants/
[2026-04-18 18:36:54,301] ERROR plantae_api HTTP 401 | UNAUTHORIZED | View: plant_list_view | Path: /api/v1/plants/
[2026-04-18 18:36:54,301] ERROR plantae_api HTTP 401 | UNAUTHORIZED | View: plant_list_view | Path: /api/v1/plants/
[2026-04-18 18:36:54,318] ERROR plantae_api HTTP 401 | UNAUTHORIZED | View: plant_list_view | Path: /api/v1/plants/
[2026-04-18 18:36:54,318] ERROR plantae_api HTTP 401 | UNAUTHORIZED | View: plant_list_view | Path: /api/v1/plants/
[2026-04-18 18:36:54,334] ERROR plantae_api HTTP 401 | UNAUTHORIZED | View: plant_list_view | Path: /api/v1/plants/
[2026-04-18 18:36:54,334] ERROR plantae_api HTTP 401 | UNAUTHORIZED | View: plant_list_view | Path: /api/v1/plants/
[2026-04-18 18:36:54,351] ERROR plantae_api HTTP 401 | UNAUTHORIZED | View: plant_list_view | Path: /api/v1/plants/
[2026-04-18 18:36:54,352] ERROR plantae_api HTTP 401 | UNAUTHORIZED | View: plant_list_view | Path: /api/v1/plants/
[2026-04-18 18:36:54,367] ERROR plantae_api HTTP 401 | UNAUTHORIZED | View: plant_list_view | Path: /api/v1/plants/
[2026-04-18 18:36:54,369] ERROR plantae_api HTTP 401 | UNAUTHORIZED | View: plant_list_view | Path: /api/v1/plants/
[2026-04-18 18:36:54,384] ERROR plantae_api HTTP 401 | UNAUTHORIZED | View: plant_list_view | Path: /api/v1/plants/
[2026-04-18 18:36:54,384] ERROR plantae_api HTTP 401 | UNAUTHORIZED | View: plant_list_view | Path: /api/v1/plants/
[2026-04-18 18:36:54,401] ERROR plantae_api HTTP 401 | UNAUTHORIZED | View: plant_list_view | Path: /api/v1/plants/
[2026-04-18 18:36:54,401] ERROR plantae_api HTTP 401 | UNAUTHORIZED | View: plant_list_view | Path: /api/v1/plants/
[2026-04-18 18:36:54,417] ERROR plantae_api HTTP 401 | UNAUTHORIZED | View: plant_list_view | Path: /api/v1/plants/
[2026-04-18 18:36:54,418] ERROR plantae_api HTTP 401 | UNAUTHORIZED | View: plant_list_view | Path: /api/v1/plants/
[2026-04-18 18:36:54,434] ERROR plantae_api HTTP 401 | UNAUTHORIZED | View: plant_list_view | Path: /api/v1/plants/
[2026-04-18 18:36:54,434] ERROR plantae_api HTTP 401 | UNAUTHORIZED | View: plant_list_view | Path: /api/v1/plants/
[2026-04-18 18:36:54,452] ERROR plantae_api HTTP 401 | UNAUTHORIZED | View: plant_list_view | Path: /api/v1/plants/
[2026-04-18 18:36:54,452] ERROR plantae_api HTTP 401 | UNAUTHORIZED | View: plant_list_view | Path: /api/v1/plants/
[2026-04-18 18:36:54,468] ERROR plantae_api HTTP 401 | UNAUTHORIZED | View: plant_list_view | Path: /api/v1/plants/
[2026-04-18 18:36:54,469] ERROR plantae_api HTTP 401 | UNAUTHORIZED | View: plant_list_view | Path: /api/v1/plants/
[2026-04-18 18:36:54,484] ERROR plantae_api HTTP 401 | UNAUTHORIZED | View: plant_list_view | Path: /api/v1/plants/
[2026-04-18 18:36:54,485] ERROR plantae_api HTTP 401 | UNAUTHORIZED | View: plant_list_view | Path: /api/v1/plants/
[2026-04-18 18:36:54,501] ERROR plantae_api HTTP 401 | UNAUTHORIZED | View: plant_list_view | Path: /api/v1/plants/
[2026-04-18 18:36:54,501] ERROR plantae_api HTTP 401 | UNAUTHORIZED | View: plant_list_view | Path: /api/v1/plants/
[2026-04-18 18:36:54,517] ERROR plantae_api HTTP 401 | UNAUTHORIZED | View: plant_list_view | Path: /api/v1/plants/
[2026-04-18 18:36:54,518] ERROR plantae_api HTTP 401 | UNAUTHORIZED | View: plant_list_view | Path: /api/v1/plants/
[2026-04-18 18:36:54,533] ERROR plantae_api HTTP 401 | UNAUTHORIZED | View: plant_list_view | Path: /api/v1/plants/
[2026-04-18 18:36:54,534] ERROR plantae_api HTTP 401 | UNAUTHORIZED | View: plant_list_view | Path: /api/v1/plants/
[2026-04-18 18:36:54,551] ERROR plantae_api HTTP 401 | UNAUTHORIZED | View: plant_list_view | Path: /api/v1/plants/
[2026-04-18 18:36:54,551] ERROR plantae_api HTTP 401 | UNAUTHORIZED | View: plant_list_view | Path: /api/v1/plants/
[2026-04-18 18:36:54,568] ERROR plantae_api HTTP 401 | UNAUTHORIZED | View: plant_list_view | Path: /api/v1/plants/
[2026-04-18 18:36:54,568] ERROR plantae_api HTTP 401 | UNAUTHORIZED | View: plant_list_view | Path: /api/v1/plants/
[2026-04-18 18:36:54,585] ERROR plantae_api HTTP 401 | UNAUTHORIZED | View: plant_list_view | Path: /api/v1/plants/
[2026-04-18 18:36:54,585] ERROR plantae_api HTTP 401 | UNAUTHORIZED | View: plant_list_view | Path: /api/v1/plants/
[2026-04-18 18:36:54,601] ERROR plantae_api HTTP 401 | UNAUTHORIZED | View: plant_list_view | Path: /api/v1/plants/
[2026-04-18 18:36:54,601] ERROR plantae_api HTTP 401 | UNAUTHORIZED | View: plant_list_view | Path: /api/v1/plants/
[2026-04-18 18:36:54,617] ERROR plantae_api HTTP 401 | UNAUTHORIZED | View: plant_list_view | Path: /api/v1/plants/
[2026-04-18 18:36:54,617] ERROR plantae_api HTTP 401 | UNAUTHORIZED | View: plant_list_view | Path: /api/v1/plants/
[2026-04-18 18:36:54,635] ERROR plantae_api HTTP 401 | UNAUTHORIZED | View: plant_list_view | Path: /api/v1/plants/
[2026-04-18 18:36:54,635] ERROR plantae_api HTTP 401 | UNAUTHORIZED | View: plant_list_view | Path: /api/v1/plants/
[2026-04-18 18:36:54,652] ERROR plantae_api HTTP 401 | UNAUTHORIZED | View: plant_list_view | Path: /api/v1/plants/
[2026-04-18 18:36:54,652] ERROR plantae_api HTTP 401 | UNAUTHORIZED | View: plant_list_view | Path: /api/v1/plants/
[2026-04-18 18:36:54,667] ERROR plantae_api HTTP 401 | UNAUTHORIZED | View: plant_list_view | Path: /api/v1/plants/
[2026-04-18 18:36:54,668] ERROR plantae_api HTTP 401 | UNAUTHORIZED | View: plant_list_view | Path: /api/v1/plants/
[2026-04-18 18:36:54,685] ERROR plantae_api HTTP 401 | UNAUTHORIZED | View: plant_list_view | Path: /api/v1/plants/
[2026-04-18 18:36:54,685] ERROR plantae_api HTTP 401 | UNAUTHORIZED | View: plant_list_view | Path: /api/v1/plants/
[2026-04-18 18:36:54,701] ERROR plantae_api HTTP 401 | UNAUTHORIZED | View: plant_list_view | Path: /api/v1/plants/
[2026-04-18 18:36:54,701] ERROR plantae_api HTTP 401 | UNAUTHORIZED | View: plant_list_view | Path: /api/v1/plants/
[2026-04-18 18:36:54,718] ERROR plantae_api HTTP 401 | UNAUTHORIZED | View: plant_list_view | Path: /api/v1/plants/
[2026-04-18 18:36:54,718] ERROR plantae_api HTTP 401 | UNAUTHORIZED | View: plant_list_view | Path: /api/v1/plants/
[2026-04-18 18:36:54,735] ERROR plantae_api HTTP 401 | UNAUTHORIZED | View: plant_list_view | Path: /api/v1/plants/
[2026-04-18 18:36:54,735] ERROR plantae_api HTTP 401 | UNAUTHORIZED | View: plant_list_view | Path: /api/v1/plants/
[2026-04-18 18:36:54,751] ERROR plantae_api HTTP 401 | UNAUTHORIZED | View: plant_list_view | Path: /api/v1/plants/
[2026-04-18 18:36:54,751] ERROR plantae_api HTTP 401 | UNAUTHORIZED | View: plant_list_view | Path: /api/v1/plants/
[2026-04-18 18:36:54,768] ERROR plantae_api HTTP 401 | UNAUTHORIZED | View: plant_list_view | Path: /api/v1/plants/
[2026-04-18 18:36:54,768] ERROR plantae_api HTTP 401 | UNAUTHORIZED | View: plant_list_view | Path: /api/v1/plants/
[2026-04-18 18:36:54,785] ERROR plantae_api HTTP 401 | UNAUTHORIZED | View: plant_list_view | Path: /api/v1/plants/
[2026-04-18 18:36:54,786] ERROR plantae_api HTTP 401 | UNAUTHORIZED | View: plant_list_view | Path: /api/v1/plants/
[2026-04-18 18:36:54,801] ERROR plantae_api HTTP 401 | UNAUTHORIZED | View: plant_list_view | Path: /api/v1/plants/
[2026-04-18 18:36:54,802] ERROR plantae_api HTTP 401 | UNAUTHORIZED | View: plant_list_view | Path: /api/v1/plants/
[2026-04-18 18:36:54,818] ERROR plantae_api HTTP 401 | UNAUTHORIZED | View: plant_list_view | Path: /api/v1/plants/
[2026-04-18 18:36:54,818] ERROR plantae_api HTTP 401 | UNAUTHORIZED | View: plant_list_view | Path: /api/v1/plants/
[2026-04-18 18:36:54,836] ERROR plantae_api HTTP 401 | UNAUTHORIZED | View: plant_list_view | Path: /api/v1/plants/
[2026-04-18 18:36:54,836] ERROR plantae_api HTTP 401 | UNAUTHORIZED | View: plant_list_view | Path: /api/v1/plants/
[2026-04-18 18:36:54,850] ERROR plantae_api HTTP 401 | UNAUTHORIZED | View: plant_list_view | Path: /api/v1/plants/
[2026-04-18 18:36:54,851] ERROR plantae_api HTTP 401 | UNAUTHORIZED | View: plant_list_view | Path: /api/v1/plants/
[2026-04-18 18:36:54,868] ERROR plantae_api HTTP 401 | UNAUTHORIZED | View: plant_list_view | Path: /api/v1/plants/
[2026-04-18 18:36:54,868] ERROR plantae_api HTTP 401 | UNAUTHORIZED | View: plant_list_view | Path: /api/v1/plants/
[2026-04-18 18:36:54,885] ERROR plantae_api HTTP 401 | UNAUTHORIZED | View: plant_list_view | Path: /api/v1/plants/
[2026-04-18 18:36:54,885] ERROR plantae_api HTTP 401 | UNAUTHORIZED | View: plant_list_view | Path: /api/v1/plants/
[2026-04-18 18:36:54,901] ERROR plantae_api HTTP 401 | UNAUTHORIZED | View: plant_list_view | Path: /api/v1/plants/
[2026-04-18 18:36:54,901] ERROR plantae_api HTTP 401 | UNAUTHORIZED | View: plant_list_view | Path: /api/v1/plants/
[2026-04-18 18:36:54,918] ERROR plantae_api HTTP 401 | UNAUTHORIZED | View: plant_list_view | Path: /api/v1/plants/
[2026-04-18 18:36:54,919] ERROR plantae_api HTTP 401 | UNAUTHORIZED | View: plant_list_view | Path: /api/v1/plants/
[2026-04-18 18:36:54,935] ERROR plantae_api HTTP 401 | UNAUTHORIZED | View: plant_list_view | Path: /api/v1/plants/
[2026-04-18 18:36:54,935] ERROR plantae_api HTTP 401 | UNAUTHORIZED | View: plant_list_view | Path: /api/v1/plants/
[2026-04-18 18:36:54,951] ERROR plantae_api HTTP 401 | UNAUTHORIZED | View: plant_list_view | Path: /api/v1/plants/
[2026-04-18 18:36:54,951] ERROR plantae_api HTTP 401 | UNAUTHORIZED | View: plant_list_view | Path: /api/v1/plants/
[2026-04-18 18:36:54,968] ERROR plantae_api HTTP 401 | UNAUTHORIZED | View: plant_list_view | Path: /api/v1/plants/
[2026-04-18 18:36:54,969] ERROR plantae_api HTTP 401 | UNAUTHORIZED | View: plant_list_view | Path: /api/v1/plants/
[2026-04-18 18:36:54,984] ERROR plantae_api HTTP 401 | UNAUTHORIZED | View: plant_list_view | Path: /api/v1/plants/
[2026-04-18 18:36:54,985] ERROR plantae_api HTTP 401 | UNAUTHORIZED | View: plant_list_view | Path: /api/v1/plants/
[2026-04-18 18:36:55,001] ERROR plantae_api HTTP 401 | UNAUTHORIZED | View: plant_list_view | Path: /api/v1/plants/
[2026-04-18 18:36:55,001] ERROR plantae_api HTTP 401 | UNAUTHORIZED | View: plant_list_view | Path: /api/v1/plants/
[2026-04-18 18:36:55,019] ERROR plantae_api HTTP 401 | UNAUTHORIZED | View: plant_list_view | Path: /api/v1/plants/
[2026-04-18 18:36:55,020] ERROR plantae_api HTTP 401 | UNAUTHORIZED | View: plant_list_view | Path: /api/v1/plants/
[2026-04-18 18:36:55,034] ERROR plantae_api HTTP 401 | UNAUTHORIZED | View: plant_list_view | Path: /api/v1/plants/
[2026-04-18 18:36:55,035] ERROR plantae_api HTTP 401 | UNAUTHORIZED | View: plant_list_view | Path: /api/v1/plants/
[2026-04-18 18:36:55,052] ERROR plantae_api HTTP 401 | UNAUTHORIZED | View: plant_list_view | Path: /api/v1/plants/
[2026-04-18 18:36:55,052] ERROR plantae_api HTTP 401 | UNAUTHORIZED | View: plant_list_view | Path: /api/v1/plants/
[2026-04-18 18:36:55,069] ERROR plantae_api HTTP 401 | UNAUTHORIZED | View: plant_list_view | Path: /api/v1/plants/
[2026-04-18 18:36:55,069] ERROR plantae_api HTTP 401 | UNAUTHORIZED | View: plant_list_view | Path: /api/v1/plants/
[2026-04-18 18:36:55,085] ERROR plantae_api HTTP 401 | UNAUTHORIZED | View: plant_list_view | Path: /api/v1/plants/
[2026-04-18 18:36:55,086] ERROR plantae_api HTTP 401 | UNAUTHORIZED | View: plant_list_view | Path: /api/v1/plants/
[2026-04-18 18:36:55,102] ERROR plantae_api HTTP 401 | UNAUTHORIZED | View: plant_list_view | Path: /api/v1/plants/
[2026-04-18 18:36:55,102] ERROR plantae_api HTTP 401 | UNAUTHORIZED | View: plant_list_view | Path: /api/v1/plants/
[2026-04-18 18:36:55,119] ERROR plantae_api HTTP 401 | UNAUTHORIZED | View: plant_list_view | Path: /api/v1/plants/
[2026-04-18 18:36:55,119] ERROR plantae_api HTTP 401 | UNAUTHORIZED | View: plant_list_view | Path: /api/v1/plants/
[2026-04-18 18:36:55,135] ERROR plantae_api HTTP 401 | UNAUTHORIZED | View: plant_list_view | Path: /api/v1/plants/
[2026-04-18 18:36:55,135] ERROR plantae_api HTTP 401 | UNAUTHORIZED | View: plant_list_view | Path: /api/v1/plants/
[2026-04-18 18:36:55,151] ERROR plantae_api HTTP 401 | UNAUTHORIZED | View: plant_list_view | Path: /api/v1/plants/
[2026-04-18 18:36:55,151] ERROR plantae_api HTTP 401 | UNAUTHORIZED | View: plant_list_view | Path: /api/v1/plants/
[2026-04-18 18:36:55,169] ERROR plantae_api HTTP 401 | UNAUTHORIZED | View: plant_list_view | Path: /api/v1/plants/
[2026-04-18 18:36:55,169] ERROR plantae_api HTTP 401 | UNAUTHORIZED | View: plant_list_view | Path: /api/v1/plants/
[2026-04-18 18:36:55,185] ERROR plantae_api HTTP 401 | UNAUTHORIZED | View: plant_list_view | Path: /api/v1/plants/
[2026-04-18 18:36:55,186] ERROR plantae_api HTTP 401 | UNAUTHORIZED | View: plant_list_view | Path: /api/v1/plants/
[2026-04-18 18:36:55,202] ERROR plantae_api HTTP 401 | UNAUTHORIZED | View: plant_list_view | Path: /api/v1/plants/
[2026-04-18 18:36:55,202] ERROR plantae_api HTTP 401 | UNAUTHORIZED | View: plant_list_view | Path: /api/v1/plants/
[2026-04-18 18:36:55,219] ERROR plantae_api HTTP 401 | UNAUTHORIZED | View: plant_list_view | Path: /api/v1/plants/
[2026-04-18 18:36:55,220] ERROR plantae_api HTTP 401 | UNAUTHORIZED | View: plant_list_view | Path: /api/v1/plants/
[2026-04-18 18:36:55,252] ERROR plantae_api HTTP 401 | UNAUTHORIZED | View: plant_list_view | Path: /api/v1/plants/
[2026-04-18 18:36:55,253] ERROR plantae_api HTTP 401 | UNAUTHORIZED | View: plant_list_view | Path: /api/v1/plants/
[2026-04-18 18:36:55,269] ERROR plantae_api HTTP 401 | UNAUTHORIZED | View: plant_list_view | Path: /api/v1/plants/
[2026-04-18 18:36:55,270] ERROR plantae_api HTTP 401 | UNAUTHORIZED | View: plant_list_view | Path: /api/v1/plants/
[2026-04-18 18:36:55,285] ERROR plantae_api HTTP 401 | UNAUTHORIZED | View: plant_list_view | Path: /api/v1/plants/
[2026-04-18 18:36:55,286] ERROR plantae_api HTTP 401 | UNAUTHORIZED | View: plant_list_view | Path: /api/v1/plants/
[2026-04-18 18:36:55,302] ERROR plantae_api HTTP 401 | UNAUTHORIZED | View: plant_list_view | Path: /api/v1/plants/
[2026-04-18 18:36:55,303] ERROR plantae_api HTTP 401 | UNAUTHORIZED | View: plant_list_view | Path: /api/v1/plants/
[2026-04-18 18:36:55,318] ERROR plantae_api HTTP 401 | UNAUTHORIZED | View: plant_list_view | Path: /api/v1/plants/
[2026-04-18 18:36:55,319] ERROR plantae_api HTTP 401 | UNAUTHORIZED | View: plant_list_view | Path: /api/v1/plants/
[2026-04-18 18:36:55,337] ERROR plantae_api HTTP 401 | UNAUTHORIZED | View: plant_list_view | Path: /api/v1/plants/
[2026-04-18 18:36:55,337] ERROR plantae_api HTTP 401 | UNAUTHORIZED | View: plant_list_view | Path: /api/v1/plants/
[2026-04-18 18:36:55,352] ERROR plantae_api HTTP 401 | UNAUTHORIZED | View: plant_list_view | Path: /api/v1/plants/
[2026-04-18 18:36:55,352] ERROR plantae_api HTTP 401 | UNAUTHORIZED | View: plant_list_view | Path: /api/v1/plants/
[2026-04-18 18:36:55,369] ERROR plantae_api HTTP 401 | UNAUTHORIZED | View: plant_list_view | Path: /api/v1/plants/
[2026-04-18 18:36:55,369] ERROR plantae_api HTTP 401 | UNAUTHORIZED | View: plant_list_view | Path: /api/v1/plants/
[2026-04-18 18:36:55,386] ERROR plantae_api HTTP 401 | UNAUTHORIZED | View: plant_list_view | Path: /api/v1/plants/
[2026-04-18 18:36:55,386] ERROR plantae_api HTTP 401 | UNAUTHORIZED | View: plant_list_view | Path: /api/v1/plants/
[2026-04-18 18:36:55,402] ERROR plantae_api HTTP 401 | UNAUTHORIZED | View: plant_list_view | Path: /api/v1/plants/
[2026-04-18 18:36:55,402] ERROR plantae_api HTTP 401 | UNAUTHORIZED | View: plant_list_view | Path: /api/v1/plants/
[2026-04-18 18:36:55,419] ERROR plantae_api HTTP 401 | UNAUTHORIZED | View: plant_list_view | Path: /api/v1/plants/
[2026-04-18 18:36:55,420] ERROR plantae_api HTTP 401 | UNAUTHORIZED | View: plant_list_view | Path: /api/v1/plants/
[2026-04-18 18:36:55,435] ERROR plantae_api HTTP 401 | UNAUTHORIZED | View: plant_list_view | Path: /api/v1/plants/
[2026-04-18 18:36:55,435] ERROR plantae_api HTTP 401 | UNAUTHORIZED | View: plant_list_view | Path: /api/v1/plants/
[2026-04-18 18:36:55,453] ERROR plantae_api HTTP 401 | UNAUTHORIZED | View: plant_list_view | Path: /api/v1/plants/
[2026-04-18 18:36:55,453] ERROR plantae_api HTTP 401 | UNAUTHORIZED | View: plant_list_view | Path: /api/v1/plants/
[2026-04-18 18:36:55,469] ERROR plantae_api HTTP 401 | UNAUTHORIZED | View: plant_list_view | Path: /api/v1/plants/
[2026-04-18 18:36:55,470] ERROR plantae_api HTTP 401 | UNAUTHORIZED | View: plant_list_view | Path: /api/v1/plants/
[2026-04-18 18:36:55,503] ERROR plantae_api HTTP 401 | UNAUTHORIZED | View: plant_list_view | Path: /api/v1/plants/
[2026-04-18 18:36:55,504] ERROR plantae_api HTTP 401 | UNAUTHORIZED | View: plant_list_view | Path: /api/v1/plants/
[2026-04-18 18:36:55,520] ERROR plantae_api HTTP 401 | UNAUTHORIZED | View: plant_list_view | Path: /api/v1/plants/
[2026-04-18 18:36:55,520] ERROR plantae_api HTTP 401 | UNAUTHORIZED | View: plant_list_view | Path: /api/v1/plants/
[2026-04-18 18:36:55,537] ERROR plantae_api HTTP 401 | UNAUTHORIZED | View: plant_list_view | Path: /api/v1/plants/
[2026-04-18 18:36:55,538] ERROR plantae_api HTTP 401 | UNAUTHORIZED | View: plant_list_view | Path: /api/v1/plants/
[2026-04-18 18:36:55,552] ERROR plantae_api HTTP 401 | UNAUTHORIZED | View: plant_list_view | Path: /api/v1/plants/
[2026-04-18 18:36:55,553] ERROR plantae_api HTTP 401 | UNAUTHORIZED | View: plant_list_view | Path: /api/v1/plants/
[2026-04-18 18:36:55,569] ERROR plantae_api HTTP 401 | UNAUTHORIZED | View: plant_list_view | Path: /api/v1/plants/
[2026-04-18 18:36:55,570] ERROR plantae_api HTTP 401 | UNAUTHORIZED | View: plant_list_view | Path: /api/v1/plants/
[2026-04-18 18:36:55,586] ERROR plantae_api HTTP 401 | UNAUTHORIZED | View: plant_list_view | Path: /api/v1/plants/
[2026-04-18 18:36:55,587] ERROR plantae_api HTTP 401 | UNAUTHORIZED | View: plant_list_view | Path: /api/v1/plants/
[2026-04-18 18:36:55,601] ERROR plantae_api HTTP 401 | UNAUTHORIZED | View: plant_list_view | Path: /api/v1/plants/
[2026-04-18 18:36:55,602] ERROR plantae_api HTTP 401 | UNAUTHORIZED | View: plant_list_view | Path: /api/v1/plants/
[2026-04-18 18:36:55,619] ERROR plantae_api HTTP 401 | UNAUTHORIZED | View: plant_list_view | Path: /api/v1/plants/
[2026-04-18 18:36:55,619] ERROR plantae_api HTTP 401 | UNAUTHORIZED | View: plant_list_view | Path: /api/v1/plants/
[2026-04-18 18:36:55,637] ERROR plantae_api HTTP 401 | UNAUTHORIZED | View: plant_list_view | Path: /api/v1/plants/
[2026-04-18 18:36:55,637] ERROR plantae_api HTTP 401 | UNAUTHORIZED | View: plant_list_view | Path: /api/v1/plants/
[2026-04-18 18:36:55,652] ERROR plantae_api HTTP 401 | UNAUTHORIZED | View: plant_list_view | Path: /api/v1/plants/
[2026-04-18 18:36:55,653] ERROR plantae_api HTTP 401 | UNAUTHORIZED | View: plant_list_view | Path: /api/v1/plants/
[2026-04-18 18:36:55,669] ERROR plantae_api HTTP 401 | UNAUTHORIZED | View: plant_list_view | Path: /api/v1/plants/
[2026-04-18 18:36:55,669] ERROR plantae_api HTTP 401 | UNAUTHORIZED | View: plant_list_view | Path: /api/v1/plants/
[2026-04-18 18:36:55,687] ERROR plantae_api HTTP 401 | UNAUTHORIZED | View: plant_list_view | Path: /api/v1/plants/
[2026-04-18 18:36:55,687] ERROR plantae_api HTTP 401 | UNAUTHORIZED | View: plant_list_view | Path: /api/v1/plants/
[2026-04-18 18:36:55,703] ERROR plantae_api HTTP 401 | UNAUTHORIZED | View: plant_list_view | Path: /api/v1/plants/
[2026-04-18 18:36:55,703] ERROR plantae_api HTTP 401 | UNAUTHORIZED | View: plant_list_view | Path: /api/v1/plants/
[2026-04-18 18:36:55,719] ERROR plantae_api HTTP 401 | UNAUTHORIZED | View: plant_list_view | Path: /api/v1/plants/
[2026-04-18 18:36:55,720] ERROR plantae_api HTTP 401 | UNAUTHORIZED | View: plant_list_view | Path: /api/v1/plants/
[2026-04-18 18:36:55,737] ERROR plantae_api HTTP 401 | UNAUTHORIZED | View: plant_list_view | Path: /api/v1/plants/
[2026-04-18 18:36:55,738] ERROR plantae_api HTTP 401 | UNAUTHORIZED | View: plant_list_view | Path: /api/v1/plants/
[2026-04-18 18:36:55,769] ERROR plantae_api HTTP 401 | UNAUTHORIZED | View: plant_list_view | Path: /api/v1/plants/
[2026-04-18 18:36:55,770] ERROR plantae_api HTTP 401 | UNAUTHORIZED | View: plant_list_view | Path: /api/v1/plants/
[2026-04-18 18:36:55,786] ERROR plantae_api HTTP 401 | UNAUTHORIZED | View: plant_list_view | Path: /api/v1/plants/
[2026-04-18 18:36:55,786] ERROR plantae_api HTTP 401 | UNAUTHORIZED | View: plant_list_view | Path: /api/v1/plants/
[2026-04-18 18:36:55,804] ERROR plantae_api HTTP 401 | UNAUTHORIZED | View: plant_list_view | Path: /api/v1/plants/
[2026-04-18 18:36:55,804] ERROR plantae_api HTTP 401 | UNAUTHORIZED | View: plant_list_view | Path: /api/v1/plants/
[2026-04-18 18:36:55,820] ERROR plantae_api HTTP 401 | UNAUTHORIZED | View: plant_list_view | Path: /api/v1/plants/
[2026-04-18 18:36:55,820] ERROR plantae_api HTTP 401 | UNAUTHORIZED | View: plant_list_view | Path: /api/v1/plants/
[2026-04-18 18:36:55,835] ERROR plantae_api HTTP 401 | UNAUTHORIZED | View: plant_list_view | Path: /api/v1/plants/
[2026-04-18 18:36:55,837] ERROR plantae_api HTTP 401 | UNAUTHORIZED | View: plant_list_view | Path: /api/v1/plants/
[2026-04-18 18:36:55,853] ERROR plantae_api HTTP 401 | UNAUTHORIZED | View: plant_list_view | Path: /api/v1/plants/
[2026-04-18 18:36:55,853] ERROR plantae_api HTTP 401 | UNAUTHORIZED | View: plant_list_view | Path: /api/v1/plants/
[2026-04-18 18:36:55,870] ERROR plantae_api HTTP 401 | UNAUTHORIZED | View: plant_list_view | Path: /api/v1/plants/
[2026-04-18 18:36:55,870] ERROR plantae_api HTTP 401 | UNAUTHORIZED | View: plant_list_view | Path: /api/v1/plants/
[2026-04-18 18:36:55,886] ERROR plantae_api HTTP 401 | UNAUTHORIZED | View: plant_list_view | Path: /api/v1/plants/
[2026-04-18 18:36:55,887] ERROR plantae_api HTTP 401 | UNAUTHORIZED | View: plant_list_view | Path: /api/v1/plants/
[2026-04-18 18:36:55,903] ERROR plantae_api HTTP 401 | UNAUTHORIZED | View: plant_list_view | Path: /api/v1/plants/
[2026-04-18 18:36:55,904] ERROR plantae_api HTTP 401 | UNAUTHORIZED | View: plant_list_view | Path: /api/v1/plants/
[2026-04-18 18:36:55,920] ERROR plantae_api HTTP 401 | UNAUTHORIZED | View: plant_list_view | Path: /api/v1/plants/
[2026-04-18 18:36:55,920] ERROR plantae_api HTTP 401 | UNAUTHORIZED | View: plant_list_view | Path: /api/v1/plants/
[2026-04-18 18:36:55,938] ERROR plantae_api HTTP 401 | UNAUTHORIZED | View: plant_list_view | Path: /api/v1/plants/
[2026-04-18 18:36:55,938] ERROR plantae_api HTTP 401 | UNAUTHORIZED | View: plant_list_view | Path: /api/v1/plants/
[2026-04-18 18:36:55,954] ERROR plantae_api HTTP 401 | UNAUTHORIZED | View: plant_list_view | Path: /api/v1/plants/
[2026-04-18 18:36:55,954] ERROR plantae_api HTTP 401 | UNAUTHORIZED | View: plant_list_view | Path: /api/v1/plants/
[2026-04-18 18:36:55,970] ERROR plantae_api HTTP 401 | UNAUTHORIZED | View: plant_list_view | Path: /api/v1/plants/
[2026-04-18 18:36:55,971] ERROR plantae_api HTTP 401 | UNAUTHORIZED | View: plant_list_view | Path: /api/v1/plants/
[2026-04-18 18:36:55,988] ERROR plantae_api HTTP 401 | UNAUTHORIZED | View: plant_list_view | Path: /api/v1/plants/
[2026-04-18 18:36:55,988] ERROR plantae_api HTTP 401 | UNAUTHORIZED | View: plant_list_view | Path: /api/v1/plants/
[2026-04-18 18:36:56,003] ERROR plantae_api HTTP 401 | UNAUTHORIZED | View: plant_list_view | Path: /api/v1/plants/
[2026-04-18 18:36:56,004] ERROR plantae_api HTTP 401 | UNAUTHORIZED | View: plant_list_view | Path: /api/v1/plants/
[2026-04-18 18:36:56,020] ERROR plantae_api HTTP 401 | UNAUTHORIZED | View: plant_list_view | Path: /api/v1/plants/
[2026-04-18 18:36:56,021] ERROR plantae_api HTTP 401 | UNAUTHORIZED | View: plant_list_view | Path: /api/v1/plants/
[2026-04-18 18:36:56,038] ERROR plantae_api HTTP 401 | UNAUTHORIZED | View: plant_list_view | Path: /api/v1/plants/
[2026-04-18 18:36:56,038] ERROR plantae_api HTTP 401 | UNAUTHORIZED | View: plant_list_view | Path: /api/v1/plants/
[2026-04-18 18:36:56,054] ERROR plantae_api HTTP 401 | UNAUTHORIZED | View: plant_list_view | Path: /api/v1/plants/
[2026-04-18 18:36:56,054] ERROR plantae_api HTTP 401 | UNAUTHORIZED | View: plant_list_view | Path: /api/v1/plants/
[2026-04-18 18:36:56,070] ERROR plantae_api HTTP 401 | UNAUTHORIZED | View: plant_list_view | Path: /api/v1/plants/
[2026-04-18 18:36:56,071] ERROR plantae_api HTTP 401 | UNAUTHORIZED | View: plant_list_view | Path: /api/v1/plants/
[2026-04-18 18:36:56,087] ERROR plantae_api HTTP 401 | UNAUTHORIZED | View: plant_list_view | Path: /api/v1/plants/
[2026-04-18 18:36:56,088] ERROR plantae_api HTTP 401 | UNAUTHORIZED | View: plant_list_view | Path: /api/v1/plants/
[2026-04-18 18:36:56,103] ERROR plantae_api HTTP 401 | UNAUTHORIZED | View: plant_list_view | Path: /api/v1/plants/
[2026-04-18 18:36:56,104] ERROR plantae_api HTTP 401 | UNAUTHORIZED | View: plant_list_view | Path: /api/v1/plants/
[2026-04-18 18:36:56,120] ERROR plantae_api HTTP 401 | UNAUTHORIZED | View: plant_list_view | Path: /api/v1/plants/
[2026-04-18 18:36:56,121] ERROR plantae_api HTTP 401 | UNAUTHORIZED | View: plant_list_view | Path: /api/v1/plants/
[2026-04-18 18:36:56,138] ERROR plantae_api HTTP 401 | UNAUTHORIZED | View: plant_list_view | Path: /api/v1/plants/
[2026-04-18 18:36:56,138] ERROR plantae_api HTTP 401 | UNAUTHORIZED | View: plant_list_view | Path: /api/v1/plants/
[2026-04-18 18:36:56,154] ERROR plantae_api HTTP 401 | UNAUTHORIZED | View: plant_list_view | Path: /api/v1/plants/
[2026-04-18 18:36:56,155] ERROR plantae_api HTTP 401 | UNAUTHORIZED | View: plant_list_view | Path: /api/v1/plants/
[2026-04-18 18:36:56,170] ERROR plantae_api HTTP 401 | UNAUTHORIZED | View: plant_list_view | Path: /api/v1/plants/
[2026-04-18 18:36:56,170] ERROR plantae_api HTTP 401 | UNAUTHORIZED | View: plant_list_view | Path: /api/v1/plants/
[2026-04-18 18:36:56,205] ERROR plantae_api HTTP 401 | UNAUTHORIZED | View: plant_list_view | Path: /api/v1/plants/
[2026-04-18 18:36:56,205] ERROR plantae_api HTTP 401 | UNAUTHORIZED | View: plant_list_view | Path: /api/v1/plants/
[2026-04-18 18:36:56,238] ERROR plantae_api HTTP 401 | UNAUTHORIZED | View: plant_list_view | Path: /api/v1/plants/
[2026-04-18 18:36:56,238] ERROR plantae_api HTTP 401 | UNAUTHORIZED | View: plant_list_view | Path: /api/v1/plants/
[2026-04-18 18:36:56,255] ERROR plantae_api HTTP 401 | UNAUTHORIZED | View: plant_list_view | Path: /api/v1/plants/
[2026-04-18 18:36:56,255] ERROR plantae_api HTTP 401 | UNAUTHORIZED | View: plant_list_view | Path: /api/v1/plants/
[2026-04-18 18:36:56,271] ERROR plantae_api HTTP 401 | UNAUTHORIZED | View: plant_list_view | Path: /api/v1/plants/
[2026-04-18 18:36:56,271] ERROR plantae_api HTTP 401 | UNAUTHORIZED | View: plant_list_view | Path: /api/v1/plants/
[2026-04-18 18:36:56,288] ERROR plantae_api HTTP 401 | UNAUTHORIZED | View: plant_list_view | Path: /api/v1/plants/
[2026-04-18 18:36:56,288] ERROR plantae_api HTTP 401 | UNAUTHORIZED | View: plant_list_view | Path: /api/v1/plants/
[2026-04-18 18:36:56,304] ERROR plantae_api HTTP 401 | UNAUTHORIZED | View: plant_list_view | Path: /api/v1/plants/
[2026-04-18 18:36:56,305] ERROR plantae_api HTTP 401 | UNAUTHORIZED | View: plant_list_view | Path: /api/v1/plants/
[2026-04-18 18:36:56,321] ERROR plantae_api HTTP 401 | UNAUTHORIZED | View: plant_list_view | Path: /api/v1/plants/
[2026-04-18 18:36:56,321] ERROR plantae_api HTTP 401 | UNAUTHORIZED | View: plant_list_view | Path: /api/v1/plants/
[2026-04-18 18:36:56,337] ERROR plantae_api HTTP 401 | UNAUTHORIZED | View: plant_list_view | Path: /api/v1/plants/
[2026-04-18 18:36:56,339] ERROR plantae_api HTTP 401 | UNAUTHORIZED | View: plant_list_view | Path: /api/v1/plants/
[2026-04-18 18:36:56,355] ERROR plantae_api HTTP 401 | UNAUTHORIZED | View: plant_list_view | Path: /api/v1/plants/
[2026-04-18 18:36:56,355] ERROR plantae_api HTTP 401 | UNAUTHORIZED | View: plant_list_view | Path: /api/v1/plants/
[2026-04-18 18:36:56,372] ERROR plantae_api HTTP 401 | UNAUTHORIZED | View: plant_list_view | Path: /api/v1/plants/
[2026-04-18 18:36:56,372] ERROR plantae_api HTTP 401 | UNAUTHORIZED | View: plant_list_view | Path: /api/v1/plants/
[2026-04-18 18:36:56,388] ERROR plantae_api HTTP 401 | UNAUTHORIZED | View: plant_list_view | Path: /api/v1/plants/
[2026-04-18 18:36:56,388] ERROR plantae_api HTTP 401 | UNAUTHORIZED | View: plant_list_view | Path: /api/v1/plants/
[2026-04-18 18:36:56,405] ERROR plantae_api HTTP 401 | UNAUTHORIZED | View: plant_list_view | Path: /api/v1/plants/
[2026-04-18 18:36:56,405] ERROR plantae_api HTTP 401 | UNAUTHORIZED | View: plant_list_view | Path: /api/v1/plants/
[2026-04-18 18:36:56,421] ERROR plantae_api HTTP 401 | UNAUTHORIZED | View: plant_list_view | Path: /api/v1/plants/
[2026-04-18 18:36:56,422] ERROR plantae_api HTTP 401 | UNAUTHORIZED | View: plant_list_view | Path: /api/v1/plants/
[2026-04-18 18:36:56,437] ERROR plantae_api HTTP 401 | UNAUTHORIZED | View: plant_list_view | Path: /api/v1/plants/
[2026-04-18 18:36:56,438] ERROR plantae_api HTTP 401 | UNAUTHORIZED | View: plant_list_view | Path: /api/v1/plants/
[2026-04-18 18:36:56,456] ERROR plantae_api HTTP 401 | UNAUTHORIZED | View: plant_list_view | Path: /api/v1/plants/
[2026-04-18 18:36:56,456] ERROR plantae_api HTTP 401 | UNAUTHORIZED | View: plant_list_view | Path: /api/v1/plants/
[2026-04-18 18:36:56,470] ERROR plantae_api HTTP 401 | UNAUTHORIZED | View: plant_list_view | Path: /api/v1/plants/
[2026-04-18 18:36:56,470] ERROR plantae_api HTTP 401 | UNAUTHORIZED | View: plant_list_view | Path: /api/v1/plants/
[2026-04-18 18:36:56,488] ERROR plantae_api HTTP 401 | UNAUTHORIZED | View: plant_list_view | Path: /api/v1/plants/
[2026-04-18 18:36:56,488] ERROR plantae_api HTTP 401 | UNAUTHORIZED | View: plant_list_view | Path: /api/v1/plants/
[2026-04-18 18:36:56,506] ERROR plantae_api HTTP 401 | UNAUTHORIZED | View: plant_list_view | Path: /api/v1/plants/
[2026-04-18 18:36:56,506] ERROR plantae_api HTTP 401 | UNAUTHORIZED | View: plant_list_view | Path: /api/v1/plants/
[2026-04-18 18:36:56,521] ERROR plantae_api HTTP 401 | UNAUTHORIZED | View: plant_list_view | Path: /api/v1/plants/
[2026-04-18 18:36:56,521] ERROR plantae_api HTTP 401 | UNAUTHORIZED | View: plant_list_view | Path: /api/v1/plants/
[2026-04-18 18:36:56,537] ERROR plantae_api HTTP 401 | UNAUTHORIZED | View: plant_list_view | Path: /api/v1/plants/
[2026-04-18 18:36:56,538] ERROR plantae_api HTTP 401 | UNAUTHORIZED | View: plant_list_view | Path: /api/v1/plants/
[2026-04-18 18:36:56,555] ERROR plantae_api HTTP 401 | UNAUTHORIZED | View: plant_list_view | Path: /api/v1/plants/
[2026-04-18 18:36:56,555] ERROR plantae_api HTTP 401 | UNAUTHORIZED | View: plant_list_view | Path: /api/v1/plants/
[2026-04-18 18:36:56,571] ERROR plantae_api HTTP 401 | UNAUTHORIZED | View: plant_list_view | Path: /api/v1/plants/
[2026-04-18 18:36:56,571] ERROR plantae_api HTTP 401 | UNAUTHORIZED | View: plant_list_view | Path: /api/v1/plants/
[2026-04-18 18:36:56,588] ERROR plantae_api HTTP 401 | UNAUTHORIZED | View: plant_list_view | Path: /api/v1/plants/
[2026-04-18 18:36:56,589] ERROR plantae_api HTTP 401 | UNAUTHORIZED | View: plant_list_view | Path: /api/v1/plants/
[2026-04-18 18:36:56,606] ERROR plantae_api HTTP 401 | UNAUTHORIZED | View: plant_list_view | Path: /api/v1/plants/
[2026-04-18 18:36:56,606] ERROR plantae_api HTTP 401 | UNAUTHORIZED | View: plant_list_view | Path: /api/v1/plants/
[2026-04-18 18:36:56,622] ERROR plantae_api HTTP 401 | UNAUTHORIZED | View: plant_list_view | Path: /api/v1/plants/
[2026-04-18 18:36:56,622] ERROR plantae_api HTTP 401 | UNAUTHORIZED | View: plant_list_view | Path: /api/v1/plants/
[2026-04-18 18:36:56,639] ERROR plantae_api HTTP 401 | UNAUTHORIZED | View: plant_list_view | Path: /api/v1/plants/
[2026-04-18 18:36:56,640] ERROR plantae_api HTTP 401 | UNAUTHORIZED | View: plant_list_view | Path: /api/v1/plants/
[2026-04-18 18:36:56,656] ERROR plantae_api HTTP 401 | UNAUTHORIZED | View: plant_list_view | Path: /api/v1/plants/
[2026-04-18 18:36:56,656] ERROR plantae_api HTTP 401 | UNAUTHORIZED | View: plant_list_view | Path: /api/v1/plants/
[2026-04-18 18:36:56,672] ERROR plantae_api HTTP 401 | UNAUTHORIZED | View: plant_list_view | Path: /api/v1/plants/
[2026-04-18 18:36:56,672] ERROR plantae_api HTTP 401 | UNAUTHORIZED | View: plant_list_view | Path: /api/v1/plants/
[2026-04-18 18:36:56,688] ERROR plantae_api HTTP 401 | UNAUTHORIZED | View: plant_list_view | Path: /api/v1/plants/
[2026-04-18 18:36:56,689] ERROR plantae_api HTTP 401 | UNAUTHORIZED | View: plant_list_view | Path: /api/v1/plants/
[2026-04-18 18:36:56,705] ERROR plantae_api HTTP 401 | UNAUTHORIZED | View: plant_list_view | Path: /api/v1/plants/
[2026-04-18 18:36:56,706] ERROR plantae_api HTTP 401 | UNAUTHORIZED | View: plant_list_view | Path: /api/v1/plants/
[2026-04-18 18:36:56,722] ERROR plantae_api HTTP 401 | UNAUTHORIZED | View: plant_list_view | Path: /api/v1/plants/
[2026-04-18 18:36:56,722] ERROR plantae_api HTTP 401 | UNAUTHORIZED | View: plant_list_view | Path: /api/v1/plants/
[2026-04-18 18:36:56,739] ERROR plantae_api HTTP 401 | UNAUTHORIZED | View: plant_list_view | Path: /api/v1/plants/
[2026-04-18 18:36:56,739] ERROR plantae_api HTTP 401 | UNAUTHORIZED | View: plant_list_view | Path: /api/v1/plants/
[2026-04-18 18:36:56,755] ERROR plantae_api HTTP 401 | UNAUTHORIZED | View: plant_list_view | Path: /api/v1/plants/
[2026-04-18 18:36:56,755] ERROR plantae_api HTTP 401 | UNAUTHORIZED | View: plant_list_view | Path: /api/v1/plants/
[2026-04-18 18:36:56,771] ERROR plantae_api HTTP 401 | UNAUTHORIZED | View: plant_list_view | Path: /api/v1/plants/
[2026-04-18 18:36:56,771] ERROR plantae_api HTTP 401 | UNAUTHORIZED | View: plant_list_view | Path: /api/v1/plants/
[2026-04-18 18:36:56,789] ERROR plantae_api HTTP 401 | UNAUTHORIZED | View: plant_list_view | Path: /api/v1/plants/
[2026-04-18 18:36:56,789] ERROR plantae_api HTTP 401 | UNAUTHORIZED | View: plant_list_view | Path: /api/v1/plants/
[2026-04-18 18:36:56,806] ERROR plantae_api HTTP 401 | UNAUTHORIZED | View: plant_list_view | Path: /api/v1/plants/
[2026-04-18 18:36:56,806] ERROR plantae_api HTTP 401 | UNAUTHORIZED | View: plant_list_view | Path: /api/v1/plants/
[2026-04-18 18:36:56,823] ERROR plantae_api HTTP 401 | UNAUTHORIZED | View: plant_list_view | Path: /api/v1/plants/
[2026-04-18 18:36:56,823] ERROR plantae_api HTTP 401 | UNAUTHORIZED | View: plant_list_view | Path: /api/v1/plants/
[2026-04-18 18:36:56,840] ERROR plantae_api HTTP 401 | UNAUTHORIZED | View: plant_list_view | Path: /api/v1/plants/
[2026-04-18 18:36:56,840] ERROR plantae_api HTTP 401 | UNAUTHORIZED | View: plant_list_view | Path: /api/v1/plants/
[2026-04-18 18:36:56,855] ERROR plantae_api HTTP 401 | UNAUTHORIZED | View: plant_list_view | Path: /api/v1/plants/
[2026-04-18 18:36:56,855] ERROR plantae_api HTTP 401 | UNAUTHORIZED | View: plant_list_view | Path: /api/v1/plants/
[2026-04-18 18:36:56,872] ERROR plantae_api HTTP 401 | UNAUTHORIZED | View: plant_list_view | Path: /api/v1/plants/
[2026-04-18 18:36:56,872] ERROR plantae_api HTTP 401 | UNAUTHORIZED | View: plant_list_view | Path: /api/v1/plants/
[2026-04-18 18:36:56,893] ERROR plantae_api HTTP 401 | UNAUTHORIZED | View: plant_list_view | Path: /api/v1/plants/
[2026-04-18 18:36:56,894] ERROR plantae_api HTTP 401 | UNAUTHORIZED | View: plant_list_view | Path: /api/v1/plants/
[2026-04-18 18:36:56,922] ERROR plantae_api HTTP 401 | UNAUTHORIZED | View: plant_list_view | Path: /api/v1/plants/
[2026-04-18 18:36:56,922] ERROR plantae_api HTTP 401 | UNAUTHORIZED | View: plant_list_view | Path: /api/v1/plants/
[2026-04-18 18:36:56,939] ERROR plantae_api HTTP 401 | UNAUTHORIZED | View: plant_list_view | Path: /api/v1/plants/
[2026-04-18 18:36:56,939] ERROR plantae_api HTTP 401 | UNAUTHORIZED | View: plant_list_view | Path: /api/v1/plants/
[2026-04-18 18:36:56,956] ERROR plantae_api HTTP 401 | UNAUTHORIZED | View: plant_list_view | Path: /api/v1/plants/
[2026-04-18 18:36:56,956] ERROR plantae_api HTTP 401 | UNAUTHORIZED | View: plant_list_view | Path: /api/v1/plants/
[2026-04-18 18:36:56,972] ERROR plantae_api HTTP 401 | UNAUTHORIZED | View: plant_list_view | Path: /api/v1/plants/
[2026-04-18 18:36:56,972] ERROR plantae_api HTTP 401 | UNAUTHORIZED | View: plant_list_view | Path: /api/v1/plants/
[2026-04-18 18:36:56,989] ERROR plantae_api HTTP 401 | UNAUTHORIZED | View: plant_list_view | Path: /api/v1/plants/
[2026-04-18 18:36:56,989] ERROR plantae_api HTTP 401 | UNAUTHORIZED | View: plant_list_view | Path: /api/v1/plants/
[2026-04-18 18:36:57,005] ERROR plantae_api HTTP 401 | UNAUTHORIZED | View: plant_list_view | Path: /api/v1/plants/
[2026-04-18 18:36:57,008] ERROR plantae_api HTTP 401 | UNAUTHORIZED | View: plant_list_view | Path: /api/v1/plants/
[2026-04-18 18:36:57,022] ERROR plantae_api HTTP 401 | UNAUTHORIZED | View: plant_list_view | Path: /api/v1/plants/
[2026-04-18 18:36:57,023] ERROR plantae_api HTTP 401 | UNAUTHORIZED | View: plant_list_view | Path: /api/v1/plants/
[2026-04-18 18:36:57,039] ERROR plantae_api HTTP 401 | UNAUTHORIZED | View: plant_list_view | Path: /api/v1/plants/
[2026-04-18 18:36:57,039] ERROR plantae_api HTTP 401 | UNAUTHORIZED | View: plant_list_view | Path: /api/v1/plants/
[2026-04-18 18:36:57,057] ERROR plantae_api HTTP 401 | UNAUTHORIZED | View: plant_list_view | Path: /api/v1/plants/
[2026-04-18 18:36:57,057] ERROR plantae_api HTTP 401 | UNAUTHORIZED | View: plant_list_view | Path: /api/v1/plants/
[2026-04-18 18:36:57,073] ERROR plantae_api HTTP 401 | UNAUTHORIZED | View: plant_list_view | Path: /api/v1/plants/
[2026-04-18 18:36:57,073] ERROR plantae_api HTTP 401 | UNAUTHORIZED | View: plant_list_view | Path: /api/v1/plants/
[2026-04-18 18:36:57,089] ERROR plantae_api HTTP 401 | UNAUTHORIZED | View: plant_list_view | Path: /api/v1/plants/
[2026-04-18 18:36:57,090] ERROR plantae_api HTTP 401 | UNAUTHORIZED | View: plant_list_view | Path: /api/v1/plants/
[2026-04-18 18:36:57,106] ERROR plantae_api HTTP 401 | UNAUTHORIZED | View: plant_list_view | Path: /api/v1/plants/
[2026-04-18 18:36:57,107] ERROR plantae_api HTTP 401 | UNAUTHORIZED | View: plant_list_view | Path: /api/v1/plants/
[2026-04-18 18:36:57,123] ERROR plantae_api HTTP 401 | UNAUTHORIZED | View: plant_list_view | Path: /api/v1/plants/
[2026-04-18 18:36:57,123] ERROR plantae_api HTTP 401 | UNAUTHORIZED | View: plant_list_view | Path: /api/v1/plants/
[2026-04-18 18:36:57,138] ERROR plantae_api HTTP 401 | UNAUTHORIZED | View: plant_list_view | Path: /api/v1/plants/
[2026-04-18 18:36:57,140] ERROR plantae_api HTTP 401 | UNAUTHORIZED | View: plant_list_view | Path: /api/v1/plants/
[2026-04-18 18:36:57,156] ERROR plantae_api HTTP 401 | UNAUTHORIZED | View: plant_list_view | Path: /api/v1/plants/
[2026-04-18 18:36:57,156] ERROR plantae_api HTTP 401 | UNAUTHORIZED | View: plant_list_view | Path: /api/v1/plants/
[2026-04-18 18:36:57,173] ERROR plantae_api HTTP 401 | UNAUTHORIZED | View: plant_list_view | Path: /api/v1/plants/
[2026-04-18 18:36:57,174] ERROR plantae_api HTTP 401 | UNAUTHORIZED | View: plant_list_view | Path: /api/v1/plants/
[2026-04-18 18:36:57,190] ERROR plantae_api HTTP 401 | UNAUTHORIZED | View: plant_list_view | Path: /api/v1/plants/
[2026-04-18 18:36:57,190] ERROR plantae_api HTTP 401 | UNAUTHORIZED | View: plant_list_view | Path: /api/v1/plants/
[2026-04-18 18:36:57,223] ERROR plantae_api HTTP 401 | UNAUTHORIZED | View: plant_list_view | Path: /api/v1/plants/
[2026-04-18 18:36:57,223] ERROR plantae_api HTTP 401 | UNAUTHORIZED | View: plant_list_view | Path: /api/v1/plants/
[2026-04-18 18:36:57,240] ERROR plantae_api HTTP 401 | UNAUTHORIZED | View: plant_list_view | Path: /api/v1/plants/
[2026-04-18 18:36:57,240] ERROR plantae_api HTTP 401 | UNAUTHORIZED | View: plant_list_view | Path: /api/v1/plants/
[2026-04-18 18:36:57,257] ERROR plantae_api HTTP 401 | UNAUTHORIZED | View: plant_list_view | Path: /api/v1/plants/
[2026-04-18 18:36:57,257] ERROR plantae_api HTTP 401 | UNAUTHORIZED | View: plant_list_view | Path: /api/v1/plants/
[2026-04-18 18:36:57,274] ERROR plantae_api HTTP 401 | UNAUTHORIZED | View: plant_list_view | Path: /api/v1/plants/
[2026-04-18 18:36:57,274] ERROR plantae_api HTTP 401 | UNAUTHORIZED | View: plant_list_view | Path: /api/v1/plants/
[2026-04-18 18:36:57,307] ERROR plantae_api HTTP 401 | UNAUTHORIZED | View: plant_list_view | Path: /api/v1/plants/
[2026-04-18 18:36:57,308] ERROR plantae_api HTTP 401 | UNAUTHORIZED | View: plant_list_view | Path: /api/v1/plants/
[2026-04-18 18:36:57,340] ERROR plantae_api HTTP 401 | UNAUTHORIZED | View: plant_list_view | Path: /api/v1/plants/
[2026-04-18 18:36:57,342] ERROR plantae_api HTTP 401 | UNAUTHORIZED | View: plant_list_view | Path: /api/v1/plants/
[2026-04-18 18:36:57,357] ERROR plantae_api HTTP 401 | UNAUTHORIZED | View: plant_list_view | Path: /api/v1/plants/
[2026-04-18 18:36:57,357] ERROR plantae_api HTTP 401 | UNAUTHORIZED | View: plant_list_view | Path: /api/v1/plants/
[2026-04-18 18:36:57,373] ERROR plantae_api HTTP 401 | UNAUTHORIZED | View: plant_list_view | Path: /api/v1/plants/
[2026-04-18 18:36:57,374] ERROR plantae_api HTTP 401 | UNAUTHORIZED | View: plant_list_view | Path: /api/v1/plants/
[2026-04-18 18:36:57,390] ERROR plantae_api HTTP 401 | UNAUTHORIZED | View: plant_list_view | Path: /api/v1/plants/
[2026-04-18 18:36:57,390] ERROR plantae_api HTTP 401 | UNAUTHORIZED | View: plant_list_view | Path: /api/v1/plants/
[2026-04-18 18:36:57,407] ERROR plantae_api HTTP 401 | UNAUTHORIZED | View: plant_list_view | Path: /api/v1/plants/
[2026-04-18 18:36:57,407] ERROR plantae_api HTTP 401 | UNAUTHORIZED | View: plant_list_view | Path: /api/v1/plants/
[2026-04-18 18:36:57,423] ERROR plantae_api HTTP 401 | UNAUTHORIZED | View: plant_list_view | Path: /api/v1/plants/
[2026-04-18 18:36:57,424] ERROR plantae_api HTTP 401 | UNAUTHORIZED | View: plant_list_view | Path: /api/v1/plants/
[2026-04-18 18:36:57,440] ERROR plantae_api HTTP 401 | UNAUTHORIZED | View: plant_list_view | Path: /api/v1/plants/
[2026-04-18 18:36:57,441] ERROR plantae_api HTTP 401 | UNAUTHORIZED | View: plant_list_view | Path: /api/v1/plants/
[2026-04-18 18:36:57,457] ERROR plantae_api HTTP 401 | UNAUTHORIZED | View: plant_list_view | Path: /api/v1/plants/
[2026-04-18 18:36:57,457] ERROR plantae_api HTTP 401 | UNAUTHORIZED | View: plant_list_view | Path: /api/v1/plants/
[2026-04-18 18:36:57,473] ERROR plantae_api HTTP 401 | UNAUTHORIZED | View: plant_list_view | Path: /api/v1/plants/
[2026-04-18 18:36:57,474] ERROR plantae_api HTTP 401 | UNAUTHORIZED | View: plant_list_view | Path: /api/v1/plants/
[2026-04-18 18:36:57,491] ERROR plantae_api HTTP 401 | UNAUTHORIZED | View: plant_list_view | Path: /api/v1/plants/
[2026-04-18 18:36:57,491] ERROR plantae_api HTTP 401 | UNAUTHORIZED | View: plant_list_view | Path: /api/v1/plants/
[2026-04-18 18:36:57,507] ERROR plantae_api HTTP 401 | UNAUTHORIZED | View: plant_list_view | Path: /api/v1/plants/
[2026-04-18 18:36:57,508] ERROR plantae_api HTTP 401 | UNAUTHORIZED | View: plant_list_view | Path: /api/v1/plants/
[2026-04-18 18:36:57,524] ERROR plantae_api HTTP 401 | UNAUTHORIZED | View: plant_list_view | Path: /api/v1/plants/
[2026-04-18 18:36:57,524] ERROR plantae_api HTTP 401 | UNAUTHORIZED | View: plant_list_view | Path: /api/v1/plants/
[2026-04-18 18:36:57,540] ERROR plantae_api HTTP 401 | UNAUTHORIZED | View: plant_list_view | Path: /api/v1/plants/
[2026-04-18 18:36:57,541] ERROR plantae_api HTTP 401 | UNAUTHORIZED | View: plant_list_view | Path: /api/v1/plants/
[2026-04-18 18:36:57,557] ERROR plantae_api HTTP 401 | UNAUTHORIZED | View: plant_list_view | Path: /api/v1/plants/
[2026-04-18 18:36:57,557] ERROR plantae_api HTTP 401 | UNAUTHORIZED | View: plant_list_view | Path: /api/v1/plants/
[2026-04-18 18:36:57,574] ERROR plantae_api HTTP 401 | UNAUTHORIZED | View: plant_list_view | Path: /api/v1/plants/
[2026-04-18 18:36:57,574] ERROR plantae_api HTTP 401 | UNAUTHORIZED | View: plant_list_view | Path: /api/v1/plants/
[2026-04-18 18:36:57,590] ERROR plantae_api HTTP 401 | UNAUTHORIZED | View: plant_list_view | Path: /api/v1/plants/
[2026-04-18 18:36:57,591] ERROR plantae_api HTTP 401 | UNAUTHORIZED | View: plant_list_view | Path: /api/v1/plants/
[2026-04-18 18:36:57,608] ERROR plantae_api HTTP 401 | UNAUTHORIZED | View: plant_list_view | Path: /api/v1/plants/
[2026-04-18 18:36:57,609] ERROR plantae_api HTTP 401 | UNAUTHORIZED | View: plant_list_view | Path: /api/v1/plants/
[2026-04-18 18:36:57,624] ERROR plantae_api HTTP 401 | UNAUTHORIZED | View: plant_list_view | Path: /api/v1/plants/
[2026-04-18 18:36:57,624] ERROR plantae_api HTTP 401 | UNAUTHORIZED | View: plant_list_view | Path: /api/v1/plants/
[2026-04-18 18:36:57,641] ERROR plantae_api HTTP 401 | UNAUTHORIZED | View: plant_list_view | Path: /api/v1/plants/
[2026-04-18 18:36:57,641] ERROR plantae_api HTTP 401 | UNAUTHORIZED | View: plant_list_view | Path: /api/v1/plants/
[2026-04-18 18:36:57,657] ERROR plantae_api HTTP 401 | UNAUTHORIZED | View: plant_list_view | Path: /api/v1/plants/
[2026-04-18 18:36:57,658] ERROR plantae_api HTTP 401 | UNAUTHORIZED | View: plant_list_view | Path: /api/v1/plants/
[2026-04-18 18:36:57,674] ERROR plantae_api HTTP 401 | UNAUTHORIZED | View: plant_list_view | Path: /api/v1/plants/
[2026-04-18 18:36:57,674] ERROR plantae_api HTTP 401 | UNAUTHORIZED | View: plant_list_view | Path: /api/v1/plants/
[2026-04-18 18:36:57,690] ERROR plantae_api HTTP 401 | UNAUTHORIZED | View: plant_list_view | Path: /api/v1/plants/
[2026-04-18 18:36:57,690] ERROR plantae_api HTTP 401 | UNAUTHORIZED | View: plant_list_view | Path: /api/v1/plants/
[2026-04-18 18:36:57,705] ERROR plantae_api HTTP 401 | UNAUTHORIZED | View: plant_list_view | Path: /api/v1/plants/
[2026-04-18 18:36:57,707] ERROR plantae_api HTTP 401 | UNAUTHORIZED | View: plant_list_view | Path: /api/v1/plants/
[2026-04-18 18:36:57,725] ERROR plantae_api HTTP 401 | UNAUTHORIZED | View: plant_list_view | Path: /api/v1/plants/
[2026-04-18 18:36:57,726] ERROR plantae_api HTTP 401 | UNAUTHORIZED | View: plant_list_view | Path: /api/v1/plants/
[2026-04-18 18:36:57,741] ERROR plantae_api HTTP 401 | UNAUTHORIZED | View: plant_list_view | Path: /api/v1/plants/
[2026-04-18 18:36:57,741] ERROR plantae_api HTTP 401 | UNAUTHORIZED | View: plant_list_view | Path: /api/v1/plants/
[2026-04-18 18:36:57,757] ERROR plantae_api HTTP 401 | UNAUTHORIZED | View: plant_list_view | Path: /api/v1/plants/
[2026-04-18 18:36:57,757] ERROR plantae_api HTTP 401 | UNAUTHORIZED | View: plant_list_view | Path: /api/v1/plants/
[2026-04-18 18:36:57,775] ERROR plantae_api HTTP 401 | UNAUTHORIZED | View: plant_list_view | Path: /api/v1/plants/
[2026-04-18 18:36:57,775] ERROR plantae_api HTTP 401 | UNAUTHORIZED | View: plant_list_view | Path: /api/v1/plants/
[2026-04-18 18:36:57,791] ERROR plantae_api HTTP 401 | UNAUTHORIZED | View: plant_list_view | Path: /api/v1/plants/
[2026-04-18 18:36:57,791] ERROR plantae_api HTTP 401 | UNAUTHORIZED | View: plant_list_view | Path: /api/v1/plants/
[2026-04-18 18:36:57,807] ERROR plantae_api HTTP 401 | UNAUTHORIZED | View: plant_list_view | Path: /api/v1/plants/
[2026-04-18 18:36:57,808] ERROR plantae_api HTTP 401 | UNAUTHORIZED | View: plant_list_view | Path: /api/v1/plants/
[2026-04-18 18:36:57,826] ERROR plantae_api HTTP 401 | UNAUTHORIZED | View: plant_list_view | Path: /api/v1/plants/
[2026-04-18 18:36:57,826] ERROR plantae_api HTTP 401 | UNAUTHORIZED | View: plant_list_view | Path: /api/v1/plants/
[2026-04-18 18:36:57,840] ERROR plantae_api HTTP 401 | UNAUTHORIZED | View: plant_list_view | Path: /api/v1/plants/
[2026-04-18 18:36:57,840] ERROR plantae_api HTTP 401 | UNAUTHORIZED | View: plant_list_view | Path: /api/v1/plants/
[2026-04-18 18:36:57,858] ERROR plantae_api HTTP 401 | UNAUTHORIZED | View: plant_list_view | Path: /api/v1/plants/
[2026-04-18 18:36:57,859] ERROR plantae_api HTTP 401 | UNAUTHORIZED | View: plant_list_view | Path: /api/v1/plants/
[2026-04-18 18:36:57,875] ERROR plantae_api HTTP 401 | UNAUTHORIZED | View: plant_list_view | Path: /api/v1/plants/
[2026-04-18 18:36:57,875] ERROR plantae_api HTTP 401 | UNAUTHORIZED | View: plant_list_view | Path: /api/v1/plants/
[2026-04-18 18:36:57,891] ERROR plantae_api HTTP 401 | UNAUTHORIZED | View: plant_list_view | Path: /api/v1/plants/
[2026-04-18 18:36:57,891] ERROR plantae_api HTTP 401 | UNAUTHORIZED | View: plant_list_view | Path: /api/v1/plants/
[2026-04-18 18:36:57,907] ERROR plantae_api HTTP 401 | UNAUTHORIZED | View: plant_list_view | Path: /api/v1/plants/
[2026-04-18 18:36:57,908] ERROR plantae_api HTTP 401 | UNAUTHORIZED | View: plant_list_view | Path: /api/v1/plants/
[2026-04-18 18:36:57,926] ERROR plantae_api HTTP 401 | UNAUTHORIZED | View: plant_list_view | Path: /api/v1/plants/
[2026-04-18 18:36:57,927] ERROR plantae_api HTTP 401 | UNAUTHORIZED | View: plant_list_view | Path: /api/v1/plants/
[2026-04-18 18:36:57,958] ERROR plantae_api HTTP 401 | UNAUTHORIZED | View: plant_list_view | Path: /api/v1/plants/
[2026-04-18 18:36:57,958] ERROR plantae_api HTTP 401 | UNAUTHORIZED | View: plant_list_view | Path: /api/v1/plants/
[2026-04-18 18:36:57,974] ERROR plantae_api HTTP 401 | UNAUTHORIZED | View: plant_list_view | Path: /api/v1/plants/
[2026-04-18 18:36:57,975] ERROR plantae_api HTTP 401 | UNAUTHORIZED | View: plant_list_view | Path: /api/v1/plants/
[2026-04-18 18:36:57,991] ERROR plantae_api HTTP 401 | UNAUTHORIZED | View: plant_list_view | Path: /api/v1/plants/
[2026-04-18 18:36:57,991] ERROR plantae_api HTTP 401 | UNAUTHORIZED | View: plant_list_view | Path: /api/v1/plants/
[2026-04-18 18:36:58,008] ERROR plantae_api HTTP 401 | UNAUTHORIZED | View: plant_list_view | Path: /api/v1/plants/
[2026-04-18 18:36:58,008] ERROR plantae_api HTTP 401 | UNAUTHORIZED | View: plant_list_view | Path: /api/v1/plants/
[2026-04-18 18:36:58,026] ERROR plantae_api HTTP 401 | UNAUTHORIZED | View: plant_list_view | Path: /api/v1/plants/
[2026-04-18 18:36:58,026] ERROR plantae_api HTTP 401 | UNAUTHORIZED | View: plant_list_view | Path: /api/v1/plants/
[2026-04-18 18:36:58,041] ERROR plantae_api HTTP 401 | UNAUTHORIZED | View: plant_list_view | Path: /api/v1/plants/
[2026-04-18 18:36:58,041] ERROR plantae_api HTTP 401 | UNAUTHORIZED | View: plant_list_view | Path: /api/v1/plants/
[2026-04-18 18:36:58,058] ERROR plantae_api HTTP 401 | UNAUTHORIZED | View: plant_list_view | Path: /api/v1/plants/
[2026-04-18 18:36:58,058] ERROR plantae_api HTTP 401 | UNAUTHORIZED | View: plant_list_view | Path: /api/v1/plants/
[2026-04-18 18:36:58,075] ERROR plantae_api HTTP 401 | UNAUTHORIZED | View: plant_list_view | Path: /api/v1/plants/
[2026-04-18 18:36:58,076] ERROR plantae_api HTTP 401 | UNAUTHORIZED | View: plant_list_view | Path: /api/v1/plants/
[2026-04-18 18:36:58,092] ERROR plantae_api HTTP 401 | UNAUTHORIZED | View: plant_list_view | Path: /api/v1/plants/
[2026-04-18 18:36:58,092] ERROR plantae_api HTTP 401 | UNAUTHORIZED | View: plant_list_view | Path: /api/v1/plants/
[2026-04-18 18:36:58,108] ERROR plantae_api HTTP 401 | UNAUTHORIZED | View: plant_list_view | Path: /api/v1/plants/
[2026-04-18 18:36:58,108] ERROR plantae_api HTTP 401 | UNAUTHORIZED | View: plant_list_view | Path: /api/v1/plants/
[2026-04-18 18:36:58,125] ERROR plantae_api HTTP 401 | UNAUTHORIZED | View: plant_list_view | Path: /api/v1/plants/
[2026-04-18 18:36:58,125] ERROR plantae_api HTTP 401 | UNAUTHORIZED | View: plant_list_view | Path: /api/v1/plants/
[2026-04-18 18:36:58,141] ERROR plantae_api HTTP 401 | UNAUTHORIZED | View: plant_list_view | Path: /api/v1/plants/
[2026-04-18 18:36:58,142] ERROR plantae_api HTTP 401 | UNAUTHORIZED | View: plant_list_view | Path: /api/v1/plants/
[2026-04-18 18:36:58,158] ERROR plantae_api HTTP 401 | UNAUTHORIZED | View: plant_list_view | Path: /api/v1/plants/
[2026-04-18 18:36:58,159] ERROR plantae_api HTTP 401 | UNAUTHORIZED | View: plant_list_view | Path: /api/v1/plants/
[2026-04-18 18:36:58,175] ERROR plantae_api HTTP 401 | UNAUTHORIZED | View: plant_list_view | Path: /api/v1/plants/
[2026-04-18 18:36:58,176] ERROR plantae_api HTTP 401 | UNAUTHORIZED | View: plant_list_view | Path: /api/v1/plants/
[2026-04-18 18:36:58,191] ERROR plantae_api HTTP 401 | UNAUTHORIZED | View: plant_list_view | Path: /api/v1/plants/
[2026-04-18 18:36:58,192] ERROR plantae_api HTTP 401 | UNAUTHORIZED | View: plant_list_view | Path: /api/v1/plants/
[2026-04-18 18:36:58,207] ERROR plantae_api HTTP 401 | UNAUTHORIZED | View: plant_list_view | Path: /api/v1/plants/
[2026-04-18 18:36:58,208] ERROR plantae_api HTTP 401 | UNAUTHORIZED | View: plant_list_view | Path: /api/v1/plants/
[2026-04-18 18:36:58,226] ERROR plantae_api HTTP 401 | UNAUTHORIZED | View: plant_list_view | Path: /api/v1/plants/
[2026-04-18 18:36:58,226] ERROR plantae_api HTTP 401 | UNAUTHORIZED | View: plant_list_view | Path: /api/v1/plants/
[2026-04-18 18:36:58,241] ERROR plantae_api HTTP 401 | UNAUTHORIZED | View: plant_list_view | Path: /api/v1/plants/
[2026-04-18 18:36:58,242] ERROR plantae_api HTTP 401 | UNAUTHORIZED | View: plant_list_view | Path: /api/v1/plants/
[2026-04-18 18:36:58,258] ERROR plantae_api HTTP 401 | UNAUTHORIZED | View: plant_list_view | Path: /api/v1/plants/
[2026-04-18 18:36:58,258] ERROR plantae_api HTTP 401 | UNAUTHORIZED | View: plant_list_view | Path: /api/v1/plants/
[2026-04-18 18:36:58,280] ERROR plantae_api HTTP 401 | UNAUTHORIZED | View: plant_list_view | Path: /api/v1/plants/
[2026-04-18 18:36:58,282] ERROR plantae_api HTTP 401 | UNAUTHORIZED | View: plant_list_view | Path: /api/v1/plants/
[2026-04-18 18:36:58,292] ERROR plantae_api HTTP 401 | UNAUTHORIZED | View: plant_list_view | Path: /api/v1/plants/
[2026-04-18 18:36:58,292] ERROR plantae_api HTTP 401 | UNAUTHORIZED | View: plant_list_view | Path: /api/v1/plants/
[2026-04-18 18:36:58,308] ERROR plantae_api HTTP 401 | UNAUTHORIZED | View: plant_list_view | Path: /api/v1/plants/
[2026-04-18 18:36:58,308] ERROR plantae_api HTTP 401 | UNAUTHORIZED | View: plant_list_view | Path: /api/v1/plants/
[2026-04-18 18:36:58,325] ERROR plantae_api HTTP 401 | UNAUTHORIZED | View: plant_list_view | Path: /api/v1/plants/
[2026-04-18 18:36:58,325] ERROR plantae_api HTTP 401 | UNAUTHORIZED | View: plant_list_view | Path: /api/v1/plants/
[2026-04-18 18:36:58,341] ERROR plantae_api HTTP 401 | UNAUTHORIZED | View: plant_list_view | Path: /api/v1/plants/
[2026-04-18 18:36:58,342] ERROR plantae_api HTTP 401 | UNAUTHORIZED | View: plant_list_view | Path: /api/v1/plants/
[2026-04-18 18:36:58,358] ERROR plantae_api HTTP 401 | UNAUTHORIZED | View: plant_list_view | Path: /api/v1/plants/
[2026-04-18 18:36:58,359] ERROR plantae_api HTTP 401 | UNAUTHORIZED | View: plant_list_view | Path: /api/v1/plants/
[2026-04-18 18:36:58,376] ERROR plantae_api HTTP 401 | UNAUTHORIZED | View: plant_list_view | Path: /api/v1/plants/
[2026-04-18 18:36:58,376] ERROR plantae_api HTTP 401 | UNAUTHORIZED | View: plant_list_view | Path: /api/v1/plants/
[2026-04-18 18:36:58,391] ERROR plantae_api HTTP 401 | UNAUTHORIZED | View: plant_list_view | Path: /api/v1/plants/
[2026-04-18 18:36:58,392] ERROR plantae_api HTTP 401 | UNAUTHORIZED | View: plant_list_view | Path: /api/v1/plants/
[2026-04-18 18:36:58,409] ERROR plantae_api HTTP 401 | UNAUTHORIZED | View: plant_list_view | Path: /api/v1/plants/
[2026-04-18 18:36:58,409] ERROR plantae_api HTTP 401 | UNAUTHORIZED | View: plant_list_view | Path: /api/v1/plants/
[2026-04-18 18:36:58,425] ERROR plantae_api HTTP 401 | UNAUTHORIZED | View: plant_list_view | Path: /api/v1/plants/
[2026-04-18 18:36:58,425] ERROR plantae_api HTTP 401 | UNAUTHORIZED | View: plant_list_view | Path: /api/v1/plants/
[2026-04-18 18:36:58,442] ERROR plantae_api HTTP 401 | UNAUTHORIZED | View: plant_list_view | Path: /api/v1/plants/
[2026-04-18 18:36:58,442] ERROR plantae_api HTTP 401 | UNAUTHORIZED | View: plant_list_view | Path: /api/v1/plants/
[2026-04-18 18:36:58,459] ERROR plantae_api HTTP 401 | UNAUTHORIZED | View: plant_list_view | Path: /api/v1/plants/
[2026-04-18 18:36:58,460] ERROR plantae_api HTTP 401 | UNAUTHORIZED | View: plant_list_view | Path: /api/v1/plants/
[2026-04-18 18:36:58,475] ERROR plantae_api HTTP 401 | UNAUTHORIZED | View: plant_list_view | Path: /api/v1/plants/
[2026-04-18 18:36:58,476] ERROR plantae_api HTTP 401 | UNAUTHORIZED | View: plant_list_view | Path: /api/v1/plants/
[2026-04-18 18:36:58,493] ERROR plantae_api HTTP 401 | UNAUTHORIZED | View: plant_list_view | Path: /api/v1/plants/
[2026-04-18 18:36:58,493] ERROR plantae_api HTTP 401 | UNAUTHORIZED | View: plant_list_view | Path: /api/v1/plants/
[2026-04-18 18:36:58,509] ERROR plantae_api HTTP 401 | UNAUTHORIZED | View: plant_list_view | Path: /api/v1/plants/
[2026-04-18 18:36:58,510] ERROR plantae_api HTTP 401 | UNAUTHORIZED | View: plant_list_view | Path: /api/v1/plants/
[2026-04-18 18:36:58,525] ERROR plantae_api HTTP 401 | UNAUTHORIZED | View: plant_list_view | Path: /api/v1/plants/
[2026-04-18 18:36:58,525] ERROR plantae_api HTTP 401 | UNAUTHORIZED | View: plant_list_view | Path: /api/v1/plants/
[2026-04-18 18:36:58,542] ERROR plantae_api HTTP 401 | UNAUTHORIZED | View: plant_list_view | Path: /api/v1/plants/
[2026-04-18 18:36:58,543] ERROR plantae_api HTTP 401 | UNAUTHORIZED | View: plant_list_view | Path: /api/v1/plants/
[2026-04-18 18:36:58,561] ERROR plantae_api HTTP 401 | UNAUTHORIZED | View: plant_list_view | Path: /api/v1/plants/
[2026-04-18 18:36:58,562] ERROR plantae_api HTTP 401 | UNAUTHORIZED | View: plant_list_view | Path: /api/v1/plants/
[2026-04-18 18:36:58,575] ERROR plantae_api HTTP 401 | UNAUTHORIZED | View: plant_list_view | Path: /api/v1/plants/
[2026-04-18 18:36:58,575] ERROR plantae_api HTTP 401 | UNAUTHORIZED | View: plant_list_view | Path: /api/v1/plants/
[2026-04-18 18:36:58,592] ERROR plantae_api HTTP 401 | UNAUTHORIZED | View: plant_list_view | Path: /api/v1/plants/
[2026-04-18 18:36:58,592] ERROR plantae_api HTTP 401 | UNAUTHORIZED | View: plant_list_view | Path: /api/v1/plants/
[2026-04-18 18:36:58,608] ERROR plantae_api HTTP 401 | UNAUTHORIZED | View: plant_list_view | Path: /api/v1/plants/
[2026-04-18 18:36:58,610] ERROR plantae_api HTTP 401 | UNAUTHORIZED | View: plant_list_view | Path: /api/v1/plants/
[2026-04-18 18:36:58,625] ERROR plantae_api HTTP 401 | UNAUTHORIZED | View: plant_list_view | Path: /api/v1/plants/
[2026-04-18 18:36:58,625] ERROR plantae_api HTTP 401 | UNAUTHORIZED | View: plant_list_view | Path: /api/v1/plants/
[2026-04-18 18:36:58,660] ERROR plantae_api HTTP 401 | UNAUTHORIZED | View: plant_list_view | Path: /api/v1/plants/
[2026-04-18 18:36:58,661] ERROR plantae_api HTTP 401 | UNAUTHORIZED | View: plant_list_view | Path: /api/v1/plants/
[2026-04-18 18:36:58,677] ERROR plantae_api HTTP 401 | UNAUTHORIZED | View: plant_list_view | Path: /api/v1/plants/
[2026-04-18 18:36:58,677] ERROR plantae_api HTTP 401 | UNAUTHORIZED | View: plant_list_view | Path: /api/v1/plants/
[2026-04-18 18:36:58,692] ERROR plantae_api HTTP 401 | UNAUTHORIZED | View: plant_list_view | Path: /api/v1/plants/
[2026-04-18 18:36:58,692] ERROR plantae_api HTTP 401 | UNAUTHORIZED | View: plant_list_view | Path: /api/v1/plants/
[2026-04-18 18:36:58,710] ERROR plantae_api HTTP 401 | UNAUTHORIZED | View: plant_list_view | Path: /api/v1/plants/
[2026-04-18 18:36:58,710] ERROR plantae_api HTTP 401 | UNAUTHORIZED | View: plant_list_view | Path: /api/v1/plants/
[2026-04-18 18:36:58,726] ERROR plantae_api HTTP 401 | UNAUTHORIZED | View: plant_list_view | Path: /api/v1/plants/
[2026-04-18 18:36:58,727] ERROR plantae_api HTTP 401 | UNAUTHORIZED | View: plant_list_view | Path: /api/v1/plants/
[2026-04-18 18:36:58,742] ERROR plantae_api HTTP 401 | UNAUTHORIZED | View: plant_list_view | Path: /api/v1/plants/
[2026-04-18 18:36:58,742] ERROR plantae_api HTTP 401 | UNAUTHORIZED | View: plant_list_view | Path: /api/v1/plants/
[2026-04-18 18:36:58,759] ERROR plantae_api HTTP 401 | UNAUTHORIZED | View: plant_list_view | Path: /api/v1/plants/
[2026-04-18 18:36:58,759] ERROR plantae_api HTTP 401 | UNAUTHORIZED | View: plant_list_view | Path: /api/v1/plants/
[2026-04-18 18:36:58,776] ERROR plantae_api HTTP 401 | UNAUTHORIZED | View: plant_list_view | Path: /api/v1/plants/
[2026-04-18 18:36:58,777] ERROR plantae_api HTTP 401 | UNAUTHORIZED | View: plant_list_view | Path: /api/v1/plants/
[2026-04-18 18:36:58,793] ERROR plantae_api HTTP 401 | UNAUTHORIZED | View: plant_list_view | Path: /api/v1/plants/
[2026-04-18 18:36:58,793] ERROR plantae_api HTTP 401 | UNAUTHORIZED | View: plant_list_view | Path: /api/v1/plants/
[2026-04-18 18:36:58,809] ERROR plantae_api HTTP 401 | UNAUTHORIZED | View: plant_list_view | Path: /api/v1/plants/
[2026-04-18 18:36:58,810] ERROR plantae_api HTTP 401 | UNAUTHORIZED | View: plant_list_view | Path: /api/v1/plants/
[2026-04-18 18:36:58,825] ERROR plantae_api HTTP 401 | UNAUTHORIZED | View: plant_list_view | Path: /api/v1/plants/
[2026-04-18 18:36:58,825] ERROR plantae_api HTTP 401 | UNAUTHORIZED | View: plant_list_view | Path: /api/v1/plants/
[2026-04-18 18:36:58,842] ERROR plantae_api HTTP 401 | UNAUTHORIZED | View: plant_list_view | Path: /api/v1/plants/
[2026-04-18 18:36:58,842] ERROR plantae_api HTTP 401 | UNAUTHORIZED | View: plant_list_view | Path: /api/v1/plants/
[2026-04-18 18:36:58,860] ERROR plantae_api HTTP 401 | UNAUTHORIZED | View: plant_list_view | Path: /api/v1/plants/
[2026-04-18 18:36:58,860] ERROR plantae_api HTTP 401 | UNAUTHORIZED | View: plant_list_view | Path: /api/v1/plants/
[2026-04-18 18:36:58,875] ERROR plantae_api HTTP 401 | UNAUTHORIZED | View: plant_list_view | Path: /api/v1/plants/
[2026-04-18 18:36:58,875] ERROR plantae_api HTTP 401 | UNAUTHORIZED | View: plant_list_view | Path: /api/v1/plants/
[2026-04-18 18:36:58,893] ERROR plantae_api HTTP 401 | UNAUTHORIZED | View: plant_list_view | Path: /api/v1/plants/
[2026-04-18 18:36:58,893] ERROR plantae_api HTTP 401 | UNAUTHORIZED | View: plant_list_view | Path: /api/v1/plants/
[2026-04-18 18:36:58,911] ERROR plantae_api HTTP 401 | UNAUTHORIZED | View: plant_list_view | Path: /api/v1/plants/
[2026-04-18 18:36:58,911] ERROR plantae_api HTTP 401 | UNAUTHORIZED | View: plant_list_view | Path: /api/v1/plants/
[2026-04-18 18:36:58,925] ERROR plantae_api HTTP 401 | UNAUTHORIZED | View: plant_list_view | Path: /api/v1/plants/
[2026-04-18 18:36:58,927] ERROR plantae_api HTTP 401 | UNAUTHORIZED | View: plant_list_view | Path: /api/v1/plants/
[2026-04-18 18:36:58,942] ERROR plantae_api HTTP 401 | UNAUTHORIZED | View: plant_list_view | Path: /api/v1/plants/
[2026-04-18 18:36:58,944] ERROR plantae_api HTTP 401 | UNAUTHORIZED | View: plant_list_view | Path: /api/v1/plants/
[2026-04-18 18:36:58,960] ERROR plantae_api HTTP 401 | UNAUTHORIZED | View: plant_list_view | Path: /api/v1/plants/
[2026-04-18 18:36:58,960] ERROR plantae_api HTTP 401 | UNAUTHORIZED | View: plant_list_view | Path: /api/v1/plants/
[2026-04-18 18:36:58,975] ERROR plantae_api HTTP 401 | UNAUTHORIZED | View: plant_list_view | Path: /api/v1/plants/
[2026-04-18 18:36:58,976] ERROR plantae_api HTTP 401 | UNAUTHORIZED | View: plant_list_view | Path: /api/v1/plants/
[2026-04-18 18:36:58,993] ERROR plantae_api HTTP 401 | UNAUTHORIZED | View: plant_list_view | Path: /api/v1/plants/
[2026-04-18 18:36:58,993] ERROR plantae_api HTTP 401 | UNAUTHORIZED | View: plant_list_view | Path: /api/v1/plants/
[2026-04-18 18:36:59,010] ERROR plantae_api HTTP 401 | UNAUTHORIZED | View: plant_list_view | Path: /api/v1/plants/
[2026-04-18 18:36:59,010] ERROR plantae_api HTTP 401 | UNAUTHORIZED | View: plant_list_view | Path: /api/v1/plants/
[2026-04-18 18:36:59,027] ERROR plantae_api HTTP 401 | UNAUTHORIZED | View: plant_list_view | Path: /api/v1/plants/
[2026-04-18 18:36:59,027] ERROR plantae_api HTTP 401 | UNAUTHORIZED | View: plant_list_view | Path: /api/v1/plants/
[2026-04-18 18:36:59,042] ERROR plantae_api HTTP 401 | UNAUTHORIZED | View: plant_list_view | Path: /api/v1/plants/
[2026-04-18 18:36:59,043] ERROR plantae_api HTTP 401 | UNAUTHORIZED | View: plant_list_view | Path: /api/v1/plants/
[2026-04-18 18:36:59,060] ERROR plantae_api HTTP 401 | UNAUTHORIZED | View: plant_list_view | Path: /api/v1/plants/
[2026-04-18 18:36:59,062] ERROR plantae_api HTTP 401 | UNAUTHORIZED | View: plant_list_view | Path: /api/v1/plants/
[2026-04-18 18:36:59,077] ERROR plantae_api HTTP 401 | UNAUTHORIZED | View: plant_list_view | Path: /api/v1/plants/
[2026-04-18 18:36:59,077] ERROR plantae_api HTTP 401 | UNAUTHORIZED | View: plant_list_view | Path: /api/v1/plants/
[2026-04-18 18:36:59,093] ERROR plantae_api HTTP 401 | UNAUTHORIZED | View: plant_list_view | Path: /api/v1/plants/
[2026-04-18 18:36:59,094] ERROR plantae_api HTTP 401 | UNAUTHORIZED | View: plant_list_view | Path: /api/v1/plants/
[2026-04-18 18:36:59,111] ERROR plantae_api HTTP 401 | UNAUTHORIZED | View: plant_list_view | Path: /api/v1/plants/
[2026-04-18 18:36:59,111] ERROR plantae_api HTTP 401 | UNAUTHORIZED | View: plant_list_view | Path: /api/v1/plants/
[2026-04-18 18:36:59,127] ERROR plantae_api HTTP 401 | UNAUTHORIZED | View: plant_list_view | Path: /api/v1/plants/
[2026-04-18 18:36:59,127] ERROR plantae_api HTTP 401 | UNAUTHORIZED | View: plant_list_view | Path: /api/v1/plants/
[2026-04-18 18:36:59,144] ERROR plantae_api HTTP 401 | UNAUTHORIZED | View: plant_list_view | Path: /api/v1/plants/
[2026-04-18 18:36:59,144] ERROR plantae_api HTTP 401 | UNAUTHORIZED | View: plant_list_view | Path: /api/v1/plants/
[2026-04-18 18:36:59,160] ERROR plantae_api HTTP 401 | UNAUTHORIZED | View: plant_list_view | Path: /api/v1/plants/
[2026-04-18 18:36:59,161] ERROR plantae_api HTTP 401 | UNAUTHORIZED | View: plant_list_view | Path: /api/v1/plants/
[2026-04-18 18:36:59,176] ERROR plantae_api HTTP 401 | UNAUTHORIZED | View: plant_list_view | Path: /api/v1/plants/
[2026-04-18 18:36:59,177] ERROR plantae_api HTTP 401 | UNAUTHORIZED | View: plant_list_view | Path: /api/v1/plants/
[2026-04-18 18:36:59,193] ERROR plantae_api HTTP 401 | UNAUTHORIZED | View: plant_list_view | Path: /api/v1/plants/
[2026-04-18 18:36:59,193] ERROR plantae_api HTTP 401 | UNAUTHORIZED | View: plant_list_view | Path: /api/v1/plants/
[2026-04-18 18:36:59,210] ERROR plantae_api HTTP 401 | UNAUTHORIZED | View: plant_list_view | Path: /api/v1/plants/
[2026-04-18 18:36:59,211] ERROR plantae_api HTTP 401 | UNAUTHORIZED | View: plant_list_view | Path: /api/v1/plants/
[2026-04-18 18:36:59,226] ERROR plantae_api HTTP 401 | UNAUTHORIZED | View: plant_list_view | Path: /api/v1/plants/
[2026-04-18 18:36:59,227] ERROR plantae_api HTTP 401 | UNAUTHORIZED | View: plant_list_view | Path: /api/v1/plants/
[2026-04-18 18:36:59,242] ERROR plantae_api HTTP 401 | UNAUTHORIZED | View: plant_list_view | Path: /api/v1/plants/
[2026-04-18 18:36:59,243] ERROR plantae_api HTTP 401 | UNAUTHORIZED | View: plant_list_view | Path: /api/v1/plants/
[2026-04-18 18:36:59,261] ERROR plantae_api HTTP 401 | UNAUTHORIZED | View: plant_list_view | Path: /api/v1/plants/
[2026-04-18 18:36:59,261] ERROR plantae_api HTTP 401 | UNAUTHORIZED | View: plant_list_view | Path: /api/v1/plants/
[2026-04-18 18:36:59,276] ERROR plantae_api HTTP 401 | UNAUTHORIZED | View: plant_list_view | Path: /api/v1/plants/
[2026-04-18 18:36:59,277] ERROR plantae_api HTTP 401 | UNAUTHORIZED | View: plant_list_view | Path: /api/v1/plants/
[2026-04-18 18:36:59,294] ERROR plantae_api HTTP 401 | UNAUTHORIZED | View: plant_list_view | Path: /api/v1/plants/
[2026-04-18 18:36:59,295] ERROR plantae_api HTTP 401 | UNAUTHORIZED | View: plant_list_view | Path: /api/v1/plants/
[2026-04-18 18:36:59,310] ERROR plantae_api HTTP 401 | UNAUTHORIZED | View: plant_list_view | Path: /api/v1/plants/
[2026-04-18 18:36:59,310] ERROR plantae_api HTTP 401 | UNAUTHORIZED | View: plant_list_view | Path: /api/v1/plants/
[2026-04-18 18:36:59,327] ERROR plantae_api HTTP 401 | UNAUTHORIZED | View: plant_list_view | Path: /api/v1/plants/
[2026-04-18 18:36:59,328] ERROR plantae_api HTTP 401 | UNAUTHORIZED | View: plant_list_view | Path: /api/v1/plants/
[2026-04-18 18:36:59,344] ERROR plantae_api HTTP 401 | UNAUTHORIZED | View: plant_list_view | Path: /api/v1/plants/
[2026-04-18 18:36:59,344] ERROR plantae_api HTTP 401 | UNAUTHORIZED | View: plant_list_view | Path: /api/v1/plants/
[2026-04-18 18:36:59,360] ERROR plantae_api HTTP 401 | UNAUTHORIZED | View: plant_list_view | Path: /api/v1/plants/
[2026-04-18 18:36:59,361] ERROR plantae_api HTTP 401 | UNAUTHORIZED | View: plant_list_view | Path: /api/v1/plants/
[2026-04-18 18:36:59,377] ERROR plantae_api HTTP 401 | UNAUTHORIZED | View: plant_list_view | Path: /api/v1/plants/
[2026-04-18 18:36:59,377] ERROR plantae_api HTTP 401 | UNAUTHORIZED | View: plant_list_view | Path: /api/v1/plants/
[2026-04-18 18:36:59,395] ERROR plantae_api HTTP 401 | UNAUTHORIZED | View: plant_list_view | Path: /api/v1/plants/
[2026-04-18 18:36:59,395] ERROR plantae_api HTTP 401 | UNAUTHORIZED | View: plant_list_view | Path: /api/v1/plants/
[2026-04-18 18:36:59,411] ERROR plantae_api HTTP 401 | UNAUTHORIZED | View: plant_list_view | Path: /api/v1/plants/
[2026-04-18 18:36:59,412] ERROR plantae_api HTTP 401 | UNAUTHORIZED | View: plant_list_view | Path: /api/v1/plants/
[2026-04-18 18:36:59,427] ERROR plantae_api HTTP 401 | UNAUTHORIZED | View: plant_list_view | Path: /api/v1/plants/
[2026-04-18 18:36:59,427] ERROR plantae_api HTTP 401 | UNAUTHORIZED | View: plant_list_view | Path: /api/v1/plants/
[2026-04-18 18:36:59,444] ERROR plantae_api HTTP 401 | UNAUTHORIZED | View: plant_list_view | Path: /api/v1/plants/
[2026-04-18 18:36:59,445] ERROR plantae_api HTTP 401 | UNAUTHORIZED | View: plant_list_view | Path: /api/v1/plants/
[2026-04-18 18:36:59,461] ERROR plantae_api HTTP 401 | UNAUTHORIZED | View: plant_list_view | Path: /api/v1/plants/
[2026-04-18 18:36:59,461] ERROR plantae_api HTTP 401 | UNAUTHORIZED | View: plant_list_view | Path: /api/v1/plants/
[2026-04-18 18:36:59,477] ERROR plantae_api HTTP 401 | UNAUTHORIZED | View: plant_list_view | Path: /api/v1/plants/
[2026-04-18 18:36:59,478] ERROR plantae_api HTTP 401 | UNAUTHORIZED | View: plant_list_view | Path: /api/v1/plants/
[2026-04-18 18:36:59,494] ERROR plantae_api HTTP 401 | UNAUTHORIZED | View: plant_list_view | Path: /api/v1/plants/
[2026-04-18 18:36:59,495] ERROR plantae_api HTTP 401 | UNAUTHORIZED | View: plant_list_view | Path: /api/v1/plants/
[2026-04-18 18:36:59,510] ERROR plantae_api HTTP 401 | UNAUTHORIZED | View: plant_list_view | Path: /api/v1/plants/
[2026-04-18 18:36:59,510] ERROR plantae_api HTTP 401 | UNAUTHORIZED | View: plant_list_view | Path: /api/v1/plants/
[2026-04-18 18:36:59,527] ERROR plantae_api HTTP 401 | UNAUTHORIZED | View: plant_list_view | Path: /api/v1/plants/
[2026-04-18 18:36:59,527] ERROR plantae_api HTTP 401 | UNAUTHORIZED | View: plant_list_view | Path: /api/v1/plants/
[2026-04-18 18:36:59,545] ERROR plantae_api HTTP 401 | UNAUTHORIZED | View: plant_list_view | Path: /api/v1/plants/
[2026-04-18 18:36:59,545] ERROR plantae_api HTTP 401 | UNAUTHORIZED | View: plant_list_view | Path: /api/v1/plants/
[2026-04-18 18:36:59,561] ERROR plantae_api HTTP 401 | UNAUTHORIZED | View: plant_list_view | Path: /api/v1/plants/
[2026-04-18 18:36:59,561] ERROR plantae_api HTTP 401 | UNAUTHORIZED | View: plant_list_view | Path: /api/v1/plants/
[2026-04-18 18:36:59,578] ERROR plantae_api HTTP 401 | UNAUTHORIZED | View: plant_list_view | Path: /api/v1/plants/
[2026-04-18 18:36:59,578] ERROR plantae_api HTTP 401 | UNAUTHORIZED | View: plant_list_view | Path: /api/v1/plants/
[2026-04-18 18:36:59,595] ERROR plantae_api HTTP 401 | UNAUTHORIZED | View: plant_list_view | Path: /api/v1/plants/
[2026-04-18 18:36:59,596] ERROR plantae_api HTTP 401 | UNAUTHORIZED | View: plant_list_view | Path: /api/v1/plants/
[2026-04-18 18:36:59,611] ERROR plantae_api HTTP 401 | UNAUTHORIZED | View: plant_list_view | Path: /api/v1/plants/
[2026-04-18 18:36:59,611] ERROR plantae_api HTTP 401 | UNAUTHORIZED | View: plant_list_view | Path: /api/v1/plants/
[2026-04-18 18:36:59,627] ERROR plantae_api HTTP 401 | UNAUTHORIZED | View: plant_list_view | Path: /api/v1/plants/
[2026-04-18 18:36:59,629] ERROR plantae_api HTTP 401 | UNAUTHORIZED | View: plant_list_view | Path: /api/v1/plants/
[2026-04-18 18:36:59,644] ERROR plantae_api HTTP 401 | UNAUTHORIZED | View: plant_list_view | Path: /api/v1/plants/
[2026-04-18 18:36:59,644] ERROR plantae_api HTTP 401 | UNAUTHORIZED | View: plant_list_view | Path: /api/v1/plants/
[2026-04-18 18:36:59,660] ERROR plantae_api HTTP 401 | UNAUTHORIZED | View: plant_list_view | Path: /api/v1/plants/
[2026-04-18 18:36:59,660] ERROR plantae_api HTTP 401 | UNAUTHORIZED | View: plant_list_view | Path: /api/v1/plants/
[2026-04-18 18:36:59,677] ERROR plantae_api HTTP 401 | UNAUTHORIZED | View: plant_list_view | Path: /api/v1/plants/
[2026-04-18 18:36:59,678] ERROR plantae_api HTTP 401 | UNAUTHORIZED | View: plant_list_view | Path: /api/v1/plants/
[2026-04-18 18:36:59,694] ERROR plantae_api HTTP 401 | UNAUTHORIZED | View: plant_list_view | Path: /api/v1/plants/
[2026-04-18 18:36:59,694] ERROR plantae_api HTTP 401 | UNAUTHORIZED | View: plant_list_view | Path: /api/v1/plants/
[2026-04-18 18:36:59,711] ERROR plantae_api HTTP 401 | UNAUTHORIZED | View: plant_list_view | Path: /api/v1/plants/
[2026-04-18 18:36:59,711] ERROR plantae_api HTTP 401 | UNAUTHORIZED | View: plant_list_view | Path: /api/v1/plants/
[2026-04-18 18:36:59,728] ERROR plantae_api HTTP 401 | UNAUTHORIZED | View: plant_list_view | Path: /api/v1/plants/
[2026-04-18 18:36:59,729] ERROR plantae_api HTTP 401 | UNAUTHORIZED | View: plant_list_view | Path: /api/v1/plants/
[2026-04-18 18:36:59,745] ERROR plantae_api HTTP 401 | UNAUTHORIZED | View: plant_list_view | Path: /api/v1/plants/
[2026-04-18 18:36:59,745] ERROR plantae_api HTTP 401 | UNAUTHORIZED | View: plant_list_view | Path: /api/v1/plants/
[2026-04-18 18:36:59,760] ERROR plantae_api HTTP 401 | UNAUTHORIZED | View: plant_list_view | Path: /api/v1/plants/
[2026-04-18 18:36:59,761] ERROR plantae_api HTTP 401 | UNAUTHORIZED | View: plant_list_view | Path: /api/v1/plants/
[2026-04-18 18:36:59,779] ERROR plantae_api HTTP 401 | UNAUTHORIZED | View: plant_list_view | Path: /api/v1/plants/
[2026-04-18 18:36:59,779] ERROR plantae_api HTTP 401 | UNAUTHORIZED | View: plant_list_view | Path: /api/v1/plants/
[2026-04-18 18:36:59,794] ERROR plantae_api HTTP 401 | UNAUTHORIZED | View: plant_list_view | Path: /api/v1/plants/
[2026-04-18 18:36:59,794] ERROR plantae_api HTTP 401 | UNAUTHORIZED | View: plant_list_view | Path: /api/v1/plants/
[2026-04-18 18:36:59,811] ERROR plantae_api HTTP 401 | UNAUTHORIZED | View: plant_list_view | Path: /api/v1/plants/
[2026-04-18 18:36:59,811] ERROR plantae_api HTTP 401 | UNAUTHORIZED | View: plant_list_view | Path: /api/v1/plants/
[2026-04-18 18:36:59,828] ERROR plantae_api HTTP 401 | UNAUTHORIZED | View: plant_list_view | Path: /api/v1/plants/
[2026-04-18 18:36:59,829] ERROR plantae_api HTTP 401 | UNAUTHORIZED | View: plant_list_view | Path: /api/v1/plants/
[2026-04-18 18:36:59,845] ERROR plantae_api HTTP 401 | UNAUTHORIZED | View: plant_list_view | Path: /api/v1/plants/
[2026-04-18 18:36:59,845] ERROR plantae_api HTTP 401 | UNAUTHORIZED | View: plant_list_view | Path: /api/v1/plants/
[2026-04-18 18:36:59,861] ERROR plantae_api HTTP 401 | UNAUTHORIZED | View: plant_list_view | Path: /api/v1/plants/
[2026-04-18 18:36:59,861] ERROR plantae_api HTTP 401 | UNAUTHORIZED | View: plant_list_view | Path: /api/v1/plants/
[2026-04-18 18:36:59,879] ERROR plantae_api HTTP 401 | UNAUTHORIZED | View: plant_list_view | Path: /api/v1/plants/
[2026-04-18 18:36:59,879] ERROR plantae_api HTTP 401 | UNAUTHORIZED | View: plant_list_view | Path: /api/v1/plants/
[2026-04-18 18:36:59,895] ERROR plantae_api HTTP 401 | UNAUTHORIZED | View: plant_list_view | Path: /api/v1/plants/
[2026-04-18 18:36:59,895] ERROR plantae_api HTTP 401 | UNAUTHORIZED | View: plant_list_view | Path: /api/v1/plants/
[2026-04-18 18:36:59,911] ERROR plantae_api HTTP 401 | UNAUTHORIZED | View: plant_list_view | Path: /api/v1/plants/
[2026-04-18 18:36:59,911] ERROR plantae_api HTTP 401 | UNAUTHORIZED | View: plant_list_view | Path: /api/v1/plants/
[2026-04-18 18:36:59,928] ERROR plantae_api HTTP 401 | UNAUTHORIZED | View: plant_list_view | Path: /api/v1/plants/
[2026-04-18 18:36:59,929] ERROR plantae_api HTTP 401 | UNAUTHORIZED | View: plant_list_view | Path: /api/v1/plants/
[2026-04-18 18:36:59,944] ERROR plantae_api HTTP 401 | UNAUTHORIZED | View: plant_list_view | Path: /api/v1/plants/
[2026-04-18 18:36:59,944] ERROR plantae_api HTTP 401 | UNAUTHORIZED | View: plant_list_view | Path: /api/v1/plants/
[2026-04-18 18:36:59,961] ERROR plantae_api HTTP 401 | UNAUTHORIZED | View: plant_list_view | Path: /api/v1/plants/
[2026-04-18 18:36:59,962] ERROR plantae_api HTTP 401 | UNAUTHORIZED | View: plant_list_view | Path: /api/v1/plants/
[2026-04-18 18:36:59,978] ERROR plantae_api HTTP 401 | UNAUTHORIZED | View: plant_list_view | Path: /api/v1/plants/
[2026-04-18 18:36:59,979] ERROR plantae_api HTTP 401 | UNAUTHORIZED | View: plant_list_view | Path: /api/v1/plants/
[2026-04-18 18:36:59,994] ERROR plantae_api HTTP 401 | UNAUTHORIZED | View: plant_list_view | Path: /api/v1/plants/
[2026-04-18 18:36:59,995] ERROR plantae_api HTTP 401 | UNAUTHORIZED | View: plant_list_view | Path: /api/v1/plants/
[2026-04-18 18:37:00,010] ERROR plantae_api HTTP 401 | UNAUTHORIZED | View: plant_list_view | Path: /api/v1/plants/
[2026-04-18 18:37:00,011] ERROR plantae_api HTTP 401 | UNAUTHORIZED | View: plant_list_view | Path: /api/v1/plants/
[2026-04-18 18:37:00,028] ERROR plantae_api HTTP 401 | UNAUTHORIZED | View: plant_list_view | Path: /api/v1/plants/
[2026-04-18 18:37:00,028] ERROR plantae_api HTTP 401 | UNAUTHORIZED | View: plant_list_view | Path: /api/v1/plants/
[2026-04-18 18:37:00,044] ERROR plantae_api HTTP 401 | UNAUTHORIZED | View: plant_list_view | Path: /api/v1/plants/
[2026-04-18 18:37:00,045] ERROR plantae_api HTTP 401 | UNAUTHORIZED | View: plant_list_view | Path: /api/v1/plants/
[2026-04-18 18:37:00,061] ERROR plantae_api HTTP 401 | UNAUTHORIZED | View: plant_list_view | Path: /api/v1/plants/
[2026-04-18 18:37:00,062] ERROR plantae_api HTTP 401 | UNAUTHORIZED | View: plant_list_view | Path: /api/v1/plants/
[2026-04-18 18:37:00,078] ERROR plantae_api HTTP 401 | UNAUTHORIZED | View: plant_list_view | Path: /api/v1/plants/
[2026-04-18 18:37:00,078] ERROR plantae_api HTTP 401 | UNAUTHORIZED | View: plant_list_view | Path: /api/v1/plants/
[2026-04-18 18:37:00,093] ERROR plantae_api HTTP 401 | UNAUTHORIZED | View: plant_list_view | Path: /api/v1/plants/
[2026-04-18 18:37:00,094] ERROR plantae_api HTTP 401 | UNAUTHORIZED | View: plant_list_view | Path: /api/v1/plants/
[2026-04-18 18:37:00,112] ERROR plantae_api HTTP 401 | UNAUTHORIZED | View: plant_list_view | Path: /api/v1/plants/
[2026-04-18 18:37:00,112] ERROR plantae_api HTTP 401 | UNAUTHORIZED | View: plant_list_view | Path: /api/v1/plants/
[2026-04-18 18:37:00,128] ERROR plantae_api HTTP 401 | UNAUTHORIZED | View: plant_list_view | Path: /api/v1/plants/
[2026-04-18 18:37:00,128] ERROR plantae_api HTTP 401 | UNAUTHORIZED | View: plant_list_view | Path: /api/v1/plants/
[2026-04-18 18:37:00,144] ERROR plantae_api HTTP 401 | UNAUTHORIZED | View: plant_list_view | Path: /api/v1/plants/
[2026-04-18 18:37:00,145] ERROR plantae_api HTTP 401 | UNAUTHORIZED | View: plant_list_view | Path: /api/v1/plants/
[2026-04-18 18:37:00,162] ERROR plantae_api HTTP 401 | UNAUTHORIZED | View: plant_list_view | Path: /api/v1/plants/
[2026-04-18 18:37:00,163] ERROR plantae_api HTTP 401 | UNAUTHORIZED | View: plant_list_view | Path: /api/v1/plants/
[2026-04-18 18:37:00,178] ERROR plantae_api HTTP 401 | UNAUTHORIZED | View: plant_list_view | Path: /api/v1/plants/
[2026-04-18 18:37:00,178] ERROR plantae_api HTTP 401 | UNAUTHORIZED | View: plant_list_view | Path: /api/v1/plants/
[2026-04-18 18:37:00,195] ERROR plantae_api HTTP 401 | UNAUTHORIZED | View: plant_list_view | Path: /api/v1/plants/
[2026-04-18 18:37:00,196] ERROR plantae_api HTTP 401 | UNAUTHORIZED | View: plant_list_view | Path: /api/v1/plants/
[2026-04-18 18:37:00,213] ERROR plantae_api HTTP 401 | UNAUTHORIZED | View: plant_list_view | Path: /api/v1/plants/
[2026-04-18 18:37:00,214] ERROR plantae_api HTTP 401 | UNAUTHORIZED | View: plant_list_view | Path: /api/v1/plants/
[2026-04-18 18:37:00,229] ERROR plantae_api HTTP 401 | UNAUTHORIZED | View: plant_list_view | Path: /api/v1/plants/
[2026-04-18 18:37:00,229] ERROR plantae_api HTTP 401 | UNAUTHORIZED | View: plant_list_view | Path: /api/v1/plants/
[2026-04-18 18:37:00,246] ERROR plantae_api HTTP 401 | UNAUTHORIZED | View: plant_list_view | Path: /api/v1/plants/
[2026-04-18 18:37:00,246] ERROR plantae_api HTTP 401 | UNAUTHORIZED | View: plant_list_view | Path: /api/v1/plants/
[2026-04-18 18:37:00,262] ERROR plantae_api HTTP 401 | UNAUTHORIZED | View: plant_list_view | Path: /api/v1/plants/
[2026-04-18 18:37:00,263] ERROR plantae_api HTTP 401 | UNAUTHORIZED | View: plant_list_view | Path: /api/v1/plants/
[2026-04-18 18:37:00,278] ERROR plantae_api HTTP 401 | UNAUTHORIZED | View: plant_list_view | Path: /api/v1/plants/
[2026-04-18 18:37:00,279] ERROR plantae_api HTTP 401 | UNAUTHORIZED | View: plant_list_view | Path: /api/v1/plants/
[2026-04-18 18:37:00,295] ERROR plantae_api HTTP 401 | UNAUTHORIZED | View: plant_list_view | Path: /api/v1/plants/
[2026-04-18 18:37:00,295] ERROR plantae_api HTTP 401 | UNAUTHORIZED | View: plant_list_view | Path: /api/v1/plants/
[2026-04-18 18:37:00,314] ERROR plantae_api HTTP 401 | UNAUTHORIZED | View: plant_list_view | Path: /api/v1/plants/
[2026-04-18 18:37:00,314] ERROR plantae_api HTTP 401 | UNAUTHORIZED | View: plant_list_view | Path: /api/v1/plants/
[2026-04-18 18:37:00,345] ERROR plantae_api HTTP 401 | UNAUTHORIZED | View: plant_list_view | Path: /api/v1/plants/
[2026-04-18 18:37:00,347] ERROR plantae_api HTTP 401 | UNAUTHORIZED | View: plant_list_view | Path: /api/v1/plants/
[2026-04-18 18:37:00,362] ERROR plantae_api HTTP 401 | UNAUTHORIZED | View: plant_list_view | Path: /api/v1/plants/
[2026-04-18 18:37:00,362] ERROR plantae_api HTTP 401 | UNAUTHORIZED | View: plant_list_view | Path: /api/v1/plants/
[2026-04-18 18:37:00,380] ERROR plantae_api HTTP 401 | UNAUTHORIZED | View: plant_list_view | Path: /api/v1/plants/
[2026-04-18 18:37:00,380] ERROR plantae_api HTTP 401 | UNAUTHORIZED | View: plant_list_view | Path: /api/v1/plants/
[2026-04-18 18:37:00,395] ERROR plantae_api HTTP 401 | UNAUTHORIZED | View: plant_list_view | Path: /api/v1/plants/
[2026-04-18 18:37:00,395] ERROR plantae_api HTTP 401 | UNAUTHORIZED | View: plant_list_view | Path: /api/v1/plants/
[2026-04-18 18:37:00,413] ERROR plantae_api HTTP 401 | UNAUTHORIZED | View: plant_list_view | Path: /api/v1/plants/
[2026-04-18 18:37:00,413] ERROR plantae_api HTTP 401 | UNAUTHORIZED | View: plant_list_view | Path: /api/v1/plants/
[2026-04-18 18:37:00,429] ERROR plantae_api HTTP 401 | UNAUTHORIZED | View: plant_list_view | Path: /api/v1/plants/
[2026-04-18 18:37:00,430] ERROR plantae_api HTTP 401 | UNAUTHORIZED | View: plant_list_view | Path: /api/v1/plants/
[2026-04-18 18:37:00,446] ERROR plantae_api HTTP 401 | UNAUTHORIZED | View: plant_list_view | Path: /api/v1/plants/
[2026-04-18 18:37:00,446] ERROR plantae_api HTTP 401 | UNAUTHORIZED | View: plant_list_view | Path: /api/v1/plants/
[2026-04-18 18:37:00,462] ERROR plantae_api HTTP 401 | UNAUTHORIZED | View: plant_list_view | Path: /api/v1/plants/
[2026-04-18 18:37:00,463] ERROR plantae_api HTTP 401 | UNAUTHORIZED | View: plant_list_view | Path: /api/v1/plants/
[2026-04-18 18:37:00,479] ERROR plantae_api HTTP 401 | UNAUTHORIZED | View: plant_list_view | Path: /api/v1/plants/
[2026-04-18 18:37:00,479] ERROR plantae_api HTTP 401 | UNAUTHORIZED | View: plant_list_view | Path: /api/v1/plants/
[2026-04-18 18:37:00,495] ERROR plantae_api HTTP 401 | UNAUTHORIZED | View: plant_list_view | Path: /api/v1/plants/
[2026-04-18 18:37:00,495] ERROR plantae_api HTTP 401 | UNAUTHORIZED | View: plant_list_view | Path: /api/v1/plants/
[2026-04-18 18:37:00,513] ERROR plantae_api HTTP 401 | UNAUTHORIZED | View: plant_list_view | Path: /api/v1/plants/
[2026-04-18 18:37:00,513] ERROR plantae_api HTTP 401 | UNAUTHORIZED | View: plant_list_view | Path: /api/v1/plants/
[2026-04-18 18:37:00,530] ERROR plantae_api HTTP 401 | UNAUTHORIZED | View: plant_list_view | Path: /api/v1/plants/
[2026-04-18 18:37:00,530] ERROR plantae_api HTTP 401 | UNAUTHORIZED | View: plant_list_view | Path: /api/v1/plants/
[2026-04-18 18:37:00,546] ERROR plantae_api HTTP 401 | UNAUTHORIZED | View: plant_list_view | Path: /api/v1/plants/
[2026-04-18 18:37:00,546] ERROR plantae_api HTTP 401 | UNAUTHORIZED | View: plant_list_view | Path: /api/v1/plants/
[2026-04-18 18:37:00,563] ERROR plantae_api HTTP 401 | UNAUTHORIZED | View: plant_list_view | Path: /api/v1/plants/
[2026-04-18 18:37:00,564] ERROR plantae_api HTTP 401 | UNAUTHORIZED | View: plant_list_view | Path: /api/v1/plants/
[2026-04-18 18:37:00,579] ERROR plantae_api HTTP 401 | UNAUTHORIZED | View: plant_list_view | Path: /api/v1/plants/
[2026-04-18 18:37:00,579] ERROR plantae_api HTTP 401 | UNAUTHORIZED | View: plant_list_view | Path: /api/v1/plants/
[2026-04-18 18:37:00,597] ERROR plantae_api HTTP 401 | UNAUTHORIZED | View: plant_list_view | Path: /api/v1/plants/
[2026-04-18 18:37:00,597] ERROR plantae_api HTTP 401 | UNAUTHORIZED | View: plant_list_view | Path: /api/v1/plants/
[2026-04-18 18:37:00,613] ERROR plantae_api HTTP 401 | UNAUTHORIZED | View: plant_list_view | Path: /api/v1/plants/
[2026-04-18 18:37:00,613] ERROR plantae_api HTTP 401 | UNAUTHORIZED | View: plant_list_view | Path: /api/v1/plants/
[2026-04-18 18:37:00,629] ERROR plantae_api HTTP 401 | UNAUTHORIZED | View: plant_list_view | Path: /api/v1/plants/
[2026-04-18 18:37:00,629] ERROR plantae_api HTTP 401 | UNAUTHORIZED | View: plant_list_view | Path: /api/v1/plants/
[2026-04-18 18:37:00,646] ERROR plantae_api HTTP 401 | UNAUTHORIZED | View: plant_list_view | Path: /api/v1/plants/
[2026-04-18 18:37:00,647] ERROR plantae_api HTTP 401 | UNAUTHORIZED | View: plant_list_view | Path: /api/v1/plants/
[2026-04-18 18:37:00,663] ERROR plantae_api HTTP 401 | UNAUTHORIZED | View: plant_list_view | Path: /api/v1/plants/
[2026-04-18 18:37:00,664] ERROR plantae_api HTTP 401 | UNAUTHORIZED | View: plant_list_view | Path: /api/v1/plants/
[2026-04-18 18:37:00,679] ERROR plantae_api HTTP 401 | UNAUTHORIZED | View: plant_list_view | Path: /api/v1/plants/
[2026-04-18 18:37:00,680] ERROR plantae_api HTTP 401 | UNAUTHORIZED | View: plant_list_view | Path: /api/v1/plants/
[2026-04-18 18:37:00,696] ERROR plantae_api HTTP 401 | UNAUTHORIZED | View: plant_list_view | Path: /api/v1/plants/
[2026-04-18 18:37:00,697] ERROR plantae_api HTTP 401 | UNAUTHORIZED | View: plant_list_view | Path: /api/v1/plants/
[2026-04-18 18:37:00,713] ERROR plantae_api HTTP 401 | UNAUTHORIZED | View: plant_list_view | Path: /api/v1/plants/
[2026-04-18 18:37:00,714] ERROR plantae_api HTTP 401 | UNAUTHORIZED | View: plant_list_view | Path: /api/v1/plants/
[2026-04-18 18:37:00,729] ERROR plantae_api HTTP 401 | UNAUTHORIZED | View: plant_list_view | Path: /api/v1/plants/
[2026-04-18 18:37:00,729] ERROR plantae_api HTTP 401 | UNAUTHORIZED | View: plant_list_view | Path: /api/v1/plants/
[2026-04-18 18:37:00,745] ERROR plantae_api HTTP 401 | UNAUTHORIZED | View: plant_list_view | Path: /api/v1/plants/
[2026-04-18 18:37:00,747] ERROR plantae_api HTTP 401 | UNAUTHORIZED | View: plant_list_view | Path: /api/v1/plants/
[2026-04-18 18:37:00,764] ERROR plantae_api HTTP 401 | UNAUTHORIZED | View: plant_list_view | Path: /api/v1/plants/
[2026-04-18 18:37:00,765] ERROR plantae_api HTTP 401 | UNAUTHORIZED | View: plant_list_view | Path: /api/v1/plants/
[2026-04-18 18:37:00,780] ERROR plantae_api HTTP 401 | UNAUTHORIZED | View: plant_list_view | Path: /api/v1/plants/
[2026-04-18 18:37:00,781] ERROR plantae_api HTTP 401 | UNAUTHORIZED | View: plant_list_view | Path: /api/v1/plants/
[2026-04-18 18:37:00,797] ERROR plantae_api HTTP 401 | UNAUTHORIZED | View: plant_list_view | Path: /api/v1/plants/
[2026-04-18 18:37:00,797] ERROR plantae_api HTTP 401 | UNAUTHORIZED | View: plant_list_view | Path: /api/v1/plants/
[2026-04-18 18:37:00,818] ERROR plantae_api HTTP 401 | UNAUTHORIZED | View: plant_list_view | Path: /api/v1/plants/
[2026-04-18 18:37:00,819] ERROR plantae_api HTTP 401 | UNAUTHORIZED | View: plant_list_view | Path: /api/v1/plants/
[2026-04-18 18:37:00,846] ERROR plantae_api HTTP 401 | UNAUTHORIZED | View: plant_list_view | Path: /api/v1/plants/
[2026-04-18 18:37:00,847] ERROR plantae_api HTTP 401 | UNAUTHORIZED | View: plant_list_view | Path: /api/v1/plants/
[2026-04-18 18:37:00,862] ERROR plantae_api HTTP 401 | UNAUTHORIZED | View: plant_list_view | Path: /api/v1/plants/
[2026-04-18 18:37:00,864] ERROR plantae_api HTTP 401 | UNAUTHORIZED | View: plant_list_view | Path: /api/v1/plants/
[2026-04-18 18:37:00,880] ERROR plantae_api HTTP 401 | UNAUTHORIZED | View: plant_list_view | Path: /api/v1/plants/
[2026-04-18 18:37:00,880] ERROR plantae_api HTTP 401 | UNAUTHORIZED | View: plant_list_view | Path: /api/v1/plants/
[2026-04-18 18:37:00,897] ERROR plantae_api HTTP 401 | UNAUTHORIZED | View: plant_list_view | Path: /api/v1/plants/
[2026-04-18 18:37:00,897] ERROR plantae_api HTTP 401 | UNAUTHORIZED | View: plant_list_view | Path: /api/v1/plants/
[2026-04-18 18:37:01,058] ERROR plantae_api HTTP 401 | UNAUTHORIZED | View: plant_list_view | Path: /api/v1/plants/
[2026-04-18 18:37:01,059] ERROR plantae_api HTTP 401 | UNAUTHORIZED | View: plant_list_view | Path: /api/v1/plants/
[2026-04-18 18:37:01,091] ERROR plantae_api HTTP 401 | UNAUTHORIZED | View: plant_list_view | Path: /api/v1/plants/
[2026-04-18 18:37:01,091] ERROR plantae_api HTTP 401 | UNAUTHORIZED | View: plant_list_view | Path: /api/v1/plants/
[2026-04-18 18:37:01,120] ERROR plantae_api HTTP 401 | UNAUTHORIZED | View: plant_list_view | Path: /api/v1/plants/
[2026-04-18 18:37:01,120] ERROR plantae_api HTTP 401 | UNAUTHORIZED | View: plant_list_view | Path: /api/v1/plants/
[2026-04-18 18:37:01,152] ERROR plantae_api HTTP 401 | UNAUTHORIZED | View: plant_list_view | Path: /api/v1/plants/
[2026-04-18 18:37:01,153] ERROR plantae_api HTTP 401 | UNAUTHORIZED | View: plant_list_view | Path: /api/v1/plants/
[2026-04-18 18:37:01,184] ERROR plantae_api HTTP 401 | UNAUTHORIZED | View: plant_list_view | Path: /api/v1/plants/
[2026-04-18 18:37:01,184] ERROR plantae_api HTTP 401 | UNAUTHORIZED | View: plant_list_view | Path: /api/v1/plants/
[2026-04-18 18:37:01,217] ERROR plantae_api HTTP 401 | UNAUTHORIZED | View: plant_list_view | Path: /api/v1/plants/
[2026-04-18 18:37:01,217] ERROR plantae_api HTTP 401 | UNAUTHORIZED | View: plant_list_view | Path: /api/v1/plants/
[2026-04-18 18:37:01,252] ERROR plantae_api HTTP 401 | UNAUTHORIZED | View: plant_list_view | Path: /api/v1/plants/
[2026-04-18 18:37:01,252] ERROR plantae_api HTTP 401 | UNAUTHORIZED | View: plant_list_view | Path: /api/v1/plants/
[2026-04-18 18:37:01,283] ERROR plantae_api HTTP 401 | UNAUTHORIZED | View: plant_list_view | Path: /api/v1/plants/
[2026-04-18 18:37:01,284] ERROR plantae_api HTTP 401 | UNAUTHORIZED | View: plant_list_view | Path: /api/v1/plants/
[2026-04-18 18:37:01,298] ERROR plantae_api HTTP 401 | UNAUTHORIZED | View: plant_list_view | Path: /api/v1/plants/
[2026-04-18 18:37:01,299] ERROR plantae_api HTTP 401 | UNAUTHORIZED | View: plant_list_view | Path: /api/v1/plants/
[2026-04-18 18:37:01,314] ERROR plantae_api HTTP 401 | UNAUTHORIZED | View: plant_list_view | Path: /api/v1/plants/
[2026-04-18 18:37:01,315] ERROR plantae_api HTTP 401 | UNAUTHORIZED | View: plant_list_view | Path: /api/v1/plants/
[2026-04-18 18:37:01,331] ERROR plantae_api HTTP 401 | UNAUTHORIZED | View: plant_list_view | Path: /api/v1/plants/
[2026-04-18 18:37:01,332] ERROR plantae_api HTTP 401 | UNAUTHORIZED | View: plant_list_view | Path: /api/v1/plants/
[2026-04-18 18:37:01,348] ERROR plantae_api HTTP 401 | UNAUTHORIZED | View: plant_list_view | Path: /api/v1/plants/
[2026-04-18 18:37:01,348] ERROR plantae_api HTTP 401 | UNAUTHORIZED | View: plant_list_view | Path: /api/v1/plants/
[2026-04-18 18:37:01,365] ERROR plantae_api HTTP 401 | UNAUTHORIZED | View: plant_list_view | Path: /api/v1/plants/
[2026-04-18 18:37:01,365] ERROR plantae_api HTTP 401 | UNAUTHORIZED | View: plant_list_view | Path: /api/v1/plants/
[2026-04-18 18:37:01,381] ERROR plantae_api HTTP 401 | UNAUTHORIZED | View: plant_list_view | Path: /api/v1/plants/
[2026-04-18 18:37:01,381] ERROR plantae_api HTTP 401 | UNAUTHORIZED | View: plant_list_view | Path: /api/v1/plants/
[2026-04-18 18:37:01,398] ERROR plantae_api HTTP 401 | UNAUTHORIZED | View: plant_list_view | Path: /api/v1/plants/
[2026-04-18 18:37:01,398] ERROR plantae_api HTTP 401 | UNAUTHORIZED | View: plant_list_view | Path: /api/v1/plants/
[2026-04-18 18:37:01,416] ERROR plantae_api HTTP 401 | UNAUTHORIZED | View: plant_list_view | Path: /api/v1/plants/
[2026-04-18 18:37:01,416] ERROR plantae_api HTTP 401 | UNAUTHORIZED | View: plant_list_view | Path: /api/v1/plants/
[2026-04-18 18:37:01,431] ERROR plantae_api HTTP 401 | UNAUTHORIZED | View: plant_list_view | Path: /api/v1/plants/
[2026-04-18 18:37:01,432] ERROR plantae_api HTTP 401 | UNAUTHORIZED | View: plant_list_view | Path: /api/v1/plants/
[2026-04-18 18:37:01,448] ERROR plantae_api HTTP 401 | UNAUTHORIZED | View: plant_list_view | Path: /api/v1/plants/
[2026-04-18 18:37:01,448] ERROR plantae_api HTTP 401 | UNAUTHORIZED | View: plant_list_view | Path: /api/v1/plants/
[2026-04-18 18:37:01,465] ERROR plantae_api HTTP 401 | UNAUTHORIZED | View: plant_list_view | Path: /api/v1/plants/
[2026-04-18 18:37:01,466] ERROR plantae_api HTTP 401 | UNAUTHORIZED | View: plant_list_view | Path: /api/v1/plants/
[2026-04-18 18:37:01,481] ERROR plantae_api HTTP 401 | UNAUTHORIZED | View: plant_list_view | Path: /api/v1/plants/
[2026-04-18 18:37:01,481] ERROR plantae_api HTTP 401 | UNAUTHORIZED | View: plant_list_view | Path: /api/v1/plants/
[2026-04-18 18:37:01,498] ERROR plantae_api HTTP 401 | UNAUTHORIZED | View: plant_list_view | Path: /api/v1/plants/
[2026-04-18 18:37:01,498] ERROR plantae_api HTTP 401 | UNAUTHORIZED | View: plant_list_view | Path: /api/v1/plants/
[2026-04-18 18:37:01,513] ERROR plantae_api HTTP 401 | UNAUTHORIZED | View: plant_list_view | Path: /api/v1/plants/
[2026-04-18 18:37:01,515] ERROR plantae_api HTTP 401 | UNAUTHORIZED | View: plant_list_view | Path: /api/v1/plants/
[2026-04-18 18:37:01,531] ERROR plantae_api HTTP 401 | UNAUTHORIZED | View: plant_list_view | Path: /api/v1/plants/
[2026-04-18 18:37:01,532] ERROR plantae_api HTTP 401 | UNAUTHORIZED | View: plant_list_view | Path: /api/v1/plants/
[2026-04-18 18:37:01,548] ERROR plantae_api HTTP 401 | UNAUTHORIZED | View: plant_list_view | Path: /api/v1/plants/
[2026-04-18 18:37:01,549] ERROR plantae_api HTTP 401 | UNAUTHORIZED | View: plant_list_view | Path: /api/v1/plants/
[2026-04-18 18:37:01,565] ERROR plantae_api HTTP 401 | UNAUTHORIZED | View: plant_list_view | Path: /api/v1/plants/
[2026-04-18 18:37:01,565] ERROR plantae_api HTTP 401 | UNAUTHORIZED | View: plant_list_view | Path: /api/v1/plants/
[2026-04-18 18:37:01,581] ERROR plantae_api HTTP 401 | UNAUTHORIZED | View: plant_list_view | Path: /api/v1/plants/
[2026-04-18 18:37:01,581] ERROR plantae_api HTTP 401 | UNAUTHORIZED | View: plant_list_view | Path: /api/v1/plants/
[2026-04-18 18:37:01,599] ERROR plantae_api HTTP 401 | UNAUTHORIZED | View: plant_list_view | Path: /api/v1/plants/
[2026-04-18 18:37:01,600] ERROR plantae_api HTTP 401 | UNAUTHORIZED | View: plant_list_view | Path: /api/v1/plants/
[2026-04-18 18:37:01,615] ERROR plantae_api HTTP 401 | UNAUTHORIZED | View: plant_list_view | Path: /api/v1/plants/
[2026-04-18 18:37:01,616] ERROR plantae_api HTTP 401 | UNAUTHORIZED | View: plant_list_view | Path: /api/v1/plants/
[2026-04-18 18:37:01,648] ERROR plantae_api HTTP 401 | UNAUTHORIZED | View: plant_list_view | Path: /api/v1/plants/
[2026-04-18 18:37:01,648] ERROR plantae_api HTTP 401 | UNAUTHORIZED | View: plant_list_view | Path: /api/v1/plants/
[2026-04-18 18:37:01,666] ERROR plantae_api HTTP 401 | UNAUTHORIZED | View: plant_list_view | Path: /api/v1/plants/
[2026-04-18 18:37:01,666] ERROR plantae_api HTTP 401 | UNAUTHORIZED | View: plant_list_view | Path: /api/v1/plants/
[2026-04-18 18:37:01,698] ERROR plantae_api HTTP 401 | UNAUTHORIZED | View: plant_list_view | Path: /api/v1/plants/
[2026-04-18 18:37:01,699] ERROR plantae_api HTTP 401 | UNAUTHORIZED | View: plant_list_view | Path: /api/v1/plants/
[2026-04-18 18:37:01,714] ERROR plantae_api HTTP 401 | UNAUTHORIZED | View: plant_list_view | Path: /api/v1/plants/
[2026-04-18 18:37:01,715] ERROR plantae_api HTTP 401 | UNAUTHORIZED | View: plant_list_view | Path: /api/v1/plants/
[2026-04-18 18:37:01,733] ERROR plantae_api HTTP 401 | UNAUTHORIZED | View: plant_list_view | Path: /api/v1/plants/
[2026-04-18 18:37:01,733] ERROR plantae_api HTTP 401 | UNAUTHORIZED | View: plant_list_view | Path: /api/v1/plants/
[2026-04-18 18:37:01,748] ERROR plantae_api HTTP 401 | UNAUTHORIZED | View: plant_list_view | Path: /api/v1/plants/
[2026-04-18 18:37:01,749] ERROR plantae_api HTTP 401 | UNAUTHORIZED | View: plant_list_view | Path: /api/v1/plants/
[2026-04-18 18:37:01,765] ERROR plantae_api HTTP 401 | UNAUTHORIZED | View: plant_list_view | Path: /api/v1/plants/
[2026-04-18 18:37:01,765] ERROR plantae_api HTTP 401 | UNAUTHORIZED | View: plant_list_view | Path: /api/v1/plants/
[2026-04-18 18:37:01,783] ERROR plantae_api HTTP 401 | UNAUTHORIZED | View: plant_list_view | Path: /api/v1/plants/
[2026-04-18 18:37:01,783] ERROR plantae_api HTTP 401 | UNAUTHORIZED | View: plant_list_view | Path: /api/v1/plants/
[2026-04-18 18:37:01,799] ERROR plantae_api HTTP 401 | UNAUTHORIZED | View: plant_list_view | Path: /api/v1/plants/
[2026-04-18 18:37:01,799] ERROR plantae_api HTTP 401 | UNAUTHORIZED | View: plant_list_view | Path: /api/v1/plants/
[2026-04-18 18:37:01,814] ERROR plantae_api HTTP 401 | UNAUTHORIZED | View: plant_list_view | Path: /api/v1/plants/
[2026-04-18 18:37:01,815] ERROR plantae_api HTTP 401 | UNAUTHORIZED | View: plant_list_view | Path: /api/v1/plants/
[2026-04-18 18:37:01,832] ERROR plantae_api HTTP 401 | UNAUTHORIZED | View: plant_list_view | Path: /api/v1/plants/
[2026-04-18 18:37:01,833] ERROR plantae_api HTTP 401 | UNAUTHORIZED | View: plant_list_view | Path: /api/v1/plants/
[2026-04-18 18:37:01,849] ERROR plantae_api HTTP 401 | UNAUTHORIZED | View: plant_list_view | Path: /api/v1/plants/
[2026-04-18 18:37:01,849] ERROR plantae_api HTTP 401 | UNAUTHORIZED | View: plant_list_view | Path: /api/v1/plants/
[2026-04-18 18:37:01,865] ERROR plantae_api HTTP 401 | UNAUTHORIZED | View: plant_list_view | Path: /api/v1/plants/
[2026-04-18 18:37:01,865] ERROR plantae_api HTTP 401 | UNAUTHORIZED | View: plant_list_view | Path: /api/v1/plants/
[2026-04-18 18:37:01,882] ERROR plantae_api HTTP 401 | UNAUTHORIZED | View: plant_list_view | Path: /api/v1/plants/
[2026-04-18 18:37:01,883] ERROR plantae_api HTTP 401 | UNAUTHORIZED | View: plant_list_view | Path: /api/v1/plants/
[2026-04-18 18:37:01,899] ERROR plantae_api HTTP 401 | UNAUTHORIZED | View: plant_list_view | Path: /api/v1/plants/
[2026-04-18 18:37:01,899] ERROR plantae_api HTTP 401 | UNAUTHORIZED | View: plant_list_view | Path: /api/v1/plants/
[2026-04-18 18:37:01,915] ERROR plantae_api HTTP 401 | UNAUTHORIZED | View: plant_list_view | Path: /api/v1/plants/
[2026-04-18 18:37:01,916] ERROR plantae_api HTTP 401 | UNAUTHORIZED | View: plant_list_view | Path: /api/v1/plants/
[2026-04-18 18:37:01,933] ERROR plantae_api HTTP 401 | UNAUTHORIZED | View: plant_list_view | Path: /api/v1/plants/
[2026-04-18 18:37:01,933] ERROR plantae_api HTTP 401 | UNAUTHORIZED | View: plant_list_view | Path: /api/v1/plants/
[2026-04-18 18:37:01,949] ERROR plantae_api HTTP 401 | UNAUTHORIZED | View: plant_list_view | Path: /api/v1/plants/
[2026-04-18 18:37:01,949] ERROR plantae_api HTTP 401 | UNAUTHORIZED | View: plant_list_view | Path: /api/v1/plants/
[2026-04-18 18:37:01,966] ERROR plantae_api HTTP 401 | UNAUTHORIZED | View: plant_list_view | Path: /api/v1/plants/
[2026-04-18 18:37:01,966] ERROR plantae_api HTTP 401 | UNAUTHORIZED | View: plant_list_view | Path: /api/v1/plants/
[2026-04-18 18:37:01,983] ERROR plantae_api HTTP 401 | UNAUTHORIZED | View: plant_list_view | Path: /api/v1/plants/
[2026-04-18 18:37:01,983] ERROR plantae_api HTTP 401 | UNAUTHORIZED | View: plant_list_view | Path: /api/v1/plants/
[2026-04-18 18:37:01,999] ERROR plantae_api HTTP 401 | UNAUTHORIZED | View: plant_list_view | Path: /api/v1/plants/
[2026-04-18 18:37:01,999] ERROR plantae_api HTTP 401 | UNAUTHORIZED | View: plant_list_view | Path: /api/v1/plants/
[2026-04-18 18:37:02,015] ERROR plantae_api HTTP 401 | UNAUTHORIZED | View: plant_list_view | Path: /api/v1/plants/
[2026-04-18 18:37:02,017] ERROR plantae_api HTTP 401 | UNAUTHORIZED | View: plant_list_view | Path: /api/v1/plants/
[2026-04-18 18:37:02,033] ERROR plantae_api HTTP 401 | UNAUTHORIZED | View: plant_list_view | Path: /api/v1/plants/
[2026-04-18 18:37:02,033] ERROR plantae_api HTTP 401 | UNAUTHORIZED | View: plant_list_view | Path: /api/v1/plants/
[2026-04-18 18:37:02,049] ERROR plantae_api HTTP 401 | UNAUTHORIZED | View: plant_list_view | Path: /api/v1/plants/
[2026-04-18 18:37:02,049] ERROR plantae_api HTTP 401 | UNAUTHORIZED | View: plant_list_view | Path: /api/v1/plants/
[2026-04-18 18:37:02,066] ERROR plantae_api HTTP 401 | UNAUTHORIZED | View: plant_list_view | Path: /api/v1/plants/
[2026-04-18 18:37:02,066] ERROR plantae_api HTTP 401 | UNAUTHORIZED | View: plant_list_view | Path: /api/v1/plants/
[2026-04-18 18:37:02,081] ERROR plantae_api HTTP 401 | UNAUTHORIZED | View: plant_list_view | Path: /api/v1/plants/
[2026-04-18 18:37:02,083] ERROR plantae_api HTTP 401 | UNAUTHORIZED | View: plant_list_view | Path: /api/v1/plants/
[2026-04-18 18:37:02,099] ERROR plantae_api HTTP 401 | UNAUTHORIZED | View: plant_list_view | Path: /api/v1/plants/
[2026-04-18 18:37:02,099] ERROR plantae_api HTTP 401 | UNAUTHORIZED | View: plant_list_view | Path: /api/v1/plants/
[2026-04-18 18:37:02,116] ERROR plantae_api HTTP 401 | UNAUTHORIZED | View: plant_list_view | Path: /api/v1/plants/
[2026-04-18 18:37:02,116] ERROR plantae_api HTTP 401 | UNAUTHORIZED | View: plant_list_view | Path: /api/v1/plants/
[2026-04-18 18:37:02,132] ERROR plantae_api HTTP 401 | UNAUTHORIZED | View: plant_list_view | Path: /api/v1/plants/
[2026-04-18 18:37:02,133] ERROR plantae_api HTTP 401 | UNAUTHORIZED | View: plant_list_view | Path: /api/v1/plants/
[2026-04-18 18:37:02,150] ERROR plantae_api HTTP 401 | UNAUTHORIZED | View: plant_list_view | Path: /api/v1/plants/
[2026-04-18 18:37:02,150] ERROR plantae_api HTTP 401 | UNAUTHORIZED | View: plant_list_view | Path: /api/v1/plants/
[2026-04-18 18:37:02,167] ERROR plantae_api HTTP 401 | UNAUTHORIZED | View: plant_list_view | Path: /api/v1/plants/
[2026-04-18 18:37:02,167] ERROR plantae_api HTTP 401 | UNAUTHORIZED | View: plant_list_view | Path: /api/v1/plants/
[2026-04-18 18:37:02,183] ERROR plantae_api HTTP 401 | UNAUTHORIZED | View: plant_list_view | Path: /api/v1/plants/
[2026-04-18 18:37:02,183] ERROR plantae_api HTTP 401 | UNAUTHORIZED | View: plant_list_view | Path: /api/v1/plants/
[2026-04-18 18:37:02,199] ERROR plantae_api HTTP 401 | UNAUTHORIZED | View: plant_list_view | Path: /api/v1/plants/
[2026-04-18 18:37:02,199] ERROR plantae_api HTTP 401 | UNAUTHORIZED | View: plant_list_view | Path: /api/v1/plants/
[2026-04-18 18:37:02,217] ERROR plantae_api HTTP 401 | UNAUTHORIZED | View: plant_list_view | Path: /api/v1/plants/
[2026-04-18 18:37:02,217] ERROR plantae_api HTTP 401 | UNAUTHORIZED | View: plant_list_view | Path: /api/v1/plants/
[2026-04-18 18:37:02,233] ERROR plantae_api HTTP 401 | UNAUTHORIZED | View: plant_list_view | Path: /api/v1/plants/
[2026-04-18 18:37:02,233] ERROR plantae_api HTTP 401 | UNAUTHORIZED | View: plant_list_view | Path: /api/v1/plants/
[2026-04-18 18:37:02,249] ERROR plantae_api HTTP 401 | UNAUTHORIZED | View: plant_list_view | Path: /api/v1/plants/
[2026-04-18 18:37:02,249] ERROR plantae_api HTTP 401 | UNAUTHORIZED | View: plant_list_view | Path: /api/v1/plants/
[2026-04-18 18:37:02,265] ERROR plantae_api HTTP 401 | UNAUTHORIZED | View: plant_list_view | Path: /api/v1/plants/
[2026-04-18 18:37:02,267] ERROR plantae_api HTTP 401 | UNAUTHORIZED | View: plant_list_view | Path: /api/v1/plants/
[2026-04-18 18:37:02,281] ERROR plantae_api HTTP 401 | UNAUTHORIZED | View: plant_list_view | Path: /api/v1/plants/
[2026-04-18 18:37:02,283] ERROR plantae_api HTTP 401 | UNAUTHORIZED | View: plant_list_view | Path: /api/v1/plants/
[2026-04-18 18:37:02,300] ERROR plantae_api HTTP 401 | UNAUTHORIZED | View: plant_list_view | Path: /api/v1/plants/
[2026-04-18 18:37:02,300] ERROR plantae_api HTTP 401 | UNAUTHORIZED | View: plant_list_view | Path: /api/v1/plants/
[2026-04-18 18:37:02,317] ERROR plantae_api HTTP 401 | UNAUTHORIZED | View: plant_list_view | Path: /api/v1/plants/
[2026-04-18 18:37:02,317] ERROR plantae_api HTTP 401 | UNAUTHORIZED | View: plant_list_view | Path: /api/v1/plants/
[2026-04-18 18:37:02,332] ERROR plantae_api HTTP 401 | UNAUTHORIZED | View: plant_list_view | Path: /api/v1/plants/
[2026-04-18 18:37:02,333] ERROR plantae_api HTTP 401 | UNAUTHORIZED | View: plant_list_view | Path: /api/v1/plants/
[2026-04-18 18:37:02,350] ERROR plantae_api HTTP 401 | UNAUTHORIZED | View: plant_list_view | Path: /api/v1/plants/
[2026-04-18 18:37:02,351] ERROR plantae_api HTTP 401 | UNAUTHORIZED | View: plant_list_view | Path: /api/v1/plants/
[2026-04-18 18:37:02,365] ERROR plantae_api HTTP 401 | UNAUTHORIZED | View: plant_list_view | Path: /api/v1/plants/
[2026-04-18 18:37:02,367] ERROR plantae_api HTTP 401 | UNAUTHORIZED | View: plant_list_view | Path: /api/v1/plants/
[2026-04-18 18:37:02,383] ERROR plantae_api HTTP 401 | UNAUTHORIZED | View: plant_list_view | Path: /api/v1/plants/
[2026-04-18 18:37:02,383] ERROR plantae_api HTTP 401 | UNAUTHORIZED | View: plant_list_view | Path: /api/v1/plants/
[2026-04-18 18:37:02,401] ERROR plantae_api HTTP 401 | UNAUTHORIZED | View: plant_list_view | Path: /api/v1/plants/
[2026-04-18 18:37:02,401] ERROR plantae_api HTTP 401 | UNAUTHORIZED | View: plant_list_view | Path: /api/v1/plants/
[2026-04-18 18:37:02,417] ERROR plantae_api HTTP 401 | UNAUTHORIZED | View: plant_list_view | Path: /api/v1/plants/
[2026-04-18 18:37:02,417] ERROR plantae_api HTTP 401 | UNAUTHORIZED | View: plant_list_view | Path: /api/v1/plants/
[2026-04-18 18:37:02,433] ERROR plantae_api HTTP 401 | UNAUTHORIZED | View: plant_list_view | Path: /api/v1/plants/
[2026-04-18 18:37:02,433] ERROR plantae_api HTTP 401 | UNAUTHORIZED | View: plant_list_view | Path: /api/v1/plants/
[2026-04-18 18:37:02,450] ERROR plantae_api HTTP 401 | UNAUTHORIZED | View: plant_list_view | Path: /api/v1/plants/
[2026-04-18 18:37:02,451] ERROR plantae_api HTTP 401 | UNAUTHORIZED | View: plant_list_view | Path: /api/v1/plants/
[2026-04-18 18:37:02,466] ERROR plantae_api HTTP 401 | UNAUTHORIZED | View: plant_list_view | Path: /api/v1/plants/
[2026-04-18 18:37:02,467] ERROR plantae_api HTTP 401 | UNAUTHORIZED | View: plant_list_view | Path: /api/v1/plants/
[2026-04-18 18:37:02,483] ERROR plantae_api HTTP 401 | UNAUTHORIZED | View: plant_list_view | Path: /api/v1/plants/
[2026-04-18 18:37:02,483] ERROR plantae_api HTTP 401 | UNAUTHORIZED | View: plant_list_view | Path: /api/v1/plants/
[2026-04-18 18:37:02,500] ERROR plantae_api HTTP 401 | UNAUTHORIZED | View: plant_list_view | Path: /api/v1/plants/
[2026-04-18 18:37:02,501] ERROR plantae_api HTTP 401 | UNAUTHORIZED | View: plant_list_view | Path: /api/v1/plants/
[2026-04-18 18:37:02,516] ERROR plantae_api HTTP 401 | UNAUTHORIZED | View: plant_list_view | Path: /api/v1/plants/
[2026-04-18 18:37:02,517] ERROR plantae_api HTTP 401 | UNAUTHORIZED | View: plant_list_view | Path: /api/v1/plants/
[2026-04-18 18:37:02,533] ERROR plantae_api HTTP 401 | UNAUTHORIZED | View: plant_list_view | Path: /api/v1/plants/
[2026-04-18 18:37:02,533] ERROR plantae_api HTTP 401 | UNAUTHORIZED | View: plant_list_view | Path: /api/v1/plants/
[2026-04-18 18:37:02,550] ERROR plantae_api HTTP 401 | UNAUTHORIZED | View: plant_list_view | Path: /api/v1/plants/
[2026-04-18 18:37:02,550] ERROR plantae_api HTTP 401 | UNAUTHORIZED | View: plant_list_view | Path: /api/v1/plants/
[2026-04-18 18:37:02,567] ERROR plantae_api HTTP 401 | UNAUTHORIZED | View: plant_list_view | Path: /api/v1/plants/
[2026-04-18 18:37:02,567] ERROR plantae_api HTTP 401 | UNAUTHORIZED | View: plant_list_view | Path: /api/v1/plants/
[2026-04-18 18:37:02,583] ERROR plantae_api HTTP 401 | UNAUTHORIZED | View: plant_list_view | Path: /api/v1/plants/
[2026-04-18 18:37:02,584] ERROR plantae_api HTTP 401 | UNAUTHORIZED | View: plant_list_view | Path: /api/v1/plants/
[2026-04-18 18:37:02,601] ERROR plantae_api HTTP 401 | UNAUTHORIZED | View: plant_list_view | Path: /api/v1/plants/
[2026-04-18 18:37:02,602] ERROR plantae_api HTTP 401 | UNAUTHORIZED | View: plant_list_view | Path: /api/v1/plants/
[2026-04-18 18:37:02,617] ERROR plantae_api HTTP 401 | UNAUTHORIZED | View: plant_list_view | Path: /api/v1/plants/
[2026-04-18 18:37:02,617] ERROR plantae_api HTTP 401 | UNAUTHORIZED | View: plant_list_view | Path: /api/v1/plants/
[2026-04-18 18:37:02,634] ERROR plantae_api HTTP 401 | UNAUTHORIZED | View: plant_list_view | Path: /api/v1/plants/
[2026-04-18 18:37:02,634] ERROR plantae_api HTTP 401 | UNAUTHORIZED | View: plant_list_view | Path: /api/v1/plants/
[2026-04-18 18:37:02,651] ERROR plantae_api HTTP 401 | UNAUTHORIZED | View: plant_list_view | Path: /api/v1/plants/
[2026-04-18 18:37:02,651] ERROR plantae_api HTTP 401 | UNAUTHORIZED | View: plant_list_view | Path: /api/v1/plants/
[2026-04-18 18:37:02,667] ERROR plantae_api HTTP 401 | UNAUTHORIZED | View: plant_list_view | Path: /api/v1/plants/
[2026-04-18 18:37:02,667] ERROR plantae_api HTTP 401 | UNAUTHORIZED | View: plant_list_view | Path: /api/v1/plants/
[2026-04-18 18:37:02,683] ERROR plantae_api HTTP 401 | UNAUTHORIZED | View: plant_list_view | Path: /api/v1/plants/
[2026-04-18 18:37:02,684] ERROR plantae_api HTTP 401 | UNAUTHORIZED | View: plant_list_view | Path: /api/v1/plants/
[2026-04-18 18:37:02,701] ERROR plantae_api HTTP 401 | UNAUTHORIZED | View: plant_list_view | Path: /api/v1/plants/
[2026-04-18 18:37:02,701] ERROR plantae_api HTTP 401 | UNAUTHORIZED | View: plant_list_view | Path: /api/v1/plants/
[2026-04-18 18:37:02,716] ERROR plantae_api HTTP 401 | UNAUTHORIZED | View: plant_list_view | Path: /api/v1/plants/
[2026-04-18 18:37:02,717] ERROR plantae_api HTTP 401 | UNAUTHORIZED | View: plant_list_view | Path: /api/v1/plants/
[2026-04-18 18:37:02,734] ERROR plantae_api HTTP 401 | UNAUTHORIZED | View: plant_list_view | Path: /api/v1/plants/
[2026-04-18 18:37:02,734] ERROR plantae_api HTTP 401 | UNAUTHORIZED | View: plant_list_view | Path: /api/v1/plants/
[2026-04-18 18:37:02,751] ERROR plantae_api HTTP 401 | UNAUTHORIZED | View: plant_list_view | Path: /api/v1/plants/
[2026-04-18 18:37:02,752] ERROR plantae_api HTTP 401 | UNAUTHORIZED | View: plant_list_view | Path: /api/v1/plants/
[2026-04-18 18:37:02,767] ERROR plantae_api HTTP 401 | UNAUTHORIZED | View: plant_list_view | Path: /api/v1/plants/
[2026-04-18 18:37:02,767] ERROR plantae_api HTTP 401 | UNAUTHORIZED | View: plant_list_view | Path: /api/v1/plants/
[2026-04-18 18:37:02,783] ERROR plantae_api HTTP 401 | UNAUTHORIZED | View: plant_list_view | Path: /api/v1/plants/
[2026-04-18 18:37:02,784] ERROR plantae_api HTTP 401 | UNAUTHORIZED | View: plant_list_view | Path: /api/v1/plants/
[2026-04-18 18:37:02,800] ERROR plantae_api HTTP 401 | UNAUTHORIZED | View: plant_list_view | Path: /api/v1/plants/
[2026-04-18 18:37:02,800] ERROR plantae_api HTTP 401 | UNAUTHORIZED | View: plant_list_view | Path: /api/v1/plants/
[2026-04-18 18:37:02,817] ERROR plantae_api HTTP 401 | UNAUTHORIZED | View: plant_list_view | Path: /api/v1/plants/
[2026-04-18 18:37:02,817] ERROR plantae_api HTTP 401 | UNAUTHORIZED | View: plant_list_view | Path: /api/v1/plants/
[2026-04-18 18:37:02,834] ERROR plantae_api HTTP 401 | UNAUTHORIZED | View: plant_list_view | Path: /api/v1/plants/
[2026-04-18 18:37:02,835] ERROR plantae_api HTTP 401 | UNAUTHORIZED | View: plant_list_view | Path: /api/v1/plants/
[2026-04-18 18:37:02,851] ERROR plantae_api HTTP 401 | UNAUTHORIZED | View: plant_list_view | Path: /api/v1/plants/
[2026-04-18 18:37:02,851] ERROR plantae_api HTTP 401 | UNAUTHORIZED | View: plant_list_view | Path: /api/v1/plants/
[2026-04-18 18:37:02,867] ERROR plantae_api HTTP 401 | UNAUTHORIZED | View: plant_list_view | Path: /api/v1/plants/
[2026-04-18 18:37:02,867] ERROR plantae_api HTTP 401 | UNAUTHORIZED | View: plant_list_view | Path: /api/v1/plants/
[2026-04-18 18:37:02,885] ERROR plantae_api HTTP 401 | UNAUTHORIZED | View: plant_list_view | Path: /api/v1/plants/
[2026-04-18 18:37:02,885] ERROR plantae_api HTTP 401 | UNAUTHORIZED | View: plant_list_view | Path: /api/v1/plants/
[2026-04-18 18:37:02,901] ERROR plantae_api HTTP 401 | UNAUTHORIZED | View: plant_list_view | Path: /api/v1/plants/
[2026-04-18 18:37:02,901] ERROR plantae_api HTTP 401 | UNAUTHORIZED | View: plant_list_view | Path: /api/v1/plants/
[2026-04-18 18:37:02,917] ERROR plantae_api HTTP 401 | UNAUTHORIZED | View: plant_list_view | Path: /api/v1/plants/
[2026-04-18 18:37:02,917] ERROR plantae_api HTTP 401 | UNAUTHORIZED | View: plant_list_view | Path: /api/v1/plants/
[2026-04-18 18:37:02,935] ERROR plantae_api HTTP 401 | UNAUTHORIZED | View: plant_list_view | Path: /api/v1/plants/
[2026-04-18 18:37:02,935] ERROR plantae_api HTTP 401 | UNAUTHORIZED | View: plant_list_view | Path: /api/v1/plants/
[2026-04-18 18:37:02,950] ERROR plantae_api HTTP 401 | UNAUTHORIZED | View: plant_list_view | Path: /api/v1/plants/
[2026-04-18 18:37:02,951] ERROR plantae_api HTTP 401 | UNAUTHORIZED | View: plant_list_view | Path: /api/v1/plants/
[2026-04-18 18:37:02,967] ERROR plantae_api HTTP 401 | UNAUTHORIZED | View: plant_list_view | Path: /api/v1/plants/
[2026-04-18 18:37:02,968] ERROR plantae_api HTTP 401 | UNAUTHORIZED | View: plant_list_view | Path: /api/v1/plants/
[2026-04-18 18:37:02,985] ERROR plantae_api HTTP 401 | UNAUTHORIZED | View: plant_list_view | Path: /api/v1/plants/
[2026-04-18 18:37:02,985] ERROR plantae_api HTTP 401 | UNAUTHORIZED | View: plant_list_view | Path: /api/v1/plants/
[2026-04-18 18:37:03,001] ERROR plantae_api HTTP 401 | UNAUTHORIZED | View: plant_list_view | Path: /api/v1/plants/
[2026-04-18 18:37:03,002] ERROR plantae_api HTTP 401 | UNAUTHORIZED | View: plant_list_view | Path: /api/v1/plants/
[2026-04-18 18:37:03,017] ERROR plantae_api HTTP 401 | UNAUTHORIZED | View: plant_list_view | Path: /api/v1/plants/
[2026-04-18 18:37:03,017] ERROR plantae_api HTTP 401 | UNAUTHORIZED | View: plant_list_view | Path: /api/v1/plants/
[2026-04-18 18:37:03,035] ERROR plantae_api HTTP 401 | UNAUTHORIZED | View: plant_list_view | Path: /api/v1/plants/
[2026-04-18 18:37:03,036] ERROR plantae_api HTTP 401 | UNAUTHORIZED | View: plant_list_view | Path: /api/v1/plants/
[2026-04-18 18:37:03,051] ERROR plantae_api HTTP 401 | UNAUTHORIZED | View: plant_list_view | Path: /api/v1/plants/
[2026-04-18 18:37:03,051] ERROR plantae_api HTTP 401 | UNAUTHORIZED | View: plant_list_view | Path: /api/v1/plants/
[2026-04-18 18:37:03,068] ERROR plantae_api HTTP 401 | UNAUTHORIZED | View: plant_list_view | Path: /api/v1/plants/
[2026-04-18 18:37:03,068] ERROR plantae_api HTTP 401 | UNAUTHORIZED | View: plant_list_view | Path: /api/v1/plants/
[2026-04-18 18:37:03,084] ERROR plantae_api HTTP 401 | UNAUTHORIZED | View: plant_list_view | Path: /api/v1/plants/
[2026-04-18 18:37:03,085] ERROR plantae_api HTTP 401 | UNAUTHORIZED | View: plant_list_view | Path: /api/v1/plants/
[2026-04-18 18:37:03,101] ERROR plantae_api HTTP 401 | UNAUTHORIZED | View: plant_list_view | Path: /api/v1/plants/
[2026-04-18 18:37:03,101] ERROR plantae_api HTTP 401 | UNAUTHORIZED | View: plant_list_view | Path: /api/v1/plants/
[2026-04-18 18:37:03,117] ERROR plantae_api HTTP 401 | UNAUTHORIZED | View: plant_list_view | Path: /api/v1/plants/
[2026-04-18 18:37:03,118] ERROR plantae_api HTTP 401 | UNAUTHORIZED | View: plant_list_view | Path: /api/v1/plants/
[2026-04-18 18:37:03,135] ERROR plantae_api HTTP 401 | UNAUTHORIZED | View: plant_list_view | Path: /api/v1/plants/
[2026-04-18 18:37:03,135] ERROR plantae_api HTTP 401 | UNAUTHORIZED | View: plant_list_view | Path: /api/v1/plants/
[2026-04-18 18:37:03,150] ERROR plantae_api HTTP 401 | UNAUTHORIZED | View: plant_list_view | Path: /api/v1/plants/
[2026-04-18 18:37:03,151] ERROR plantae_api HTTP 401 | UNAUTHORIZED | View: plant_list_view | Path: /api/v1/plants/
[2026-04-18 18:37:03,168] ERROR plantae_api HTTP 401 | UNAUTHORIZED | View: plant_list_view | Path: /api/v1/plants/
[2026-04-18 18:37:03,168] ERROR plantae_api HTTP 401 | UNAUTHORIZED | View: plant_list_view | Path: /api/v1/plants/
[2026-04-18 18:37:03,184] ERROR plantae_api HTTP 401 | UNAUTHORIZED | View: plant_list_view | Path: /api/v1/plants/
[2026-04-18 18:37:03,185] ERROR plantae_api HTTP 401 | UNAUTHORIZED | View: plant_list_view | Path: /api/v1/plants/
[2026-04-18 18:37:03,201] ERROR plantae_api HTTP 401 | UNAUTHORIZED | View: plant_list_view | Path: /api/v1/plants/
[2026-04-18 18:37:03,202] ERROR plantae_api HTTP 401 | UNAUTHORIZED | View: plant_list_view | Path: /api/v1/plants/
[2026-04-18 18:37:03,219] ERROR plantae_api HTTP 401 | UNAUTHORIZED | View: plant_list_view | Path: /api/v1/plants/
[2026-04-18 18:37:03,219] ERROR plantae_api HTTP 401 | UNAUTHORIZED | View: plant_list_view | Path: /api/v1/plants/
[2026-04-18 18:37:03,234] ERROR plantae_api HTTP 401 | UNAUTHORIZED | View: plant_list_view | Path: /api/v1/plants/
[2026-04-18 18:37:03,234] ERROR plantae_api HTTP 401 | UNAUTHORIZED | View: plant_list_view | Path: /api/v1/plants/
[2026-04-18 18:37:03,251] ERROR plantae_api HTTP 401 | UNAUTHORIZED | View: plant_list_view | Path: /api/v1/plants/
[2026-04-18 18:37:03,252] ERROR plantae_api HTTP 401 | UNAUTHORIZED | View: plant_list_view | Path: /api/v1/plants/
[2026-04-18 18:37:03,268] ERROR plantae_api HTTP 401 | UNAUTHORIZED | View: plant_list_view | Path: /api/v1/plants/
[2026-04-18 18:37:03,269] ERROR plantae_api HTTP 401 | UNAUTHORIZED | View: plant_list_view | Path: /api/v1/plants/
[2026-04-18 18:37:03,285] ERROR plantae_api HTTP 401 | UNAUTHORIZED | View: plant_list_view | Path: /api/v1/plants/
[2026-04-18 18:37:03,285] ERROR plantae_api HTTP 401 | UNAUTHORIZED | View: plant_list_view | Path: /api/v1/plants/
[2026-04-18 18:37:03,302] ERROR plantae_api HTTP 401 | UNAUTHORIZED | View: plant_list_view | Path: /api/v1/plants/
[2026-04-18 18:37:03,302] ERROR plantae_api HTTP 401 | UNAUTHORIZED | View: plant_list_view | Path: /api/v1/plants/
[2026-04-18 18:37:03,318] ERROR plantae_api HTTP 401 | UNAUTHORIZED | View: plant_list_view | Path: /api/v1/plants/
[2026-04-18 18:37:03,319] ERROR plantae_api HTTP 401 | UNAUTHORIZED | View: plant_list_view | Path: /api/v1/plants/
[2026-04-18 18:37:03,334] ERROR plantae_api HTTP 401 | UNAUTHORIZED | View: plant_list_view | Path: /api/v1/plants/
[2026-04-18 18:37:03,335] ERROR plantae_api HTTP 401 | UNAUTHORIZED | View: plant_list_view | Path: /api/v1/plants/
[2026-04-18 18:37:03,351] ERROR plantae_api HTTP 401 | UNAUTHORIZED | View: plant_list_view | Path: /api/v1/plants/
[2026-04-18 18:37:03,351] ERROR plantae_api HTTP 401 | UNAUTHORIZED | View: plant_list_view | Path: /api/v1/plants/
[2026-04-18 18:37:03,369] ERROR plantae_api HTTP 401 | UNAUTHORIZED | View: plant_list_view | Path: /api/v1/plants/
[2026-04-18 18:37:03,369] ERROR plantae_api HTTP 401 | UNAUTHORIZED | View: plant_list_view | Path: /api/v1/plants/
[2026-04-18 18:37:03,385] ERROR plantae_api HTTP 401 | UNAUTHORIZED | View: plant_list_view | Path: /api/v1/plants/
[2026-04-18 18:37:03,385] ERROR plantae_api HTTP 401 | UNAUTHORIZED | View: plant_list_view | Path: /api/v1/plants/
[2026-04-18 18:37:03,400] ERROR plantae_api HTTP 401 | UNAUTHORIZED | View: plant_list_view | Path: /api/v1/plants/
[2026-04-18 18:37:03,401] ERROR plantae_api HTTP 401 | UNAUTHORIZED | View: plant_list_view | Path: /api/v1/plants/
[2026-04-18 18:37:03,418] ERROR plantae_api HTTP 401 | UNAUTHORIZED | View: plant_list_view | Path: /api/v1/plants/
[2026-04-18 18:37:03,419] ERROR plantae_api HTTP 401 | UNAUTHORIZED | View: plant_list_view | Path: /api/v1/plants/
[2026-04-18 18:37:03,435] ERROR plantae_api HTTP 401 | UNAUTHORIZED | View: plant_list_view | Path: /api/v1/plants/
[2026-04-18 18:37:03,435] ERROR plantae_api HTTP 401 | UNAUTHORIZED | View: plant_list_view | Path: /api/v1/plants/
[2026-04-18 18:37:03,452] ERROR plantae_api HTTP 401 | UNAUTHORIZED | View: plant_list_view | Path: /api/v1/plants/
[2026-04-18 18:37:03,452] ERROR plantae_api HTTP 401 | UNAUTHORIZED | View: plant_list_view | Path: /api/v1/plants/
[2026-04-18 18:37:03,469] ERROR plantae_api HTTP 401 | UNAUTHORIZED | View: plant_list_view | Path: /api/v1/plants/
[2026-04-18 18:37:03,469] ERROR plantae_api HTTP 401 | UNAUTHORIZED | View: plant_list_view | Path: /api/v1/plants/
[2026-04-18 18:37:03,484] ERROR plantae_api HTTP 401 | UNAUTHORIZED | View: plant_list_view | Path: /api/v1/plants/
[2026-04-18 18:37:03,485] ERROR plantae_api HTTP 401 | UNAUTHORIZED | View: plant_list_view | Path: /api/v1/plants/
[2026-04-18 18:37:03,501] ERROR plantae_api HTTP 401 | UNAUTHORIZED | View: plant_list_view | Path: /api/v1/plants/
[2026-04-18 18:37:03,503] ERROR plantae_api HTTP 401 | UNAUTHORIZED | View: plant_list_view | Path: /api/v1/plants/
[2026-04-18 18:37:03,518] ERROR plantae_api HTTP 401 | UNAUTHORIZED | View: plant_list_view | Path: /api/v1/plants/
[2026-04-18 18:37:03,519] ERROR plantae_api HTTP 401 | UNAUTHORIZED | View: plant_list_view | Path: /api/v1/plants/
[2026-04-18 18:37:03,535] ERROR plantae_api HTTP 401 | UNAUTHORIZED | View: plant_list_view | Path: /api/v1/plants/
[2026-04-18 18:37:03,536] ERROR plantae_api HTTP 401 | UNAUTHORIZED | View: plant_list_view | Path: /api/v1/plants/
[2026-04-18 18:37:03,551] ERROR plantae_api HTTP 401 | UNAUTHORIZED | View: plant_list_view | Path: /api/v1/plants/
[2026-04-18 18:37:03,553] ERROR plantae_api HTTP 401 | UNAUTHORIZED | View: plant_list_view | Path: /api/v1/plants/
[2026-04-18 18:37:03,569] ERROR plantae_api HTTP 401 | UNAUTHORIZED | View: plant_list_view | Path: /api/v1/plants/
[2026-04-18 18:37:03,569] ERROR plantae_api HTTP 401 | UNAUTHORIZED | View: plant_list_view | Path: /api/v1/plants/
[2026-04-18 18:37:03,585] ERROR plantae_api HTTP 401 | UNAUTHORIZED | View: plant_list_view | Path: /api/v1/plants/
[2026-04-18 18:37:03,585] ERROR plantae_api HTTP 401 | UNAUTHORIZED | View: plant_list_view | Path: /api/v1/plants/
[2026-04-18 18:37:03,602] ERROR plantae_api HTTP 401 | UNAUTHORIZED | View: plant_list_view | Path: /api/v1/plants/
[2026-04-18 18:37:03,602] ERROR plantae_api HTTP 401 | UNAUTHORIZED | View: plant_list_view | Path: /api/v1/plants/
[2026-04-18 18:37:03,619] ERROR plantae_api HTTP 401 | UNAUTHORIZED | View: plant_list_view | Path: /api/v1/plants/
[2026-04-18 18:37:03,619] ERROR plantae_api HTTP 401 | UNAUTHORIZED | View: plant_list_view | Path: /api/v1/plants/
[2026-04-18 18:37:03,636] ERROR plantae_api HTTP 401 | UNAUTHORIZED | View: plant_list_view | Path: /api/v1/plants/
[2026-04-18 18:37:03,636] ERROR plantae_api HTTP 401 | UNAUTHORIZED | View: plant_list_view | Path: /api/v1/plants/
[2026-04-18 18:37:03,653] ERROR plantae_api HTTP 401 | UNAUTHORIZED | View: plant_list_view | Path: /api/v1/plants/
[2026-04-18 18:37:03,653] ERROR plantae_api HTTP 401 | UNAUTHORIZED | View: plant_list_view | Path: /api/v1/plants/
[2026-04-18 18:37:03,668] ERROR plantae_api HTTP 401 | UNAUTHORIZED | View: plant_list_view | Path: /api/v1/plants/
[2026-04-18 18:37:03,669] ERROR plantae_api HTTP 401 | UNAUTHORIZED | View: plant_list_view | Path: /api/v1/plants/
[2026-04-18 18:37:03,685] ERROR plantae_api HTTP 401 | UNAUTHORIZED | View: plant_list_view | Path: /api/v1/plants/
[2026-04-18 18:37:03,685] ERROR plantae_api HTTP 401 | UNAUTHORIZED | View: plant_list_view | Path: /api/v1/plants/
[2026-04-18 18:37:03,703] ERROR plantae_api HTTP 401 | UNAUTHORIZED | View: plant_list_view | Path: /api/v1/plants/
[2026-04-18 18:37:03,703] ERROR plantae_api HTTP 401 | UNAUTHORIZED | View: plant_list_view | Path: /api/v1/plants/
[2026-04-18 18:37:03,718] ERROR plantae_api HTTP 401 | UNAUTHORIZED | View: plant_list_view | Path: /api/v1/plants/
[2026-04-18 18:37:03,720] ERROR plantae_api HTTP 401 | UNAUTHORIZED | View: plant_list_view | Path: /api/v1/plants/
[2026-04-18 18:37:03,735] ERROR plantae_api HTTP 401 | UNAUTHORIZED | View: plant_list_view | Path: /api/v1/plants/
[2026-04-18 18:37:03,735] ERROR plantae_api HTTP 401 | UNAUTHORIZED | View: plant_list_view | Path: /api/v1/plants/
[2026-04-18 18:37:03,752] ERROR plantae_api HTTP 401 | UNAUTHORIZED | View: plant_list_view | Path: /api/v1/plants/
[2026-04-18 18:37:03,753] ERROR plantae_api HTTP 401 | UNAUTHORIZED | View: plant_list_view | Path: /api/v1/plants/
[2026-04-18 18:37:03,768] ERROR plantae_api HTTP 401 | UNAUTHORIZED | View: plant_list_view | Path: /api/v1/plants/
[2026-04-18 18:37:03,769] ERROR plantae_api HTTP 401 | UNAUTHORIZED | View: plant_list_view | Path: /api/v1/plants/
[2026-04-18 18:37:03,785] ERROR plantae_api HTTP 401 | UNAUTHORIZED | View: plant_list_view | Path: /api/v1/plants/
[2026-04-18 18:37:03,786] ERROR plantae_api HTTP 401 | UNAUTHORIZED | View: plant_list_view | Path: /api/v1/plants/
[2026-04-18 18:37:03,803] ERROR plantae_api HTTP 401 | UNAUTHORIZED | View: plant_list_view | Path: /api/v1/plants/
[2026-04-18 18:37:03,803] ERROR plantae_api HTTP 401 | UNAUTHORIZED | View: plant_list_view | Path: /api/v1/plants/
[2026-04-18 18:37:03,819] ERROR plantae_api HTTP 401 | UNAUTHORIZED | View: plant_list_view | Path: /api/v1/plants/
[2026-04-18 18:37:03,819] ERROR plantae_api HTTP 401 | UNAUTHORIZED | View: plant_list_view | Path: /api/v1/plants/
[2026-04-18 18:37:03,836] ERROR plantae_api HTTP 401 | UNAUTHORIZED | View: plant_list_view | Path: /api/v1/plants/
[2026-04-18 18:37:03,836] ERROR plantae_api HTTP 401 | UNAUTHORIZED | View: plant_list_view | Path: /api/v1/plants/
[2026-04-18 18:37:03,853] ERROR plantae_api HTTP 401 | UNAUTHORIZED | View: plant_list_view | Path: /api/v1/plants/
[2026-04-18 18:37:03,853] ERROR plantae_api HTTP 401 | UNAUTHORIZED | View: plant_list_view | Path: /api/v1/plants/
[2026-04-18 18:37:03,869] ERROR plantae_api HTTP 401 | UNAUTHORIZED | View: plant_list_view | Path: /api/v1/plants/
[2026-04-18 18:37:03,870] ERROR plantae_api HTTP 401 | UNAUTHORIZED | View: plant_list_view | Path: /api/v1/plants/
[2026-04-18 18:37:03,885] ERROR plantae_api HTTP 401 | UNAUTHORIZED | View: plant_list_view | Path: /api/v1/plants/
[2026-04-18 18:37:03,886] ERROR plantae_api HTTP 401 | UNAUTHORIZED | View: plant_list_view | Path: /api/v1/plants/
[2026-04-18 18:37:03,903] ERROR plantae_api HTTP 401 | UNAUTHORIZED | View: plant_list_view | Path: /api/v1/plants/
[2026-04-18 18:37:03,903] ERROR plantae_api HTTP 401 | UNAUTHORIZED | View: plant_list_view | Path: /api/v1/plants/
[2026-04-18 18:37:03,919] ERROR plantae_api HTTP 401 | UNAUTHORIZED | View: plant_list_view | Path: /api/v1/plants/
[2026-04-18 18:37:03,919] ERROR plantae_api HTTP 401 | UNAUTHORIZED | View: plant_list_view | Path: /api/v1/plants/
[2026-04-18 18:37:03,936] ERROR plantae_api HTTP 401 | UNAUTHORIZED | View: plant_list_view | Path: /api/v1/plants/
[2026-04-18 18:37:03,936] ERROR plantae_api HTTP 401 | UNAUTHORIZED | View: plant_list_view | Path: /api/v1/plants/
[2026-04-18 18:37:03,953] ERROR plantae_api HTTP 401 | UNAUTHORIZED | View: plant_list_view | Path: /api/v1/plants/
[2026-04-18 18:37:03,954] ERROR plantae_api HTTP 401 | UNAUTHORIZED | View: plant_list_view | Path: /api/v1/plants/
[2026-04-18 18:37:03,969] ERROR plantae_api HTTP 401 | UNAUTHORIZED | View: plant_list_view | Path: /api/v1/plants/
[2026-04-18 18:37:03,969] ERROR plantae_api HTTP 401 | UNAUTHORIZED | View: plant_list_view | Path: /api/v1/plants/
[2026-04-18 18:37:03,985] ERROR plantae_api HTTP 401 | UNAUTHORIZED | View: plant_list_view | Path: /api/v1/plants/
[2026-04-18 18:37:03,985] ERROR plantae_api HTTP 401 | UNAUTHORIZED | View: plant_list_view | Path: /api/v1/plants/
[2026-04-18 18:37:04,003] ERROR plantae_api HTTP 401 | UNAUTHORIZED | View: plant_list_view | Path: /api/v1/plants/
[2026-04-18 18:37:04,003] ERROR plantae_api HTTP 401 | UNAUTHORIZED | View: plant_list_view | Path: /api/v1/plants/
[2026-04-18 18:37:04,019] ERROR plantae_api HTTP 401 | UNAUTHORIZED | View: plant_list_view | Path: /api/v1/plants/
[2026-04-18 18:37:04,019] ERROR plantae_api HTTP 401 | UNAUTHORIZED | View: plant_list_view | Path: /api/v1/plants/
[2026-04-18 18:37:04,036] ERROR plantae_api HTTP 401 | UNAUTHORIZED | View: plant_list_view | Path: /api/v1/plants/
[2026-04-18 18:37:04,037] ERROR plantae_api HTTP 401 | UNAUTHORIZED | View: plant_list_view | Path: /api/v1/plants/
[2026-04-18 18:37:04,052] ERROR plantae_api HTTP 401 | UNAUTHORIZED | View: plant_list_view | Path: /api/v1/plants/
[2026-04-18 18:37:04,053] ERROR plantae_api HTTP 401 | UNAUTHORIZED | View: plant_list_view | Path: /api/v1/plants/
[2026-04-18 18:37:04,069] ERROR plantae_api HTTP 401 | UNAUTHORIZED | View: plant_list_view | Path: /api/v1/plants/
[2026-04-18 18:37:04,069] ERROR plantae_api HTTP 401 | UNAUTHORIZED | View: plant_list_view | Path: /api/v1/plants/
[2026-04-18 18:37:04,087] ERROR plantae_api HTTP 401 | UNAUTHORIZED | View: plant_list_view | Path: /api/v1/plants/
[2026-04-18 18:37:04,087] ERROR plantae_api HTTP 401 | UNAUTHORIZED | View: plant_list_view | Path: /api/v1/plants/
[2026-04-18 18:37:04,103] ERROR plantae_api HTTP 401 | UNAUTHORIZED | View: plant_list_view | Path: /api/v1/plants/
[2026-04-18 18:37:04,103] ERROR plantae_api HTTP 401 | UNAUTHORIZED | View: plant_list_view | Path: /api/v1/plants/
[2026-04-18 18:37:04,119] ERROR plantae_api HTTP 401 | UNAUTHORIZED | View: plant_list_view | Path: /api/v1/plants/
[2026-04-18 18:37:04,120] ERROR plantae_api HTTP 401 | UNAUTHORIZED | View: plant_list_view | Path: /api/v1/plants/
[2026-04-18 18:37:04,135] ERROR plantae_api HTTP 401 | UNAUTHORIZED | View: plant_list_view | Path: /api/v1/plants/
[2026-04-18 18:37:04,137] ERROR plantae_api HTTP 401 | UNAUTHORIZED | View: plant_list_view | Path: /api/v1/plants/
[2026-04-18 18:37:04,152] ERROR plantae_api HTTP 401 | UNAUTHORIZED | View: plant_list_view | Path: /api/v1/plants/
[2026-04-18 18:37:04,152] ERROR plantae_api HTTP 401 | UNAUTHORIZED | View: plant_list_view | Path: /api/v1/plants/
[2026-04-18 18:37:04,169] ERROR plantae_api HTTP 401 | UNAUTHORIZED | View: plant_list_view | Path: /api/v1/plants/
[2026-04-18 18:37:04,170] ERROR plantae_api HTTP 401 | UNAUTHORIZED | View: plant_list_view | Path: /api/v1/plants/
[2026-04-18 18:37:04,187] ERROR plantae_api HTTP 401 | UNAUTHORIZED | View: plant_list_view | Path: /api/v1/plants/
[2026-04-18 18:37:04,187] ERROR plantae_api HTTP 401 | UNAUTHORIZED | View: plant_list_view | Path: /api/v1/plants/
[2026-04-18 18:37:04,204] ERROR plantae_api HTTP 401 | UNAUTHORIZED | View: plant_list_view | Path: /api/v1/plants/
[2026-04-18 18:37:04,204] ERROR plantae_api HTTP 401 | UNAUTHORIZED | View: plant_list_view | Path: /api/v1/plants/
[2026-04-18 18:37:04,219] ERROR plantae_api HTTP 401 | UNAUTHORIZED | View: plant_list_view | Path: /api/v1/plants/
[2026-04-18 18:37:04,219] ERROR plantae_api HTTP 401 | UNAUTHORIZED | View: plant_list_view | Path: /api/v1/plants/
[2026-04-18 18:37:04,254] ERROR plantae_api HTTP 401 | UNAUTHORIZED | View: plant_list_view | Path: /api/v1/plants/
[2026-04-18 18:37:04,254] ERROR plantae_api HTTP 401 | UNAUTHORIZED | View: plant_list_view | Path: /api/v1/plants/
[2026-04-18 18:37:04,269] ERROR plantae_api HTTP 401 | UNAUTHORIZED | View: plant_list_view | Path: /api/v1/plants/
[2026-04-18 18:37:04,269] ERROR plantae_api HTTP 401 | UNAUTHORIZED | View: plant_list_view | Path: /api/v1/plants/
[2026-04-18 18:37:04,286] ERROR plantae_api HTTP 401 | UNAUTHORIZED | View: plant_list_view | Path: /api/v1/plants/
[2026-04-18 18:37:04,287] ERROR plantae_api HTTP 401 | UNAUTHORIZED | View: plant_list_view | Path: /api/v1/plants/
[2026-04-18 18:37:04,303] ERROR plantae_api HTTP 401 | UNAUTHORIZED | View: plant_list_view | Path: /api/v1/plants/
[2026-04-18 18:37:04,304] ERROR plantae_api HTTP 401 | UNAUTHORIZED | View: plant_list_view | Path: /api/v1/plants/
[2026-04-18 18:37:04,320] ERROR plantae_api HTTP 401 | UNAUTHORIZED | View: plant_list_view | Path: /api/v1/plants/
[2026-04-18 18:37:04,320] ERROR plantae_api HTTP 401 | UNAUTHORIZED | View: plant_list_view | Path: /api/v1/plants/
[2026-04-18 18:37:04,336] ERROR plantae_api HTTP 401 | UNAUTHORIZED | View: plant_list_view | Path: /api/v1/plants/
[2026-04-18 18:37:04,336] ERROR plantae_api HTTP 401 | UNAUTHORIZED | View: plant_list_view | Path: /api/v1/plants/
[2026-04-18 18:37:04,354] ERROR plantae_api HTTP 401 | UNAUTHORIZED | View: plant_list_view | Path: /api/v1/plants/
[2026-04-18 18:37:04,354] ERROR plantae_api HTTP 401 | UNAUTHORIZED | View: plant_list_view | Path: /api/v1/plants/
[2026-04-18 18:37:04,369] ERROR plantae_api HTTP 401 | UNAUTHORIZED | View: plant_list_view | Path: /api/v1/plants/
[2026-04-18 18:37:04,370] ERROR plantae_api HTTP 401 | UNAUTHORIZED | View: plant_list_view | Path: /api/v1/plants/
[2026-04-18 18:37:04,386] ERROR plantae_api HTTP 401 | UNAUTHORIZED | View: plant_list_view | Path: /api/v1/plants/
[2026-04-18 18:37:04,387] ERROR plantae_api HTTP 401 | UNAUTHORIZED | View: plant_list_view | Path: /api/v1/plants/
[2026-04-18 18:37:04,403] ERROR plantae_api HTTP 401 | UNAUTHORIZED | View: plant_list_view | Path: /api/v1/plants/
[2026-04-18 18:37:04,403] ERROR plantae_api HTTP 401 | UNAUTHORIZED | View: plant_list_view | Path: /api/v1/plants/
[2026-04-18 18:37:04,419] ERROR plantae_api HTTP 401 | UNAUTHORIZED | View: plant_list_view | Path: /api/v1/plants/
[2026-04-18 18:37:04,420] ERROR plantae_api HTTP 401 | UNAUTHORIZED | View: plant_list_view | Path: /api/v1/plants/
[2026-04-18 18:37:04,435] ERROR plantae_api HTTP 401 | UNAUTHORIZED | View: plant_list_view | Path: /api/v1/plants/
[2026-04-18 18:37:04,437] ERROR plantae_api HTTP 401 | UNAUTHORIZED | View: plant_list_view | Path: /api/v1/plants/
[2026-04-18 18:37:04,453] ERROR plantae_api HTTP 401 | UNAUTHORIZED | View: plant_list_view | Path: /api/v1/plants/
[2026-04-18 18:37:04,455] ERROR plantae_api HTTP 401 | UNAUTHORIZED | View: plant_list_view | Path: /api/v1/plants/
[2026-04-18 18:37:04,487] ERROR plantae_api HTTP 401 | UNAUTHORIZED | View: plant_list_view | Path: /api/v1/plants/
[2026-04-18 18:37:04,487] ERROR plantae_api HTTP 401 | UNAUTHORIZED | View: plant_list_view | Path: /api/v1/plants/
[2026-04-18 18:37:04,504] ERROR plantae_api HTTP 401 | UNAUTHORIZED | View: plant_list_view | Path: /api/v1/plants/
[2026-04-18 18:37:04,504] ERROR plantae_api HTTP 401 | UNAUTHORIZED | View: plant_list_view | Path: /api/v1/plants/
[2026-04-18 18:37:04,520] ERROR plantae_api HTTP 401 | UNAUTHORIZED | View: plant_list_view | Path: /api/v1/plants/
[2026-04-18 18:37:04,520] ERROR plantae_api HTTP 401 | UNAUTHORIZED | View: plant_list_view | Path: /api/v1/plants/
[2026-04-18 18:37:04,537] ERROR plantae_api HTTP 401 | UNAUTHORIZED | View: plant_list_view | Path: /api/v1/plants/
[2026-04-18 18:37:04,537] ERROR plantae_api HTTP 401 | UNAUTHORIZED | View: plant_list_view | Path: /api/v1/plants/
[2026-04-18 18:37:04,554] ERROR plantae_api HTTP 401 | UNAUTHORIZED | View: plant_list_view | Path: /api/v1/plants/
[2026-04-18 18:37:04,554] ERROR plantae_api HTTP 401 | UNAUTHORIZED | View: plant_list_view | Path: /api/v1/plants/
[2026-04-18 18:37:04,569] ERROR plantae_api HTTP 401 | UNAUTHORIZED | View: plant_list_view | Path: /api/v1/plants/
[2026-04-18 18:37:04,570] ERROR plantae_api HTTP 401 | UNAUTHORIZED | View: plant_list_view | Path: /api/v1/plants/
[2026-04-18 18:37:04,586] ERROR plantae_api HTTP 401 | UNAUTHORIZED | View: plant_list_view | Path: /api/v1/plants/
[2026-04-18 18:37:04,587] ERROR plantae_api HTTP 401 | UNAUTHORIZED | View: plant_list_view | Path: /api/v1/plants/
[2026-04-18 18:37:04,604] ERROR plantae_api HTTP 401 | UNAUTHORIZED | View: plant_list_view | Path: /api/v1/plants/
[2026-04-18 18:37:04,604] ERROR plantae_api HTTP 401 | UNAUTHORIZED | View: plant_list_view | Path: /api/v1/plants/
[2026-04-18 18:37:04,638] ERROR plantae_api HTTP 401 | UNAUTHORIZED | View: plant_list_view | Path: /api/v1/plants/
[2026-04-18 18:37:04,639] ERROR plantae_api HTTP 401 | UNAUTHORIZED | View: plant_list_view | Path: /api/v1/plants/
[2026-04-18 18:37:04,671] ERROR plantae_api HTTP 401 | UNAUTHORIZED | View: plant_list_view | Path: /api/v1/plants/
[2026-04-18 18:37:04,671] ERROR plantae_api HTTP 401 | UNAUTHORIZED | View: plant_list_view | Path: /api/v1/plants/
[2026-04-18 18:37:04,688] ERROR plantae_api HTTP 401 | UNAUTHORIZED | View: plant_list_view | Path: /api/v1/plants/
[2026-04-18 18:37:04,688] ERROR plantae_api HTTP 401 | UNAUTHORIZED | View: plant_list_view | Path: /api/v1/plants/
[2026-04-18 18:37:04,703] ERROR plantae_api HTTP 401 | UNAUTHORIZED | View: plant_list_view | Path: /api/v1/plants/
[2026-04-18 18:37:04,703] ERROR plantae_api HTTP 401 | UNAUTHORIZED | View: plant_list_view | Path: /api/v1/plants/
[2026-04-18 18:37:04,719] ERROR plantae_api HTTP 401 | UNAUTHORIZED | View: plant_list_view | Path: /api/v1/plants/
[2026-04-18 18:37:04,720] ERROR plantae_api HTTP 401 | UNAUTHORIZED | View: plant_list_view | Path: /api/v1/plants/
[2026-04-18 18:37:04,738] ERROR plantae_api HTTP 401 | UNAUTHORIZED | View: plant_list_view | Path: /api/v1/plants/
[2026-04-18 18:37:04,738] ERROR plantae_api HTTP 401 | UNAUTHORIZED | View: plant_list_view | Path: /api/v1/plants/
[2026-04-18 18:37:04,770] ERROR plantae_api HTTP 401 | UNAUTHORIZED | View: plant_list_view | Path: /api/v1/plants/
[2026-04-18 18:37:04,771] ERROR plantae_api HTTP 401 | UNAUTHORIZED | View: plant_list_view | Path: /api/v1/plants/
[2026-04-18 18:37:04,786] ERROR plantae_api HTTP 401 | UNAUTHORIZED | View: plant_list_view | Path: /api/v1/plants/
[2026-04-18 18:37:04,787] ERROR plantae_api HTTP 401 | UNAUTHORIZED | View: plant_list_view | Path: /api/v1/plants/
[2026-04-18 18:37:04,804] ERROR plantae_api HTTP 401 | UNAUTHORIZED | View: plant_list_view | Path: /api/v1/plants/
[2026-04-18 18:37:04,804] ERROR plantae_api HTTP 401 | UNAUTHORIZED | View: plant_list_view | Path: /api/v1/plants/
[2026-04-18 18:37:04,820] ERROR plantae_api HTTP 401 | UNAUTHORIZED | View: plant_list_view | Path: /api/v1/plants/
[2026-04-18 18:37:04,820] ERROR plantae_api HTTP 401 | UNAUTHORIZED | View: plant_list_view | Path: /api/v1/plants/
[2026-04-18 18:37:04,836] ERROR plantae_api HTTP 401 | UNAUTHORIZED | View: plant_list_view | Path: /api/v1/plants/
[2026-04-18 18:37:04,837] ERROR plantae_api HTTP 401 | UNAUTHORIZED | View: plant_list_view | Path: /api/v1/plants/
[2026-04-18 18:37:04,854] ERROR plantae_api HTTP 401 | UNAUTHORIZED | View: plant_list_view | Path: /api/v1/plants/
[2026-04-18 18:37:04,855] ERROR plantae_api HTTP 401 | UNAUTHORIZED | View: plant_list_view | Path: /api/v1/plants/
[2026-04-18 18:37:04,870] ERROR plantae_api HTTP 401 | UNAUTHORIZED | View: plant_list_view | Path: /api/v1/plants/
[2026-04-18 18:37:04,871] ERROR plantae_api HTTP 401 | UNAUTHORIZED | View: plant_list_view | Path: /api/v1/plants/
[2026-04-18 18:37:04,887] ERROR plantae_api HTTP 401 | UNAUTHORIZED | View: plant_list_view | Path: /api/v1/plants/
[2026-04-18 18:37:04,887] ERROR plantae_api HTTP 401 | UNAUTHORIZED | View: plant_list_view | Path: /api/v1/plants/
[2026-04-18 18:37:04,904] ERROR plantae_api HTTP 401 | UNAUTHORIZED | View: plant_list_view | Path: /api/v1/plants/
[2026-04-18 18:37:04,905] ERROR plantae_api HTTP 401 | UNAUTHORIZED | View: plant_list_view | Path: /api/v1/plants/
[2026-04-18 18:37:04,921] ERROR plantae_api HTTP 401 | UNAUTHORIZED | View: plant_list_view | Path: /api/v1/plants/
[2026-04-18 18:37:04,921] ERROR plantae_api HTTP 401 | UNAUTHORIZED | View: plant_list_view | Path: /api/v1/plants/
[2026-04-18 18:37:04,938] ERROR plantae_api HTTP 401 | UNAUTHORIZED | View: plant_list_view | Path: /api/v1/plants/
[2026-04-18 18:37:04,939] ERROR plantae_api HTTP 401 | UNAUTHORIZED | View: plant_list_view | Path: /api/v1/plants/
[2026-04-18 18:37:04,954] ERROR plantae_api HTTP 401 | UNAUTHORIZED | View: plant_list_view | Path: /api/v1/plants/
[2026-04-18 18:37:04,954] ERROR plantae_api HTTP 401 | UNAUTHORIZED | View: plant_list_view | Path: /api/v1/plants/
[2026-04-18 18:37:04,971] ERROR plantae_api HTTP 401 | UNAUTHORIZED | View: plant_list_view | Path: /api/v1/plants/
[2026-04-18 18:37:04,972] ERROR plantae_api HTTP 401 | UNAUTHORIZED | View: plant_list_view | Path: /api/v1/plants/
[2026-04-18 18:37:04,992] ERROR plantae_api HTTP 401 | UNAUTHORIZED | View: plant_list_view | Path: /api/v1/plants/
[2026-04-18 18:37:04,992] ERROR plantae_api HTTP 401 | UNAUTHORIZED | View: plant_list_view | Path: /api/v1/plants/
[2026-04-18 18:37:05,021] ERROR plantae_api HTTP 401 | UNAUTHORIZED | View: plant_list_view | Path: /api/v1/plants/
[2026-04-18 18:37:05,022] ERROR plantae_api HTTP 401 | UNAUTHORIZED | View: plant_list_view | Path: /api/v1/plants/
[2026-04-18 18:37:05,038] ERROR plantae_api HTTP 401 | UNAUTHORIZED | View: plant_list_view | Path: /api/v1/plants/
[2026-04-18 18:37:05,038] ERROR plantae_api HTTP 401 | UNAUTHORIZED | View: plant_list_view | Path: /api/v1/plants/
[2026-04-18 18:37:05,055] ERROR plantae_api HTTP 401 | UNAUTHORIZED | View: plant_list_view | Path: /api/v1/plants/
[2026-04-18 18:37:05,055] ERROR plantae_api HTTP 401 | UNAUTHORIZED | View: plant_list_view | Path: /api/v1/plants/
[2026-04-18 18:37:05,071] ERROR plantae_api HTTP 401 | UNAUTHORIZED | View: plant_list_view | Path: /api/v1/plants/
[2026-04-18 18:37:05,071] ERROR plantae_api HTTP 401 | UNAUTHORIZED | View: plant_list_view | Path: /api/v1/plants/
[2026-04-18 18:37:05,087] ERROR plantae_api HTTP 401 | UNAUTHORIZED | View: plant_list_view | Path: /api/v1/plants/
[2026-04-18 18:37:05,088] ERROR plantae_api HTTP 401 | UNAUTHORIZED | View: plant_list_view | Path: /api/v1/plants/
[2026-04-18 18:37:05,106] ERROR plantae_api HTTP 401 | UNAUTHORIZED | View: plant_list_view | Path: /api/v1/plants/
[2026-04-18 18:37:05,106] ERROR plantae_api HTTP 401 | UNAUTHORIZED | View: plant_list_view | Path: /api/v1/plants/
[2026-04-18 18:37:05,121] ERROR plantae_api HTTP 401 | UNAUTHORIZED | View: plant_list_view | Path: /api/v1/plants/
[2026-04-18 18:37:05,121] ERROR plantae_api HTTP 401 | UNAUTHORIZED | View: plant_list_view | Path: /api/v1/plants/
[2026-04-18 18:37:05,137] ERROR plantae_api HTTP 401 | UNAUTHORIZED | View: plant_list_view | Path: /api/v1/plants/
[2026-04-18 18:37:05,137] ERROR plantae_api HTTP 401 | UNAUTHORIZED | View: plant_list_view | Path: /api/v1/plants/
[2026-04-18 18:37:05,156] ERROR plantae_api HTTP 401 | UNAUTHORIZED | View: plant_list_view | Path: /api/v1/plants/
[2026-04-18 18:37:05,156] ERROR plantae_api HTTP 401 | UNAUTHORIZED | View: plant_list_view | Path: /api/v1/plants/
[2026-04-18 18:37:05,170] ERROR plantae_api HTTP 401 | UNAUTHORIZED | View: plant_list_view | Path: /api/v1/plants/
[2026-04-18 18:37:05,171] ERROR plantae_api HTTP 401 | UNAUTHORIZED | View: plant_list_view | Path: /api/v1/plants/
[2026-04-18 18:37:05,188] ERROR plantae_api HTTP 401 | UNAUTHORIZED | View: plant_list_view | Path: /api/v1/plants/
[2026-04-18 18:37:05,188] ERROR plantae_api HTTP 401 | UNAUTHORIZED | View: plant_list_view | Path: /api/v1/plants/
[2026-04-18 18:37:05,205] ERROR plantae_api HTTP 401 | UNAUTHORIZED | View: plant_list_view | Path: /api/v1/plants/
[2026-04-18 18:37:05,206] ERROR plantae_api HTTP 401 | UNAUTHORIZED | View: plant_list_view | Path: /api/v1/plants/
[2026-04-18 18:37:05,221] ERROR plantae_api HTTP 401 | UNAUTHORIZED | View: plant_list_view | Path: /api/v1/plants/
[2026-04-18 18:37:05,221] ERROR plantae_api HTTP 401 | UNAUTHORIZED | View: plant_list_view | Path: /api/v1/plants/
[2026-04-18 18:37:05,237] ERROR plantae_api HTTP 401 | UNAUTHORIZED | View: plant_list_view | Path: /api/v1/plants/
[2026-04-18 18:37:05,238] ERROR plantae_api HTTP 401 | UNAUTHORIZED | View: plant_list_view | Path: /api/v1/plants/
[2026-04-18 18:37:05,255] ERROR plantae_api HTTP 401 | UNAUTHORIZED | View: plant_list_view | Path: /api/v1/plants/
[2026-04-18 18:37:05,255] ERROR plantae_api HTTP 401 | UNAUTHORIZED | View: plant_list_view | Path: /api/v1/plants/
[2026-04-18 18:37:05,272] ERROR plantae_api HTTP 401 | UNAUTHORIZED | View: plant_list_view | Path: /api/v1/plants/
[2026-04-18 18:37:05,272] ERROR plantae_api HTTP 401 | UNAUTHORIZED | View: plant_list_view | Path: /api/v1/plants/
[2026-04-18 18:37:05,288] ERROR plantae_api HTTP 401 | UNAUTHORIZED | View: plant_list_view | Path: /api/v1/plants/
[2026-04-18 18:37:05,288] ERROR plantae_api HTTP 401 | UNAUTHORIZED | View: plant_list_view | Path: /api/v1/plants/
[2026-04-18 18:37:05,304] ERROR plantae_api HTTP 401 | UNAUTHORIZED | View: plant_list_view | Path: /api/v1/plants/
[2026-04-18 18:37:05,305] ERROR plantae_api HTTP 401 | UNAUTHORIZED | View: plant_list_view | Path: /api/v1/plants/
[2026-04-18 18:37:05,320] ERROR plantae_api HTTP 401 | UNAUTHORIZED | View: plant_list_view | Path: /api/v1/plants/
[2026-04-18 18:37:05,321] ERROR plantae_api HTTP 401 | UNAUTHORIZED | View: plant_list_view | Path: /api/v1/plants/
[2026-04-18 18:37:05,338] ERROR plantae_api HTTP 401 | UNAUTHORIZED | View: plant_list_view | Path: /api/v1/plants/
[2026-04-18 18:37:05,338] ERROR plantae_api HTTP 401 | UNAUTHORIZED | View: plant_list_view | Path: /api/v1/plants/
[2026-04-18 18:37:05,354] ERROR plantae_api HTTP 401 | UNAUTHORIZED | View: plant_list_view | Path: /api/v1/plants/
[2026-04-18 18:37:05,354] ERROR plantae_api HTTP 401 | UNAUTHORIZED | View: plant_list_view | Path: /api/v1/plants/
[2026-04-18 18:37:05,371] ERROR plantae_api HTTP 401 | UNAUTHORIZED | View: plant_list_view | Path: /api/v1/plants/
[2026-04-18 18:37:05,371] ERROR plantae_api HTTP 401 | UNAUTHORIZED | View: plant_list_view | Path: /api/v1/plants/
[2026-04-18 18:37:05,391] ERROR plantae_api HTTP 401 | UNAUTHORIZED | View: plant_list_view | Path: /api/v1/plants/
[2026-04-18 18:37:05,392] ERROR plantae_api HTTP 401 | UNAUTHORIZED | View: plant_list_view | Path: /api/v1/plants/
[2026-04-18 18:37:05,421] ERROR plantae_api HTTP 401 | UNAUTHORIZED | View: plant_list_view | Path: /api/v1/plants/
[2026-04-18 18:37:05,423] ERROR plantae_api HTTP 401 | UNAUTHORIZED | View: plant_list_view | Path: /api/v1/plants/
[2026-04-18 18:37:05,437] ERROR plantae_api HTTP 401 | UNAUTHORIZED | View: plant_list_view | Path: /api/v1/plants/
[2026-04-18 18:37:05,437] ERROR plantae_api HTTP 401 | UNAUTHORIZED | View: plant_list_view | Path: /api/v1/plants/
[2026-04-18 18:37:05,456] ERROR plantae_api HTTP 401 | UNAUTHORIZED | View: plant_list_view | Path: /api/v1/plants/
[2026-04-18 18:37:05,457] ERROR plantae_api HTTP 401 | UNAUTHORIZED | View: plant_list_view | Path: /api/v1/plants/
[2026-04-18 18:37:05,471] ERROR plantae_api HTTP 401 | UNAUTHORIZED | View: plant_list_view | Path: /api/v1/plants/
[2026-04-18 18:37:05,472] ERROR plantae_api HTTP 401 | UNAUTHORIZED | View: plant_list_view | Path: /api/v1/plants/
[2026-04-18 18:37:05,488] ERROR plantae_api HTTP 401 | UNAUTHORIZED | View: plant_list_view | Path: /api/v1/plants/
[2026-04-18 18:37:05,488] ERROR plantae_api HTTP 401 | UNAUTHORIZED | View: plant_list_view | Path: /api/v1/plants/
[2026-04-18 18:37:05,506] ERROR plantae_api HTTP 401 | UNAUTHORIZED | View: plant_list_view | Path: /api/v1/plants/
[2026-04-18 18:37:05,506] ERROR plantae_api HTTP 401 | UNAUTHORIZED | View: plant_list_view | Path: /api/v1/plants/
[2026-04-18 18:37:05,521] ERROR plantae_api HTTP 401 | UNAUTHORIZED | View: plant_list_view | Path: /api/v1/plants/
[2026-04-18 18:37:05,522] ERROR plantae_api HTTP 401 | UNAUTHORIZED | View: plant_list_view | Path: /api/v1/plants/
[2026-04-18 18:37:05,538] ERROR plantae_api HTTP 401 | UNAUTHORIZED | View: plant_list_view | Path: /api/v1/plants/
[2026-04-18 18:37:05,538] ERROR plantae_api HTTP 401 | UNAUTHORIZED | View: plant_list_view | Path: /api/v1/plants/
[2026-04-18 18:37:05,556] ERROR plantae_api HTTP 401 | UNAUTHORIZED | View: plant_list_view | Path: /api/v1/plants/
[2026-04-18 18:37:05,556] ERROR plantae_api HTTP 401 | UNAUTHORIZED | View: plant_list_view | Path: /api/v1/plants/
[2026-04-18 18:37:05,571] ERROR plantae_api HTTP 401 | UNAUTHORIZED | View: plant_list_view | Path: /api/v1/plants/
[2026-04-18 18:37:05,572] ERROR plantae_api HTTP 401 | UNAUTHORIZED | View: plant_list_view | Path: /api/v1/plants/
[2026-04-18 18:37:05,589] ERROR plantae_api HTTP 401 | UNAUTHORIZED | View: plant_list_view | Path: /api/v1/plants/
[2026-04-18 18:37:05,589] ERROR plantae_api HTTP 401 | UNAUTHORIZED | View: plant_list_view | Path: /api/v1/plants/
[2026-04-18 18:37:05,605] ERROR plantae_api HTTP 401 | UNAUTHORIZED | View: plant_list_view | Path: /api/v1/plants/
[2026-04-18 18:37:05,605] ERROR plantae_api HTTP 401 | UNAUTHORIZED | View: plant_list_view | Path: /api/v1/plants/
[2026-04-18 18:37:05,622] ERROR plantae_api HTTP 401 | UNAUTHORIZED | View: plant_list_view | Path: /api/v1/plants/
[2026-04-18 18:37:05,622] ERROR plantae_api HTTP 401 | UNAUTHORIZED | View: plant_list_view | Path: /api/v1/plants/
[2026-04-18 18:37:05,638] ERROR plantae_api HTTP 401 | UNAUTHORIZED | View: plant_list_view | Path: /api/v1/plants/
[2026-04-18 18:37:05,639] ERROR plantae_api HTTP 401 | UNAUTHORIZED | View: plant_list_view | Path: /api/v1/plants/
[2026-04-18 18:37:05,656] ERROR plantae_api HTTP 401 | UNAUTHORIZED | View: plant_list_view | Path: /api/v1/plants/
[2026-04-18 18:37:05,656] ERROR plantae_api HTTP 401 | UNAUTHORIZED | View: plant_list_view | Path: /api/v1/plants/
[2026-04-18 18:37:05,672] ERROR plantae_api HTTP 401 | UNAUTHORIZED | View: plant_list_view | Path: /api/v1/plants/
[2026-04-18 18:37:05,672] ERROR plantae_api HTTP 401 | UNAUTHORIZED | View: plant_list_view | Path: /api/v1/plants/
[2026-04-18 18:37:05,688] ERROR plantae_api HTTP 401 | UNAUTHORIZED | View: plant_list_view | Path: /api/v1/plants/
[2026-04-18 18:37:05,689] ERROR plantae_api HTTP 401 | UNAUTHORIZED | View: plant_list_view | Path: /api/v1/plants/
[2026-04-18 18:37:05,705] ERROR plantae_api HTTP 401 | UNAUTHORIZED | View: plant_list_view | Path: /api/v1/plants/
[2026-04-18 18:37:05,705] ERROR plantae_api HTTP 401 | UNAUTHORIZED | View: plant_list_view | Path: /api/v1/plants/
[2026-04-18 18:37:05,722] ERROR plantae_api HTTP 401 | UNAUTHORIZED | View: plant_list_view | Path: /api/v1/plants/
[2026-04-18 18:37:05,722] ERROR plantae_api HTTP 401 | UNAUTHORIZED | View: plant_list_view | Path: /api/v1/plants/
[2026-04-18 18:37:05,739] ERROR plantae_api HTTP 401 | UNAUTHORIZED | View: plant_list_view | Path: /api/v1/plants/
[2026-04-18 18:37:05,739] ERROR plantae_api HTTP 401 | UNAUTHORIZED | View: plant_list_view | Path: /api/v1/plants/
[2026-04-18 18:37:05,755] ERROR plantae_api HTTP 401 | UNAUTHORIZED | View: plant_list_view | Path: /api/v1/plants/
[2026-04-18 18:37:05,755] ERROR plantae_api HTTP 401 | UNAUTHORIZED | View: plant_list_view | Path: /api/v1/plants/
[2026-04-18 18:37:05,772] ERROR plantae_api HTTP 401 | UNAUTHORIZED | View: plant_list_view | Path: /api/v1/plants/
[2026-04-18 18:37:05,772] ERROR plantae_api HTTP 401 | UNAUTHORIZED | View: plant_list_view | Path: /api/v1/plants/
[2026-04-18 18:37:05,788] ERROR plantae_api HTTP 401 | UNAUTHORIZED | View: plant_list_view | Path: /api/v1/plants/
[2026-04-18 18:37:05,789] ERROR plantae_api HTTP 401 | UNAUTHORIZED | View: plant_list_view | Path: /api/v1/plants/
[2026-04-18 18:37:05,805] ERROR plantae_api HTTP 401 | UNAUTHORIZED | View: plant_list_view | Path: /api/v1/plants/
[2026-04-18 18:37:05,805] ERROR plantae_api HTTP 401 | UNAUTHORIZED | View: plant_list_view | Path: /api/v1/plants/
[2026-04-18 18:37:05,822] ERROR plantae_api HTTP 401 | UNAUTHORIZED | View: plant_list_view | Path: /api/v1/plants/
[2026-04-18 18:37:05,823] ERROR plantae_api HTTP 401 | UNAUTHORIZED | View: plant_list_view | Path: /api/v1/plants/
[2026-04-18 18:37:05,839] ERROR plantae_api HTTP 401 | UNAUTHORIZED | View: plant_list_view | Path: /api/v1/plants/
[2026-04-18 18:37:05,840] ERROR plantae_api HTTP 401 | UNAUTHORIZED | View: plant_list_view | Path: /api/v1/plants/
[2026-04-18 18:37:05,855] ERROR plantae_api HTTP 401 | UNAUTHORIZED | View: plant_list_view | Path: /api/v1/plants/
[2026-04-18 18:37:05,855] ERROR plantae_api HTTP 401 | UNAUTHORIZED | View: plant_list_view | Path: /api/v1/plants/
[2026-04-18 18:37:05,873] ERROR plantae_api HTTP 401 | UNAUTHORIZED | View: plant_list_view | Path: /api/v1/plants/
[2026-04-18 18:37:05,873] ERROR plantae_api HTTP 401 | UNAUTHORIZED | View: plant_list_view | Path: /api/v1/plants/
[2026-04-18 18:37:05,889] ERROR plantae_api HTTP 401 | UNAUTHORIZED | View: plant_list_view | Path: /api/v1/plants/
[2026-04-18 18:37:05,890] ERROR plantae_api HTTP 401 | UNAUTHORIZED | View: plant_list_view | Path: /api/v1/plants/
[2026-04-18 18:37:05,905] ERROR plantae_api HTTP 401 | UNAUTHORIZED | View: plant_list_view | Path: /api/v1/plants/
[2026-04-18 18:37:05,906] ERROR plantae_api HTTP 401 | UNAUTHORIZED | View: plant_list_view | Path: /api/v1/plants/
[2026-04-18 18:37:05,922] ERROR plantae_api HTTP 401 | UNAUTHORIZED | View: plant_list_view | Path: /api/v1/plants/
[2026-04-18 18:37:05,922] ERROR plantae_api HTTP 401 | UNAUTHORIZED | View: plant_list_view | Path: /api/v1/plants/
[2026-04-18 18:37:05,939] ERROR plantae_api HTTP 401 | UNAUTHORIZED | View: plant_list_view | Path: /api/v1/plants/
[2026-04-18 18:37:05,940] ERROR plantae_api HTTP 401 | UNAUTHORIZED | View: plant_list_view | Path: /api/v1/plants/
[2026-04-18 18:37:05,955] ERROR plantae_api HTTP 401 | UNAUTHORIZED | View: plant_list_view | Path: /api/v1/plants/
[2026-04-18 18:37:05,957] ERROR plantae_api HTTP 401 | UNAUTHORIZED | View: plant_list_view | Path: /api/v1/plants/
[2026-04-18 18:37:05,973] ERROR plantae_api HTTP 401 | UNAUTHORIZED | View: plant_list_view | Path: /api/v1/plants/
[2026-04-18 18:37:05,973] ERROR plantae_api HTTP 401 | UNAUTHORIZED | View: plant_list_view | Path: /api/v1/plants/
[2026-04-18 18:37:05,989] ERROR plantae_api HTTP 401 | UNAUTHORIZED | View: plant_list_view | Path: /api/v1/plants/
[2026-04-18 18:37:05,990] ERROR plantae_api HTTP 401 | UNAUTHORIZED | View: plant_list_view | Path: /api/v1/plants/
[2026-04-18 18:37:06,005] ERROR plantae_api HTTP 401 | UNAUTHORIZED | View: plant_list_view | Path: /api/v1/plants/
[2026-04-18 18:37:06,006] ERROR plantae_api HTTP 401 | UNAUTHORIZED | View: plant_list_view | Path: /api/v1/plants/
[2026-04-18 18:37:06,022] ERROR plantae_api HTTP 401 | UNAUTHORIZED | View: plant_list_view | Path: /api/v1/plants/
[2026-04-18 18:37:06,023] ERROR plantae_api HTTP 401 | UNAUTHORIZED | View: plant_list_view | Path: /api/v1/plants/
[2026-04-18 18:37:06,039] ERROR plantae_api HTTP 401 | UNAUTHORIZED | View: plant_list_view | Path: /api/v1/plants/
[2026-04-18 18:37:06,040] ERROR plantae_api HTTP 401 | UNAUTHORIZED | View: plant_list_view | Path: /api/v1/plants/
[2026-04-18 18:37:06,054] ERROR plantae_api HTTP 401 | UNAUTHORIZED | View: plant_list_view | Path: /api/v1/plants/
[2026-04-18 18:37:06,055] ERROR plantae_api HTTP 401 | UNAUTHORIZED | View: plant_list_view | Path: /api/v1/plants/
[2026-04-18 18:37:06,072] ERROR plantae_api HTTP 401 | UNAUTHORIZED | View: plant_list_view | Path: /api/v1/plants/
[2026-04-18 18:37:06,072] ERROR plantae_api HTTP 401 | UNAUTHORIZED | View: plant_list_view | Path: /api/v1/plants/
[2026-04-18 18:37:06,090] ERROR plantae_api HTTP 401 | UNAUTHORIZED | View: plant_list_view | Path: /api/v1/plants/
[2026-04-18 18:37:06,090] ERROR plantae_api HTTP 401 | UNAUTHORIZED | View: plant_list_view | Path: /api/v1/plants/
[2026-04-18 18:37:06,105] ERROR plantae_api HTTP 401 | UNAUTHORIZED | View: plant_list_view | Path: /api/v1/plants/
[2026-04-18 18:37:06,105] ERROR plantae_api HTTP 401 | UNAUTHORIZED | View: plant_list_view | Path: /api/v1/plants/
[2026-04-18 18:37:06,121] ERROR plantae_api HTTP 401 | UNAUTHORIZED | View: plant_list_view | Path: /api/v1/plants/
[2026-04-18 18:37:06,123] ERROR plantae_api HTTP 401 | UNAUTHORIZED | View: plant_list_view | Path: /api/v1/plants/
[2026-04-18 18:37:06,139] ERROR plantae_api HTTP 401 | UNAUTHORIZED | View: plant_list_view | Path: /api/v1/plants/
[2026-04-18 18:37:06,139] ERROR plantae_api HTTP 401 | UNAUTHORIZED | View: plant_list_view | Path: /api/v1/plants/
[2026-04-18 18:37:06,155] ERROR plantae_api HTTP 401 | UNAUTHORIZED | View: plant_list_view | Path: /api/v1/plants/
[2026-04-18 18:37:06,155] ERROR plantae_api HTTP 401 | UNAUTHORIZED | View: plant_list_view | Path: /api/v1/plants/
[2026-04-18 18:37:06,173] ERROR plantae_api HTTP 401 | UNAUTHORIZED | View: plant_list_view | Path: /api/v1/plants/
[2026-04-18 18:37:06,173] ERROR plantae_api HTTP 401 | UNAUTHORIZED | View: plant_list_view | Path: /api/v1/plants/
[2026-04-18 18:37:06,189] ERROR plantae_api HTTP 401 | UNAUTHORIZED | View: plant_list_view | Path: /api/v1/plants/
[2026-04-18 18:37:06,189] ERROR plantae_api HTTP 401 | UNAUTHORIZED | View: plant_list_view | Path: /api/v1/plants/
[2026-04-18 18:37:06,206] ERROR plantae_api HTTP 401 | UNAUTHORIZED | View: plant_list_view | Path: /api/v1/plants/
[2026-04-18 18:37:06,206] ERROR plantae_api HTTP 401 | UNAUTHORIZED | View: plant_list_view | Path: /api/v1/plants/
[2026-04-18 18:37:06,225] ERROR plantae_api HTTP 401 | UNAUTHORIZED | View: plant_list_view | Path: /api/v1/plants/
[2026-04-18 18:37:06,225] ERROR plantae_api HTTP 401 | UNAUTHORIZED | View: plant_list_view | Path: /api/v1/plants/
[2026-04-18 18:37:06,256] ERROR plantae_api HTTP 401 | UNAUTHORIZED | View: plant_list_view | Path: /api/v1/plants/
[2026-04-18 18:37:06,257] ERROR plantae_api HTTP 401 | UNAUTHORIZED | View: plant_list_view | Path: /api/v1/plants/
[2026-04-18 18:37:06,272] ERROR plantae_api HTTP 401 | UNAUTHORIZED | View: plant_list_view | Path: /api/v1/plants/
[2026-04-18 18:37:06,272] ERROR plantae_api HTTP 401 | UNAUTHORIZED | View: plant_list_view | Path: /api/v1/plants/
[2026-04-18 18:37:06,290] ERROR plantae_api HTTP 401 | UNAUTHORIZED | View: plant_list_view | Path: /api/v1/plants/
[2026-04-18 18:37:06,290] ERROR plantae_api HTTP 401 | UNAUTHORIZED | View: plant_list_view | Path: /api/v1/plants/
[2026-04-18 18:37:06,323] ERROR plantae_api HTTP 401 | UNAUTHORIZED | View: plant_list_view | Path: /api/v1/plants/
[2026-04-18 18:37:06,323] ERROR plantae_api HTTP 401 | UNAUTHORIZED | View: plant_list_view | Path: /api/v1/plants/
[2026-04-18 18:37:06,358] ERROR plantae_api HTTP 401 | UNAUTHORIZED | View: plant_list_view | Path: /api/v1/plants/
[2026-04-18 18:37:06,358] ERROR plantae_api HTTP 401 | UNAUTHORIZED | View: plant_list_view | Path: /api/v1/plants/
[2026-04-18 18:37:06,391] ERROR plantae_api HTTP 401 | UNAUTHORIZED | View: plant_list_view | Path: /api/v1/plants/
[2026-04-18 18:37:06,391] ERROR plantae_api HTTP 401 | UNAUTHORIZED | View: plant_list_view | Path: /api/v1/plants/
[2026-04-18 18:37:06,406] ERROR plantae_api HTTP 401 | UNAUTHORIZED | View: plant_list_view | Path: /api/v1/plants/
[2026-04-18 18:37:06,406] ERROR plantae_api HTTP 401 | UNAUTHORIZED | View: plant_list_view | Path: /api/v1/plants/
[2026-04-18 18:37:06,443] ERROR plantae_api HTTP 401 | UNAUTHORIZED | View: plant_list_view | Path: /api/v1/plants/
[2026-04-18 18:37:06,443] ERROR plantae_api HTTP 401 | UNAUTHORIZED | View: plant_list_view | Path: /api/v1/plants/
[2026-04-18 22:42:14,464] ERROR plantae_api HTTP 401 | UNAUTHORIZED | View: plant_list_view | Path: /api/plants/
[2026-04-18 22:42:16,759] ERROR plantae_api HTTP 401 | UNAUTHORIZED | View: plant_list_view | Path: /api/plants/
[2026-04-18 22:42:17,859] ERROR plantae_api HTTP 401 | UNAUTHORIZED | View: plant_list_view | Path: /api/plants/
[2026-04-18 22:43:36,386] ERROR plantae_api HTTP 401 | UNAUTHORIZED | View: plant_list_view | Path: /api/plants/
[2026-04-18 22:43:37,298] ERROR plantae_api HTTP 401 | UNAUTHORIZED | View: plant_list_view | Path: /api/plants/
[2026-04-18 22:43:38,577] ERROR plantae_api HTTP 401 | UNAUTHORIZED | View: plant_list_view | Path: /api/plants/
[2026-04-18 22:43:45,470] ERROR plantae_api HTTP 401 | UNAUTHORIZED | View: plant_list_view | Path: /api/plants/
[2026-04-18 22:43:45,996] ERROR plantae_api HTTP 401 | UNAUTHORIZED | View: plant_list_view | Path: /api/plants/
[2026-04-18 22:43:51,054] ERROR plantae_api HTTP 401 | UNAUTHORIZED | View: plant_list_view | Path: /api/plants/
[2026-04-18 22:43:51,533] ERROR plantae_api HTTP 401 | UNAUTHORIZED | View: plant_list_view | Path: /api/plants/
[2026-04-18 23:02:34,300] ERROR plantae_api HTTP 405 | METHOD_NOT_ALLOWED | View: login_view | Path: /api/auth/login/
[2026-04-18 23:12:10,973] ERROR plantae_api HTTP 405 | METHOD_NOT_ALLOWED | View: login_view | Path: /api/auth/login/
[2026-04-18 23:12:26,463] ERROR plantae_api HTTP 405 | METHOD_NOT_ALLOWED | View: login_view | Path: /api/auth/login/
[2026-04-18 23:12:27,121] ERROR plantae_api HTTP 405 | METHOD_NOT_ALLOWED | View: login_view | Path: /api/auth/login/
[2026-04-18 23:12:32,954] ERROR plantae_api HTTP 405 | METHOD_NOT_ALLOWED | View: login_view | Path: /api/auth/login/
[2026-04-18 23:12:33,396] ERROR plantae_api HTTP 405 | METHOD_NOT_ALLOWED | View: login_view | Path: /api/auth/login/
[2026-04-18 23:12:33,831] ERROR plantae_api HTTP 405 | METHOD_NOT_ALLOWED | View: login_view | Path: /api/auth/login/
[2026-04-18 23:12:34,251] ERROR plantae_api HTTP 405 | METHOD_NOT_ALLOWED | View: login_view | Path: /api/auth/login/
[2026-04-18 23:12:34,599] ERROR plantae_api HTTP 405 | METHOD_NOT_ALLOWED | View: login_view | Path: /api/auth/login/
[2026-04-18 23:14:06,867] ERROR plantae_api HTTP 401 | UNAUTHORIZED | View: login_view | Path: /api/auth/login/
[2026-04-18 23:14:08,457] ERROR plantae_api HTTP 401 | UNAUTHORIZED | View: login_view | Path: /api/auth/login/
[2026-04-18 23:14:22,939] ERROR plantae_api HTTP 401 | UNAUTHORIZED | View: login_view | Path: /api/auth/login/
[2026-04-18 23:14:25,730] ERROR plantae_api HTTP 401 | UNAUTHORIZED | View: login_view | Path: /api/auth/login/
[2026-04-18 23:14:26,168] ERROR plantae_api HTTP 401 | UNAUTHORIZED | View: login_view | Path: /api/auth/login/
[2026-04-18 23:14:26,407] ERROR plantae_api HTTP 401 | UNAUTHORIZED | View: login_view | Path: /api/auth/login/
[2026-04-18 23:14:26,548] ERROR plantae_api HTTP 401 | UNAUTHORIZED | View: login_view | Path: /api/auth/login/
[2026-04-18 23:14:26,681] ERROR plantae_api HTTP 401 | UNAUTHORIZED | View: login_view | Path: /api/auth/login/
[2026-04-18 23:14:26,799] ERROR plantae_api HTTP 401 | UNAUTHORIZED | View: login_view | Path: /api/auth/login/
[2026-04-19 07:36:17,381] ERROR plantae_api HTTP 401 | UNAUTHORIZED | View: plant_list_view | Path: /api/v1/plants/
[2026-04-19 07:36:56,872] ERROR plantae_api HTTP 401 | UNAUTHORIZED | View: plant_list_view | Path: /api/v1/plants/
[2026-04-20 09:18:32,212] ERROR plantae_api HTTP 401 | UNAUTHORIZED | View: plant_list_view | Path: /api/v1/plants/
[2026-04-20 09:23:57,567] ERROR plantae_api HTTP 401 | UNAUTHORIZED | View: PlantListCreateView | Path: /api/v1/plants/
[2026-04-20 09:44:48,286] ERROR plantae_api HTTP 400 | BAD_REQUEST | View: register_view | Path: /api/v1/auth/register/
[2026-04-20 09:44:54,148] ERROR plantae_api HTTP 400 | BAD_REQUEST | View: register_view | Path: /api/v1/auth/register/
[2026-04-20 09:44:58,891] ERROR plantae_api HTTP 400 | BAD_REQUEST | View: register_view | Path: /api/v1/auth/register/
[2026-04-20 09:47:21,385] ERROR plantae_api HTTP 400 | BAD_REQUEST | View: register_view | Path: /api/v1/auth/register/
[2026-04-28 19:43:15,026] ERROR plantae_api HTTP 400 | BAD_REQUEST | View: register_view | Path: /api/v1/auth/register/
[2026-04-28 20:07:54,325] ERROR plantae_api HTTP 401 | UNAUTHORIZED | View: PlantListCreateView | Path: /api/v1/plants/
[2026-04-28 20:07:54,327] ERROR plantae_api HTTP 401 | UNAUTHORIZED | View: profile_view | Path: /api/v1/auth/profile/
[2026-04-28 20:07:54,392] ERROR plantae_api HTTP 401 | UNAUTHORIZED | View: PlantListCreateView | Path: /api/v1/plants/
[2026-04-28 20:07:54,394] ERROR plantae_api HTTP 401 | UNAUTHORIZED | View: profile_view | Path: /api/v1/auth/profile/
[2026-04-28 22:13:11,469] ERROR plantae_api HTTP 401 | UNAUTHORIZED | View: PlantListCreateView | Path: /api/v1/plants/
[2026-04-28 22:13:13,460] ERROR plantae_api HTTP 400 | BAD_REQUEST | View: register_view | Path: /api/v1/auth/register/
[2026-04-28 22:13:34,504] ERROR plantae_api HTTP 400 | BAD_REQUEST | View: register_view | Path: /api/v1/auth/register/
[2026-04-28 22:13:43,880] ERROR plantae_api HTTP 400 | BAD_REQUEST | View: register_view | Path: /api/v1/auth/register/
[2026-04-28 22:14:47,226] ERROR plantae_api HTTP 401 | UNAUTHORIZED | View: PlantListCreateView | Path: /api/v1/plants/
[2026-04-28 22:14:49,365] ERROR plantae_api HTTP 400 | BAD_REQUEST | View: register_view | Path: /api/v1/auth/register/
[2026-04-28 22:19:39,600] ERROR plantae_api HTTP 400 | BAD_REQUEST | View: register_view | Path: /api/v1/auth/register/
[2026-04-28 22:31:45,423] ERROR plantae_api HTTP 401 | UNAUTHORIZED | View: PlantListCreateView | Path: /api/v1/plants/
[2026-04-28 22:31:47,436] ERROR plantae_api HTTP 400 | BAD_REQUEST | View: register_view | Path: /api/v1/auth/register/
[2026-04-28 22:38:06,780] ERROR plantae_api HTTP 401 | UNAUTHORIZED | View: discover_plants_view | Path: /api/v1/plants/discover/
[2026-04-28 22:38:22,383] ERROR plantae_api HTTP 401 | UNAUTHORIZED | View: PlantListCreateView | Path: /api/v1/plants/
[2026-04-28 22:38:24,405] ERROR plantae_api HTTP 400 | BAD_REQUEST | View: register_view | Path: /api/v1/auth/register/
[2026-04-28 22:39:35,410] ERROR plantae_api HTTP 401 | UNAUTHORIZED | View: PlantListCreateView | Path: /api/v1/plants/
[2026-04-28 22:39:37,454] ERROR plantae_api HTTP 400 | BAD_REQUEST | View: register_view | Path: /api/v1/auth/register/
[2026-04-28 22:48:26,993] ERROR plantae_api HTTP 401 | UNAUTHORIZED | View: discover_plants_view | Path: /api/v1/plants/discover/
[2026-04-28 23:24:08,712] ERROR plantae_api HTTP 401 | UNAUTHORIZED | View: TokenVerifyView | Path: /api/token/verify/
[2026-04-28 23:24:08,712] ERROR plantae_api HTTP 401 | UNAUTHORIZED | View: TokenVerifyView | Path: /api/token/verify/
[2026-04-28 23:45:23,944] ERROR plantae_api HTTP 401 | UNAUTHORIZED | View: TokenVerifyView | Path: /api/token/verify/
[2026-04-28 23:46:24,980] ERROR plantae_api HTTP 401 | UNAUTHORIZED | View: PlantListCreateView | Path: /api/v1/plants/
[2026-04-28 23:46:26,881] ERROR plantae_api HTTP 400 | BAD_REQUEST | View: register_view | Path: /api/v1/auth/register/
[2026-04-28 23:57:12,263] ERROR plantae_api HTTP 401 | UNAUTHORIZED | View: PlantListCreateView | Path: /api/v1/plants/
[2026-04-28 23:57:14,158] ERROR plantae_api HTTP 400 | BAD_REQUEST | View: register_view | Path: /api/v1/auth/register/
[2026-04-29 00:04:53,412] ERROR plantae_api HTTP 401 | UNAUTHORIZED | View: PlantListCreateView | Path: /api/v1/plants/
[2026-04-29 00:04:55,293] ERROR plantae_api HTTP 400 | BAD_REQUEST | View: register_view | Path: /api/v1/auth/register/
[2026-04-29 00:16:18,883] ERROR plantae_api HTTP 401 | UNAUTHORIZED | View: TokenVerifyView | Path: /api/token/verify/
[2026-04-29 18:11:00,340] ERROR plantae_api HTTP 401 | UNAUTHORIZED | View: PlantListCreateView | Path: /api/v1/plants/
[2026-04-29 18:11:17,607] ERROR plantae_api HTTP 401 | UNAUTHORIZED | View: profile_view | Path: /api/auth/profile/
[2026-04-29 18:11:22,356] ERROR plantae_api HTTP 401 | UNAUTHORIZED | View: profile_view | Path: /api/auth/profile/
[2026-04-29 18:11:33,982] ERROR plantae_api HTTP 401 | UNAUTHORIZED | View: profile_view | Path: /api/v1/auth/profile/
[2026-04-29 18:11:38,408] ERROR plantae_api HTTP 401 | UNAUTHORIZED | View: profile_view | Path: /api/v1/auth/profile/
[2026-04-29 18:11:48,439] ERROR plantae_api HTTP 401 | UNAUTHORIZED | View: discover_plants_view | Path: /api/v1/plants/discover/
[2026-04-29 18:12:15,556] ERROR plantae_api HTTP 401 | UNAUTHORIZED | View: PlantRetrieveUpdateDestroyView | Path: /api/v1/plants/1/
[2026-04-29 18:12:17,872] ERROR plantae_api HTTP 401 | UNAUTHORIZED | View: PlantRetrieveUpdateDestroyView | Path: /api/v1/plants/2/
[2026-04-29 18:12:18,412] ERROR plantae_api HTTP 401 | UNAUTHORIZED | View: PlantRetrieveUpdateDestroyView | Path: /api/v1/plants/2/
[2026-04-29 18:12:18,622] ERROR plantae_api HTTP 401 | UNAUTHORIZED | View: PlantRetrieveUpdateDestroyView | Path: /api/v1/plants/2/
[2026-04-29 18:12:18,783] ERROR plantae_api HTTP 401 | UNAUTHORIZED | View: PlantRetrieveUpdateDestroyView | Path: /api/v1/plants/2/
[2026-04-29 18:12:18,943] ERROR plantae_api HTTP 401 | UNAUTHORIZED | View: PlantRetrieveUpdateDestroyView | Path: /api/v1/plants/2/
[2026-04-29 18:14:08,819] ERROR plantae_api HTTP 401 | UNAUTHORIZED | View: profile_view | Path: /api/auth/profile/
[2026-04-29 18:14:10,803] ERROR plantae_api HTTP 401 | UNAUTHORIZED | View: profile_view | Path: /api/auth/profile/
[2026-04-29 18:14:11,197] ERROR plantae_api HTTP 401 | UNAUTHORIZED | View: profile_view | Path: /api/auth/profile/
[2026-04-29 18:14:11,563] ERROR plantae_api HTTP 401 | UNAUTHORIZED | View: profile_view | Path: /api/auth/profile/
[2026-04-29 18:17:38,382] ERROR plantae_api HTTP 401 | UNAUTHORIZED | View: profile_view | Path: /api/auth/profile/
[2026-04-29 18:17:40,052] ERROR plantae_api HTTP 401 | UNAUTHORIZED | View: profile_view | Path: /api/auth/profile/
[2026-04-29 18:17:40,517] ERROR plantae_api HTTP 401 | UNAUTHORIZED | View: profile_view | Path: /api/auth/profile/
[2026-04-29 18:17:59,970] ERROR plantae_api HTTP 401 | UNAUTHORIZED | View: profile_view | Path: /api/auth/profile/
[2026-04-29 18:18:01,160] ERROR plantae_api HTTP 401 | UNAUTHORIZED | View: profile_view | Path: /api/auth/profile/
[2026-04-29 18:24:24,833] ERROR plantae_api HTTP 401 | UNAUTHORIZED | View: profile_view | Path: /api/auth/profile/
[2026-04-29 18:24:28,932] ERROR plantae_api HTTP 401 | UNAUTHORIZED | View: profile_view | Path: /api/auth/profile/
[2026-04-29 18:26:53,192] ERROR plantae_api HTTP 401 | UNAUTHORIZED | View: profile_view | Path: /api/auth/profile/
[2026-04-29 18:30:49,812] ERROR plantae_api HTTP 401 | UNAUTHORIZED | View: profile_view | Path: /api/auth/profile/
[2026-04-29 18:30:51,541] ERROR plantae_api HTTP 401 | UNAUTHORIZED | View: profile_view | Path: /api/auth/profile/
[2026-04-29 18:49:07,702] ERROR plantae_api HTTP 401 | UNAUTHORIZED | View: profile_view | Path: /api/auth/profile/
[2026-04-29 18:58:17,864] ERROR plantae_api HTTP 401 | UNAUTHORIZED | View: PlantRetrieveUpdateDestroyView | Path: /api/v1/plants/1/
[2026-04-29 19:00:16,705] ERROR plantae_api HTTP 401 | UNAUTHORIZED | View: PlantRetrieveUpdateDestroyView | Path: /api/v1/plants/1/
[2026-04-29 19:00:17,220] ERROR plantae_api HTTP 401 | UNAUTHORIZED | View: PlantRetrieveUpdateDestroyView | Path: /api/v1/plants/1/
[2026-04-29 19:00:37,978] ERROR plantae_api HTTP 401 | UNAUTHORIZED | View: PlantRetrieveUpdateDestroyView | Path: /api/v1/plants/01/
[2026-04-29 19:00:39,599] ERROR plantae_api HTTP 401 | UNAUTHORIZED | View: PlantRetrieveUpdateDestroyView | Path: /api/v1/plants/01/
[2026-04-29 19:00:41,220] ERROR plantae_api HTTP 401 | UNAUTHORIZED | View: PlantRetrieveUpdateDestroyView | Path: /api/v1/plants/2/
[2026-04-29 19:00:42,324] ERROR plantae_api HTTP 401 | UNAUTHORIZED | View: PlantRetrieveUpdateDestroyView | Path: /api/v1/plants/3/
[2026-04-29 19:00:43,881] ERROR plantae_api HTTP 401 | UNAUTHORIZED | View: PlantRetrieveUpdateDestroyView | Path: /api/v1/plants/4/
[2026-04-29 19:00:44,022] ERROR plantae_api HTTP 401 | UNAUTHORIZED | View: PlantRetrieveUpdateDestroyView | Path: /api/v1/plants/4/
[2026-04-29 19:00:44,195] ERROR plantae_api HTTP 401 | UNAUTHORIZED | View: PlantRetrieveUpdateDestroyView | Path: /api/v1/plants/4/
[2026-04-29 19:00:44,309] ERROR plantae_api HTTP 401 | UNAUTHORIZED | View: PlantRetrieveUpdateDestroyView | Path: /api/v1/plants/4/
[2026-04-29 19:00:44,441] ERROR plantae_api HTTP 401 | UNAUTHORIZED | View: PlantRetrieveUpdateDestroyView | Path: /api/v1/plants/4/
[2026-04-29 19:00:44,585] ERROR plantae_api HTTP 401 | UNAUTHORIZED | View: PlantRetrieveUpdateDestroyView | Path: /api/v1/plants/4/
[2026-04-29 19:00:54,549] ERROR plantae_api HTTP 401 | UNAUTHORIZED | View: PlantListCreateView | Path: /api/v1/plants/
[2026-04-29 19:01:01,942] ERROR plantae_api HTTP 401 | UNAUTHORIZED | View: profile_view | Path: /api/v1/auth/profile/
[2026-04-29 19:01:03,016] ERROR plantae_api HTTP 401 | UNAUTHORIZED | View: profile_view | Path: /api/v1/auth/profile/
[2026-04-29 19:01:03,438] ERROR plantae_api HTTP 401 | UNAUTHORIZED | View: profile_view | Path: /api/v1/auth/profile/
[2026-04-29 19:02:58,228] ERROR plantae_api HTTP 401 | UNAUTHORIZED | View: TokenVerifyView | Path: /api/token/verify/
[2026-04-29 19:03:00,553] ERROR plantae_api HTTP 401 | UNAUTHORIZED | View: TokenVerifyView | Path: /api/token/verify/
[2026-04-29 19:03:01,049] ERROR plantae_api HTTP 401 | UNAUTHORIZED | View: TokenVerifyView | Path: /api/token/verify/
[2026-04-29 19:03:01,379] ERROR plantae_api HTTP 401 | UNAUTHORIZED | View: TokenVerifyView | Path: /api/token/verify/
[2026-04-29 19:03:01,516] ERROR plantae_api HTTP 401 | UNAUTHORIZED | View: TokenVerifyView | Path: /api/token/verify/
[2026-04-29 19:03:01,669] ERROR plantae_api HTTP 401 | UNAUTHORIZED | View: TokenVerifyView | Path: /api/token/verify/
[2026-04-29 19:03:01,813] ERROR plantae_api HTTP 401 | UNAUTHORIZED | View: TokenVerifyView | Path: /api/token/verify/
[2026-04-29 19:03:01,949] ERROR plantae_api HTTP 401 | UNAUTHORIZED | View: TokenVerifyView | Path: /api/token/verify/
[2026-04-29 19:03:02,090] ERROR plantae_api HTTP 401 | UNAUTHORIZED | View: TokenVerifyView | Path: /api/token/verify/
[2026-04-29 19:03:02,219] ERROR plantae_api HTTP 401 | UNAUTHORIZED | View: TokenVerifyView | Path: /api/token/verify/
[2026-04-29 19:03:02,374] ERROR plantae_api HTTP 401 | UNAUTHORIZED | View: TokenVerifyView | Path: /api/token/verify/
[2026-04-29 19:03:02,510] ERROR plantae_api HTTP 401 | UNAUTHORIZED | View: TokenVerifyView | Path: /api/token/verify/
[2026-04-29 19:03:02,658] ERROR plantae_api HTTP 401 | UNAUTHORIZED | View: TokenVerifyView | Path: /api/token/verify/
[2026-04-29 19:03:02,793] ERROR plantae_api HTTP 401 | UNAUTHORIZED | View: TokenVerifyView | Path: /api/token/verify/
[2026-04-29 19:03:02,932] ERROR plantae_api HTTP 401 | UNAUTHORIZED | View: TokenVerifyView | Path: /api/token/verify/
[2026-04-29 19:03:03,062] ERROR plantae_api HTTP 401 | UNAUTHORIZED | View: TokenVerifyView | Path: /api/token/verify/
[2026-04-29 19:03:03,211] ERROR plantae_api HTTP 401 | UNAUTHORIZED | View: TokenVerifyView | Path: /api/token/verify/
[2026-04-29 19:07:22,982] ERROR plantae_api HTTP 401 | UNAUTHORIZED | View: PlantListCreateView | Path: /api/v1/plants/
[2026-04-29 19:07:31,899] ERROR plantae_api HTTP 405 | METHOD_NOT_ALLOWED | View: TokenObtainPairView | Path: /api/token/
[2026-04-29 19:07:33,003] ERROR plantae_api HTTP 405 | METHOD_NOT_ALLOWED | View: TokenObtainPairView | Path: /api/token/
[2026-04-29 19:08:00,736] ERROR plantae_api HTTP 405 | METHOD_NOT_ALLOWED | View: login_view | Path: /api/auth/login/
[2026-04-29 19:09:29,851] ERROR plantae_api HTTP 401 | UNAUTHORIZED | View: login_view | Path: /api/auth/login/
[2026-04-29 19:09:30,052] ERROR plantae_api HTTP 401 | UNAUTHORIZED | View: login_view | Path: /api/auth/login/
[2026-04-29 19:09:34,843] ERROR plantae_api HTTP 401 | UNAUTHORIZED | View: login_view | Path: /api/auth/login/
[2026-04-29 19:09:52,291] ERROR plantae_api HTTP 401 | UNAUTHORIZED | View: login_view | Path: /api/auth/login/
[2026-04-29 19:09:52,910] ERROR plantae_api HTTP 401 | UNAUTHORIZED | View: login_view | Path: /api/auth/login/
[2026-04-29 19:09:53,234] ERROR plantae_api HTTP 401 | UNAUTHORIZED | View: login_view | Path: /api/auth/login/
[2026-04-29 19:10:40,438] ERROR plantae_api HTTP 401 | UNAUTHORIZED | View: login_view | Path: /api/auth/login/
[2026-04-29 19:10:41,004] ERROR plantae_api HTTP 401 | UNAUTHORIZED | View: login_view | Path: /api/auth/login/
[2026-04-29 19:13:02,500] ERROR plantae_api HTTP 415 | ERROR | View: login_view | Path: /api/v1/auth/login/
[2026-04-29 19:14:21,170] ERROR plantae_api HTTP 400 | BAD_REQUEST | View: login_view | Path: /api/v1/auth/login/
[2026-04-29 19:15:29,109] ERROR plantae_api HTTP 400 | BAD_REQUEST | View: PlantListCreateView | Path: /api/v1/plants/
[2026-04-29 19:15:57,394] ERROR plantae_api HTTP 401 | UNAUTHORIZED | View: PlantListCreateView | Path: /api/v1/plants/
[2026-04-29 19:16:01,574] ERROR plantae_api HTTP 401 | UNAUTHORIZED | View: PlantListCreateView | Path: /api/v1/plants/
[2026-04-29 19:34:44,011] ERROR plantae_api HTTP 401 | UNAUTHORIZED | View: PlantListCreateView | Path: /api/v1/plants/
[2026-04-29 19:34:55,336] ERROR plantae_api HTTP 400 | BAD_REQUEST | View: PlantListCreateView | Path: /api/v1/plants/
[2026-04-29 19:42:23,156] ERROR plantae_api HTTP 405 | METHOD_NOT_ALLOWED | View: discover_plants_view | Path: /api/v1/plants/discover/
[2026-04-29 19:42:25,675] ERROR plantae_api HTTP 405 | METHOD_NOT_ALLOWED | View: discover_plants_view | Path: /api/v1/plants/discover/
[2026-04-29 19:42:25,918] ERROR plantae_api HTTP 405 | METHOD_NOT_ALLOWED | View: discover_plants_view | Path: /api/v1/plants/discover/
[2026-04-29 19:42:26,189] ERROR plantae_api HTTP 405 | METHOD_NOT_ALLOWED | View: discover_plants_view | Path: /api/v1/plants/discover/
[2026-04-29 19:42:26,429] ERROR plantae_api HTTP 405 | METHOD_NOT_ALLOWED | View: discover_plants_view | Path: /api/v1/plants/discover/
[2026-04-29 19:42:41,473] ERROR plantae_api HTTP 405 | METHOD_NOT_ALLOWED | View: discover_plants_view | Path: /api/v1/plants/discover/
[2026-04-29 19:42:45,702] ERROR plantae_api HTTP 405 | METHOD_NOT_ALLOWED | View: discover_plants_view | Path: /api/v1/plants/discover/
[2026-04-29 19:42:46,343] ERROR plantae_api HTTP 405 | METHOD_NOT_ALLOWED | View: discover_plants_view | Path: /api/v1/plants/discover/
[2026-04-29 19:42:46,706] ERROR plantae_api HTTP 405 | METHOD_NOT_ALLOWED | View: discover_plants_view | Path: /api/v1/plants/discover/
[2026-04-29 19:42:49,994] ERROR plantae_api HTTP 405 | METHOD_NOT_ALLOWED | View: discover_plants_view | Path: /api/v1/plants/discover/
[2026-04-29 19:42:51,350] ERROR plantae_api HTTP 405 | METHOD_NOT_ALLOWED | View: discover_plants_view | Path: /api/v1/plants/discover/
[2026-04-29 19:42:54,727] ERROR plantae_api HTTP 405 | METHOD_NOT_ALLOWED | View: discover_plants_view | Path: /api/v1/plants/discover/
[2026-05-02 02:02:16,847] ERROR plantae_api HTTP 429 | ERROR | View: login_view | Path: /api/v1/auth/login/
[2026-05-02 02:02:16,944] ERROR plantae_api HTTP 429 | ERROR | View: login_view | Path: /api/v1/auth/login/
[2026-05-02 02:02:17,101] ERROR plantae_api HTTP 429 | ERROR | View: login_view | Path: /api/v1/auth/login/
[2026-05-02 02:02:23,553] ERROR plantae_api HTTP 429 | ERROR | View: login_view | Path: /api/v1/auth/login/
[2026-05-02 02:02:23,632] ERROR plantae_api HTTP 429 | ERROR | View: login_view | Path: /api/v1/auth/login/
[2026-05-02 02:02:23,713] ERROR plantae_api HTTP 429 | ERROR | View: login_view | Path: /api/v1/auth/login/
[2026-05-02 02:02:23,796] ERROR plantae_api HTTP 429 | ERROR | View: login_view | Path: /api/v1/auth/login/
[2026-05-02 02:02:23,959] ERROR plantae_api HTTP 429 | ERROR | View: login_view | Path: /api/v1/auth/login/
[2026-05-02 02:02:24,111] ERROR plantae_api HTTP 429 | ERROR | View: login_view | Path: /api/v1/auth/login/
[2026-05-02 02:02:24,243] ERROR plantae_api HTTP 429 | ERROR | View: login_view | Path: /api/v1/auth/login/
[2026-05-02 02:02:24,382] ERROR plantae_api HTTP 429 | ERROR | View: login_view | Path: /api/v1/auth/login/
[2026-05-02 02:02:24,515] ERROR plantae_api HTTP 429 | ERROR | View: login_view | Path: /api/v1/auth/login/
[2026-05-02 02:02:28,140] ERROR plantae_api HTTP 429 | ERROR | View: login_view | Path: /api/v1/auth/login/
[2026-05-02 02:02:28,296] ERROR plantae_api HTTP 429 | ERROR | View: login_view | Path: /api/v1/auth/login/
[2026-05-02 02:02:28,446] ERROR plantae_api HTTP 429 | ERROR | View: login_view | Path: /api/v1/auth/login/
[2026-05-02 02:10:51,120] ERROR plantae_api HTTP 401 | UNAUTHORIZED | View: TokenVerifyView | Path: /api/token/verify/
[2026-05-02 02:13:11,893] ERROR plantae_api HTTP 401 | UNAUTHORIZED | View: PlantListCreateView | Path: /api/v1/plants/
[2026-05-02 02:13:29,664] ERROR plantae_api HTTP 401 | UNAUTHORIZED | View: PlantListCreateView | Path: /api/v1/plants/
[2026-05-02 02:13:50,385] ERROR plantae_api HTTP 405 | METHOD_NOT_ALLOWED | View: login_view | Path: /api/auth/login/
[2026-05-02 02:14:20,961] ERROR plantae_api HTTP 405 | METHOD_NOT_ALLOWED | View: TokenObtainPairView | Path: /api/token/
[2026-05-02 02:20:40,742] ERROR plantae_api HTTP 401 | UNAUTHORIZED | View: plant_summary_view | Path: /api/v1/plants/summary/
[2026-05-02 02:20:50,075] ERROR plantae_api HTTP 401 | UNAUTHORIZED | View: login_view | Path: /api/v1/auth/login/
[2026-05-02 02:21:14,966] ERROR plantae_api HTTP 401 | UNAUTHORIZED | View: login_view | Path: /api/auth/login/
[2026-05-02 02:21:16,192] ERROR plantae_api HTTP 401 | UNAUTHORIZED | View: login_view | Path: /api/auth/login/
[2026-05-02 02:21:16,339] ERROR plantae_api HTTP 401 | UNAUTHORIZED | View: login_view | Path: /api/auth/login/
[2026-05-02 02:21:22,415] ERROR plantae_api HTTP 401 | UNAUTHORIZED | View: login_view | Path: /api/auth/login/
[2026-05-02 02:21:23,094] ERROR plantae_api HTTP 401 | UNAUTHORIZED | View: login_view | Path: /api/auth/login/
[2026-05-02 02:22:03,099] ERROR plantae_api HTTP 401 | UNAUTHORIZED | View: login_view | Path: /api/auth/login/
[2026-05-02 02:22:34,678] ERROR plantae_api HTTP 400 | BAD_REQUEST | View: register_view | Path: /api/auth/register/
[2026-05-02 02:23:04,716] ERROR plantae_api HTTP 400 | BAD_REQUEST | View: register_view | Path: /api/auth/register/
[2026-05-02 02:23:10,016] ERROR plantae_api HTTP 405 | METHOD_NOT_ALLOWED | View: register_view | Path: /api/auth/register/
[2026-05-02 02:23:13,494] ERROR plantae_api HTTP 405 | METHOD_NOT_ALLOWED | View: register_view | Path: /api/auth/register/
[2026-05-02 02:23:16,087] ERROR plantae_api HTTP 400 | BAD_REQUEST | View: register_view | Path: /api/auth/register/
[2026-05-02 02:23:25,445] ERROR plantae_api HTTP 400 | BAD_REQUEST | View: register_view | Path: /api/auth/register/
[2026-05-02 02:23:36,887] ERROR plantae_api HTTP 400 | BAD_REQUEST | View: register_view | Path: /api/auth/register/
[2026-05-02 02:23:46,559] ERROR plantae_api HTTP 400 | BAD_REQUEST | View: register_view | Path: /api/auth/register/
[2026-05-02 02:26:43,571] ERROR plantae_api HTTP 401 | UNAUTHORIZED | View: TokenVerifyView | Path: /api/token/verify/
[2026-05-02 02:46:02,562] ERROR plantae_api HTTP 401 | UNAUTHORIZED | View: PlantListCreateView | Path: /api/v1/plants/
[2026-05-02 02:46:24,905] ERROR plantae_api HTTP 401 | UNAUTHORIZED | View: PlantListCreateView | Path: /api/v1/plants/
[2026-05-02 02:46:33,697] ERROR plantae_api HTTP 401 | UNAUTHORIZED | View: PlantListCreateView | Path: /api/v1/plants/
[2026-05-02 02:46:58,236] ERROR plantae_api HTTP 401 | UNAUTHORIZED | View: login_view | Path: /api/auth/login/
[2026-05-02 02:47:10,748] ERROR plantae_api HTTP 401 | UNAUTHORIZED | View: login_view | Path: /api/auth/login/
[2026-05-02 02:47:50,999] ERROR plantae_api HTTP 401 | UNAUTHORIZED | View: TokenVerifyView | Path: /api/token/verify/
[2026-05-02 02:48:34,842] ERROR plantae_api HTTP 400 | BAD_REQUEST | View: PlantListCreateView | Path: /api/v1/plants/
[2026-05-02 03:03:05,698] ERROR plantae_api HTTP 401 | UNAUTHORIZED | View: TokenVerifyView | Path: /api/token/verify/
[2026-05-02 03:05:42,341] ERROR plantae_api HTTP 401 | UNAUTHORIZED | View: PlantListCreateView | Path: /api/v1/plants/
[2026-05-02 03:15:41,086] ERROR plantae_api HTTP 401 | UNAUTHORIZED | View: PlantRetrieveUpdateDestroyView | Path: /api/v1/plants/111/
[2026-05-02 03:15:46,954] ERROR plantae_api HTTP 401 | UNAUTHORIZED | View: PlantRetrieveUpdateDestroyView | Path: /api/v1/plants/111/
[2026-05-02 03:17:32,032] ERROR plantae_api HTTP 401 | UNAUTHORIZED | View: PlantRetrieveUpdateDestroyView | Path: /api/v1/plants/111/
[2026-05-02 03:17:44,426] ERROR plantae_api HTTP 404 | NOT_FOUND | View: PlantRetrieveUpdateDestroyView | Path: /api/v1/plants/111/
[2026-05-02 03:17:50,381] ERROR plantae_api HTTP 404 | NOT_FOUND | View: PlantRetrieveUpdateDestroyView | Path: /api/v1/plants/112/
[2026-05-02 03:20:25,839] ERROR plantae_api HTTP 404 | NOT_FOUND | View: PlantRetrieveUpdateDestroyView | Path: /api/v1/plants/113/
[2026-05-02 03:20:37,508] ERROR plantae_api HTTP 404 | NOT_FOUND | View: PlantRetrieveUpdateDestroyView | Path: /api/v1/plants/113/
[2026-05-02 03:20:43,535] ERROR plantae_api HTTP 404 | NOT_FOUND | View: PlantRetrieveUpdateDestroyView | Path: /api/v1/plants/114/
[2026-05-02 03:21:17,534] ERROR plantae_api HTTP 401 | UNAUTHORIZED | View: PlantRetrieveUpdateDestroyView | Path: /api/v1/plants/114/
[2026-05-02 03:21:19,125] ERROR plantae_api HTTP 401 | UNAUTHORIZED | View: PlantListCreateView | Path: /api/v1/plants/
[2026-05-02 03:23:36,220] ERROR plantae_api HTTP 401 | UNAUTHORIZED | View: TokenVerifyView | Path: /api/token/verify/
[2026-05-02 03:51:28,758] ERROR plantae_api HTTP 401 | UNAUTHORIZED | View: PlantListCreateView | Path: /api/v1/plants/
[2026-05-02 03:51:41,751] ERROR plantae_api HTTP 401 | UNAUTHORIZED | View: PlantListCreateView | Path: /api/v1/plants/
[2026-05-02 03:52:47,532] ERROR plantae_api HTTP 401 | UNAUTHORIZED | View: PlantListCreateView | Path: /api/v1/plants/
[2026-05-02 03:54:47,903] ERROR plantae_api HTTP 401 | UNAUTHORIZED | View: login_view | Path: /api/auth/login/
[2026-05-02 03:55:10,574] ERROR plantae_api HTTP 405 | METHOD_NOT_ALLOWED | View: login_view | Path: /api/auth/login/
[2026-05-02 03:58:29,955] ERROR plantae_api HTTP 405 | METHOD_NOT_ALLOWED | View: login_view | Path: /api/auth/login/
[2026-05-02 04:04:49,305] ERROR plantae_api HTTP 404 | NOT_FOUND | View: PlantRetrieveUpdateDestroyView | Path: /api/v1/plants/113/
[2026-05-02 04:04:52,199] ERROR plantae_api HTTP 404 | NOT_FOUND | View: PlantRetrieveUpdateDestroyView | Path: /api/v1/plants/114/
[2026-05-02 04:04:54,085] ERROR plantae_api HTTP 404 | NOT_FOUND | View: PlantRetrieveUpdateDestroyView | Path: /api/v1/plants/114/
[2026-05-02 04:05:45,437] ERROR plantae_api HTTP 400 | BAD_REQUEST | View: PlantRetrieveUpdateDestroyView | Path: /api/v1/plants/1/
[2026-05-02 04:09:37,310] ERROR plantae_api HTTP 400 | BAD_REQUEST | View: PlantRetrieveUpdateDestroyView | Path: /api/v1/plants/1/
[2026-05-02 04:18:47,427] ERROR plantae_api HTTP 401 | UNAUTHORIZED | View: PlantRetrieveUpdateDestroyView | Path: /api/v1/plants/1/
[2026-05-02 04:18:56,534] ERROR plantae_api HTTP 404 | NOT_FOUND | View: PlantRetrieveUpdateDestroyView | Path: /api/v1/plants/1/
[2026-05-02 04:20:43,338] ERROR plantae_api HTTP 405 | METHOD_NOT_ALLOWED | View: PlantRetrieveUpdateDestroyView | Path: /api/v1/plants/1/
[2026-05-02 04:20:49,504] ERROR plantae_api HTTP 404 | NOT_FOUND | View: PlantRetrieveUpdateDestroyView | Path: /api/v1/plants/1/
[2026-05-02 04:20:52,957] ERROR plantae_api HTTP 404 | NOT_FOUND | View: PlantRetrieveUpdateDestroyView | Path: /api/v1/plants/1/
[2026-05-02 04:21:20,633] ERROR plantae_api HTTP 401 | UNAUTHORIZED | View: TokenVerifyView | Path: /api/token/verify/
[2026-05-02 04:27:00,942] ERROR plantae_api HTTP 404 | NOT_FOUND | View: PlantRetrieveUpdateDestroyView | Path: /api/v1/plants/133/
[2026-05-02 04:31:08,846] ERROR plantae_api HTTP 401 | UNAUTHORIZED | View: TokenVerifyView | Path: /api/token/verify/
[2026-05-07 18:12:34,580] ERROR plantae_api HTTP 401 | UNAUTHORIZED | View: PlantListCreateView | Path: /api/v1/plants/
[2026-05-07 18:12:36,526] ERROR plantae_api HTTP 400 | BAD_REQUEST | View: register_view | Path: /api/v1/auth/register/
[2026-05-07 18:23:56,210] ERROR plantae_api HTTP 401 | UNAUTHORIZED | View: PlantListCreateView | Path: /api/v1/plants/
[2026-05-07 18:23:58,091] ERROR plantae_api HTTP 400 | BAD_REQUEST | View: register_view | Path: /api/v1/auth/register/
[2026-05-07 18:28:19,416] ERROR plantae_api HTTP 401 | UNAUTHORIZED | View: TokenVerifyView | Path: /api/token/verify/
[2026-05-07 18:37:48,086] ERROR plantae_api HTTP 401 | UNAUTHORIZED | View: PlantListCreateView | Path: /api/v1/plants/
[2026-05-07 18:37:49,978] ERROR plantae_api HTTP 400 | BAD_REQUEST | View: register_view | Path: /api/v1/auth/register/
[2026-05-07 19:14:34,547] ERROR plantae_api HTTP 401 | UNAUTHORIZED | View: TokenVerifyView | Path: /api/token/verify/
[2026-05-07 19:19:48,050] ERROR plantae_api HTTP 429 | ERROR | View: TokenVerifyView | Path: /api/token/verify/
[2026-05-07 19:19:49,850] ERROR plantae_api HTTP 429 | ERROR | View: login_view | Path: /api/v1/auth/login/
[2026-05-07 19:19:50,583] ERROR plantae_api HTTP 429 | ERROR | View: login_view | Path: /api/v1/auth/login/
[2026-05-07 19:19:51,003] ERROR plantae_api HTTP 429 | ERROR | View: login_view | Path: /api/v1/auth/login/
[2026-05-07 19:19:53,013] ERROR plantae_api HTTP 429 | ERROR | View: TokenVerifyView | Path: /api/token/verify/
[2026-05-07 19:20:00,245] ERROR plantae_api HTTP 429 | ERROR | View: TokenVerifyView | Path: /api/token/verify/
[2026-05-07 19:20:09,962] ERROR plantae_api HTTP 429 | ERROR | View: TokenVerifyView | Path: /api/token/verify/
[2026-05-07 22:29:42,697] ERROR plantae_api HTTP 401 | UNAUTHORIZED | View: TokenVerifyView | Path: /api/token/verify/
[2026-05-08 19:15:23,611] ERROR plantae_api HTTP 401 | UNAUTHORIZED | View: PlantRetrieveUpdateDestroyView | Path: /api/v1/plants/133/
[2026-05-08 19:15:36,180] ERROR plantae_api HTTP 404 | NOT_FOUND | View: PlantRetrieveUpdateDestroyView | Path: /api/v1/plants/133/
[2026-05-08 19:15:36,892] ERROR plantae_api HTTP 404 | NOT_FOUND | View: PlantRetrieveUpdateDestroyView | Path: /api/v1/plants/133/
[2026-05-08 19:15:37,570] ERROR plantae_api HTTP 404 | NOT_FOUND | View: PlantRetrieveUpdateDestroyView | Path: /api/v1/plants/133/
[2026-05-08 19:15:37,935] ERROR plantae_api HTTP 404 | NOT_FOUND | View: PlantRetrieveUpdateDestroyView | Path: /api/v1/plants/133/
[2026-05-08 19:15:41,119] ERROR plantae_api HTTP 404 | NOT_FOUND | View: PlantRetrieveUpdateDestroyView | Path: /api/v1/plants/133/
[2026-05-08 19:26:26,615] ERROR plantae_api HTTP 401 | UNAUTHORIZED | View: TokenVerifyView | Path: /api/token/verify/
[2026-05-08 19:28:01,600] ERROR plantae_api HTTP 400 | BAD_REQUEST | View: PlantListCreateView | Path: /api/v1/plants/
[2026-05-08 19:28:03,653] ERROR plantae_api HTTP 400 | BAD_REQUEST | View: PlantListCreateView | Path: /api/v1/plants/
[2026-05-08 19:30:43,079] ERROR plantae_api HTTP 404 | NOT_FOUND | View: PlantRetrieveUpdateDestroyView | Path: /api/v1/plants/142/
[2026-05-08 19:30:50,715] ERROR plantae_api HTTP 404 | NOT_FOUND | View: PlantRetrieveUpdateDestroyView | Path: /api/v1/plants/142/
[2026-05-08 19:30:54,842] ERROR plantae_api HTTP 404 | NOT_FOUND | View: PlantRetrieveUpdateDestroyView | Path: /api/v1/plants/142/
[2026-05-08 19:30:57,770] ERROR plantae_api HTTP 404 | NOT_FOUND | View: PlantRetrieveUpdateDestroyView | Path: /api/v1/plants/142/
[2026-05-08 19:42:06,688] ERROR plantae_api HTTP 401 | UNAUTHORIZED | View: TokenVerifyView | Path: /api/token/verify/
[2026-05-08 20:05:38,292] ERROR plantae_api HTTP 401 | UNAUTHORIZED | View: TokenVerifyView | Path: /api/token/verify/
[2026-05-08 20:07:39,105] ERROR plantae_api HTTP 401 | UNAUTHORIZED | View: PlantListCreateView | Path: /api/v1/plants/
[2026-05-08 20:07:43,433] ERROR plantae_api HTTP 401 | UNAUTHORIZED | View: login_view | Path: /api/auth/login/
[2026-05-08 20:07:46,785] ERROR plantae_api HTTP 401 | UNAUTHORIZED | View: login_view | Path: /api/auth/login/
[2026-05-08 20:07:49,848] ERROR plantae_api HTTP 401 | UNAUTHORIZED | View: login_view | Path: /api/auth/login/
[2026-05-08 20:07:50,045] ERROR plantae_api HTTP 401 | UNAUTHORIZED | View: login_view | Path: /api/auth/login/
[2026-05-08 20:07:53,488] ERROR plantae_api HTTP 401 | UNAUTHORIZED | View: login_view | Path: /api/auth/login/
[2026-05-08 20:07:54,199] ERROR plantae_api HTTP 401 | UNAUTHORIZED | View: login_view | Path: /api/auth/login/
[2026-05-08 20:07:54,643] ERROR plantae_api HTTP 401 | UNAUTHORIZED | View: login_view | Path: /api/auth/login/
[2026-05-08 20:07:55,011] ERROR plantae_api HTTP 401 | UNAUTHORIZED | View: login_view | Path: /api/auth/login/
[2026-05-08 20:08:08,152] ERROR plantae_api HTTP 401 | UNAUTHORIZED | View: login_view | Path: /api/auth/login/
[2026-05-08 20:08:15,032] ERROR plantae_api HTTP 401 | UNAUTHORIZED | View: login_view | Path: /api/auth/login/
[2026-05-08 20:08:19,267] ERROR plantae_api HTTP 401 | UNAUTHORIZED | View: login_view | Path: /api/auth/login/
[2026-05-08 20:08:27,617] ERROR plantae_api HTTP 401 | UNAUTHORIZED | View: login_view | Path: /api/auth/login/
[2026-05-08 20:08:28,080] ERROR plantae_api HTTP 401 | UNAUTHORIZED | View: login_view | Path: /api/auth/login/
[2026-05-08 20:08:28,236] ERROR plantae_api HTTP 401 | UNAUTHORIZED | View: login_view | Path: /api/auth/login/
[2026-05-08 20:08:28,366] ERROR plantae_api HTTP 401 | UNAUTHORIZED | View: login_view | Path: /api/auth/login/
[2026-05-08 20:08:28,501] ERROR plantae_api HTTP 401 | UNAUTHORIZED | View: login_view | Path: /api/auth/login/
[2026-05-08 20:08:28,657] ERROR plantae_api HTTP 401 | UNAUTHORIZED | View: login_view | Path: /api/auth/login/
[2026-05-08 20:08:28,808] ERROR plantae_api HTTP 401 | UNAUTHORIZED | View: login_view | Path: /api/auth/login/
[2026-05-08 20:08:29,056] ERROR plantae_api HTTP 401 | UNAUTHORIZED | View: login_view | Path: /api/auth/login/
[2026-05-08 20:08:29,288] ERROR plantae_api HTTP 401 | UNAUTHORIZED | View: login_view | Path: /api/auth/login/
[2026-05-08 20:08:29,532] ERROR plantae_api HTTP 401 | UNAUTHORIZED | View: login_view | Path: /api/auth/login/
[2026-05-08 20:08:45,807] ERROR plantae_api HTTP 401 | UNAUTHORIZED | View: PlantListCreateView | Path: /api/v1/plants/
[2026-05-08 20:08:46,574] ERROR plantae_api HTTP 401 | UNAUTHORIZED | View: PlantListCreateView | Path: /api/v1/plants/
[2026-05-08 20:30:59,848] ERROR plantae_api HTTP 400 | BAD_REQUEST | View: PlantListCreateView | Path: /api/v1/plants/
[2026-05-08 20:33:54,655] ERROR plantae_api HTTP 401 | UNAUTHORIZED | View: PlantListCreateView | Path: /api/v1/plants/
[2026-05-08 20:34:16,507] ERROR plantae_api HTTP 401 | UNAUTHORIZED | View: login_view | Path: /api/auth/login/
[2026-05-08 20:39:33,717] ERROR plantae_api HTTP 401 | UNAUTHORIZED | View: PlantListCreateView | Path: /api/v1/plants/
[2026-05-08 20:45:08,406] ERROR plantae_api HTTP 401 | UNAUTHORIZED | View: TokenVerifyView | Path: /api/token/verify/
[2026-05-08 20:53:00,061] ERROR plantae_api HTTP 400 | BAD_REQUEST | View: PlantListCreateView | Path: /api/v1/plants/
[2026-05-08 20:53:23,739] ERROR plantae_api HTTP 400 | BAD_REQUEST | View: PlantListCreateView | Path: /api/v1/plants/
[2026-05-16 07:15:49,022] ERROR plantae_api HTTP 401 | UNAUTHORIZED | View: PlantListCreateView | Path: /api/v1/plants/
[2026-05-16 07:15:52,013] ERROR plantae_api HTTP 400 | BAD_REQUEST | View: register_view | Path: /api/v1/auth/register/
[2026-05-16 07:19:41,721] ERROR plantae_api HTTP 401 | UNAUTHORIZED | View: PlantListCreateView | Path: /api/v1/plants/
[2026-05-16 07:19:43,653] ERROR plantae_api HTTP 400 | BAD_REQUEST | View: register_view | Path: /api/v1/auth/register/
[2026-05-16 07:20:44,952] ERROR plantae_api HTTP 401 | UNAUTHORIZED | View: PlantListCreateView | Path: /api/v1/plants/
[2026-05-16 07:20:47,300] ERROR plantae_api HTTP 400 | BAD_REQUEST | View: register_view | Path: /api/v1/auth/register/
[2026-05-16 07:36:27,474] ERROR plantae_api HTTP 400 | BAD_REQUEST | View: PlantListCreateView | Path: /api/v1/plants/
[2026-05-16 07:36:32,368] ERROR plantae_api HTTP 400 | BAD_REQUEST | View: PlantListCreateView | Path: /api/v1/plants/
[2026-05-16 07:36:40,869] ERROR plantae_api HTTP 400 | BAD_REQUEST | View: PlantListCreateView | Path: /api/v1/plants/
[2026-05-16 07:36:41,297] ERROR plantae_api HTTP 400 | BAD_REQUEST | View: PlantListCreateView | Path: /api/v1/plants/
[2026-05-16 07:44:51,624] ERROR plantae_api HTTP 401 | UNAUTHORIZED | View: PlantListCreateView | Path: /api/v1/plants/
[2026-05-16 07:44:53,820] ERROR plantae_api HTTP 400 | BAD_REQUEST | View: register_view | Path: /api/v1/auth/register/
[2026-05-16 07:51:05,127] ERROR plantae_api HTTP 401 | UNAUTHORIZED | View: TokenVerifyView | Path: /api/token/verify/
[2026-05-16 08:03:59,299] ERROR plantae_api HTTP 401 | UNAUTHORIZED | View: TokenVerifyView | Path: /api/token/verify/
[2026-05-16 08:14:12,433] ERROR plantae_api HTTP 401 | UNAUTHORIZED | View: PlantListCreateView | Path: /api/v1/plants/
[2026-05-16 08:14:15,115] ERROR plantae_api HTTP 400 | BAD_REQUEST | View: register_view | Path: /api/v1/auth/register/
[2026-05-16 08:42:59,300] ERROR plantae_api HTTP 401 | UNAUTHORIZED | View: TokenVerifyView | Path: /api/token/verify/
[2026-05-16 18:18:17,582] ERROR plantae_api HTTP 401 | UNAUTHORIZED | View: login_view | Path: /api/auth/login/
[2026-05-16 18:18:45,722] ERROR plantae_api HTTP 401 | UNAUTHORIZED | View: PlantListCreateView | Path: /api/v1/plants/
[2026-05-16 18:19:05,902] ERROR plantae_api HTTP 401 | UNAUTHORIZED | View: PlantListCreateView | Path: /api/v1/plants/
[2026-05-16 18:21:48,206] ERROR plantae_api HTTP 401 | UNAUTHORIZED | View: login_view | Path: /api/auth/login/
[2026-05-16 18:21:48,639] ERROR plantae_api HTTP 401 | UNAUTHORIZED | View: login_view | Path: /api/auth/login/
[2026-05-16 18:21:48,780] ERROR plantae_api HTTP 401 | UNAUTHORIZED | View: login_view | Path: /api/auth/login/
[2026-05-16 18:21:48,915] ERROR plantae_api HTTP 401 | UNAUTHORIZED | View: login_view | Path: /api/auth/login/
[2026-05-16 18:21:49,052] ERROR plantae_api HTTP 401 | UNAUTHORIZED | View: login_view | Path: /api/auth/login/
[2026-05-16 18:21:49,478] ERROR plantae_api HTTP 401 | UNAUTHORIZED | View: login_view | Path: /api/auth/login/
[2026-05-16 18:22:11,854] ERROR plantae_api HTTP 401 | UNAUTHORIZED | View: PlantListCreateView | Path: /api/v1/plants/
[2026-05-16 18:22:13,098] ERROR plantae_api HTTP 401 | UNAUTHORIZED | View: PlantListCreateView | Path: /api/v1/plants/
[2026-05-16 18:22:19,123] ERROR plantae_api HTTP 401 | UNAUTHORIZED | View: PlantListCreateView | Path: /api/v1/plants/
[2026-05-16 18:22:19,584] ERROR plantae_api HTTP 401 | UNAUTHORIZED | View: PlantListCreateView | Path: /api/v1/plants/
[2026-05-16 18:22:59,327] ERROR plantae_api HTTP 401 | UNAUTHORIZED | View: PlantRetrieveUpdateDestroyView | Path: /api/v1/plants/114/
[2026-05-16 18:23:04,460] ERROR plantae_api HTTP 404 | NOT_FOUND | View: PlantRetrieveUpdateDestroyView | Path: /api/v1/plants/115/
[2026-05-16 18:23:04,965] ERROR plantae_api HTTP 404 | NOT_FOUND | View: PlantRetrieveUpdateDestroyView | Path: /api/v1/plants/115/
[2026-05-16 18:23:05,319] ERROR plantae_api HTTP 404 | NOT_FOUND | View: PlantRetrieveUpdateDestroyView | Path: /api/v1/plants/115/
[2026-05-16 18:23:08,539] ERROR plantae_api HTTP 405 | METHOD_NOT_ALLOWED | View: PlantListCreateView | Path: /api/v1/plants/
[2026-05-16 18:23:09,331] ERROR plantae_api HTTP 405 | METHOD_NOT_ALLOWED | View: PlantListCreateView | Path: /api/v1/plants/
[2026-05-16 18:23:09,686] ERROR plantae_api HTTP 405 | METHOD_NOT_ALLOWED | View: PlantListCreateView | Path: /api/v1/plants/
[2026-05-16 18:33:31,928] ERROR plantae_api HTTP 401 | UNAUTHORIZED | View: TokenVerifyView | Path: /api/token/verify/
[2026-05-16 19:10:24,905] ERROR plantae_api HTTP 401 | UNAUTHORIZED | View: PlantListCreateView | Path: /api/v1/plants/
[2026-05-16 19:10:37,353] ERROR plantae_api HTTP 401 | UNAUTHORIZED | View: PlantRetrieveUpdateDestroyView | Path: /api/v1/plants/34/
[2026-05-16 19:10:38,384] ERROR plantae_api HTTP 401 | UNAUTHORIZED | View: PlantRetrieveUpdateDestroyView | Path: /api/v1/plants/34/
[2026-05-16 19:14:39,711] ERROR plantae_api HTTP 401 | UNAUTHORIZED | View: PlantRetrieveUpdateDestroyView | Path: /api/v1/plants/34/
[2026-05-17 10:35:30,179] ERROR plantae_api HTTP 400 | BAD_REQUEST | View: PlantListCreateView | Path: /api/v1/plants/
[2026-05-17 11:00:42,523] ERROR plantae_api HTTP 401 | UNAUTHORIZED | View: TokenVerifyView | Path: /api/token/verify/
[2026-05-17 11:38:16,518] ERROR plantae_api HTTP 401 | UNAUTHORIZED | View: TokenVerifyView | Path: /api/token/verify/
[2026-05-17 12:04:04,165] ERROR plantae_api HTTP 401 | UNAUTHORIZED | View: TokenVerifyView | Path: /api/token/verify/
